cycle,pac,committee_id,member,cand_id,net_amount,n_txn,house_recipients_n,rank_desc_strict(1+#higher),n_house_at_or_above,house_median,house_p90,house_max,amount_cal2023_only
2022,GD PAC,C00078451,Courtney (D-CT-2),H2CT02112,10000.0,5,229,1,45,4000.0,10000.0,10000.0,
2022,GD PAC,C00078451,Gallagher (R-WI-8),H6WI08155,5500.0,5,229,85,86,4000.0,10000.0,10000.0,
2022,GD PAC,C00078451,Meeks (D-NY-5),H8NY06048,2500.0,1,229,147,151,4000.0,10000.0,10000.0,
2022,GD PAC,C00078451,Huizenga (R-MI-4),H0MI02094,4000.0,3,229,104,122,4000.0,10000.0,10000.0,
2022,GD PAC,C00078451,McCaul (R-TX-10),H4TX10093,4000.0,6,229,104,122,4000.0,10000.0,10000.0,
2022,GD PAC,C00078451,Rogers (R-AL-3),H2AL03032,10000.0,5,229,1,45,4000.0,10000.0,10000.0,
2022,GD PAC,C00078451,Smith (D-WA-9),H6WA09025,10000.0,3,229,1,45,4000.0,10000.0,10000.0,
2022,GD PAC,C00078451,Kelly (R-MS-1),H6MS01131,7000.0,4,229,63,72,4000.0,10000.0,10000.0,
2022,GD PAC,C00078451,Norcross (D-NJ-1),H4NJ01084,10000.0,5,229,1,45,4000.0,10000.0,10000.0,
2022,GD PAC,C00078451,Wittman (R-VA-1),H8VA01147,10000.0,6,229,1,45,4000.0,10000.0,10000.0,
2022,GD PAC,C00078451,Kilmer (D-WA-6),H2WA06129,10000.0,2,229,1,45,4000.0,10000.0,10000.0,
2022,HIIPAC,C00325092,Courtney (D-CT-2),H2CT02112,8500.0,6,104,11,11,3000.0,8500.0,12000.0,
2022,HIIPAC,C00325092,Gallagher (R-WI-8),H6WI08155,7500.0,4,104,14,17,3000.0,8500.0,12000.0,
2022,HIIPAC,C00325092,Meeks (D-NY-5),H8NY06048,0.0,0,104,,,3000.0,8500.0,12000.0,
2022,HIIPAC,C00325092,Huizenga (R-MI-4),H0MI02094,0.0,0,104,,,3000.0,8500.0,12000.0,
2022,HIIPAC,C00325092,McCaul (R-TX-10),H4TX10093,2000.0,2,104,63,80,3000.0,8500.0,12000.0,
2022,HIIPAC,C00325092,Rogers (R-AL-3),H2AL03032,9000.0,6,104,10,10,3000.0,8500.0,12000.0,
2022,HIIPAC,C00325092,Smith (D-WA-9),H6WA09025,7500.0,3,104,14,17,3000.0,8500.0,12000.0,
2022,HIIPAC,C00325092,Kelly (R-MS-1),H6MS01131,10000.0,8,104,2,9,3000.0,8500.0,12000.0,
2022,HIIPAC,C00325092,Norcross (D-NJ-1),H4NJ01084,4000.0,4,104,44,48,3000.0,8500.0,12000.0,
2022,HIIPAC,C00325092,Wittman (R-VA-1),H8VA01147,10000.0,7,104,2,9,3000.0,8500.0,12000.0,
2022,HIIPAC,C00325092,Kilmer (D-WA-6),H2WA06129,5500.0,7,104,23,26,3000.0,8500.0,12000.0,
2022,BWXT PAC,C00365502,Courtney (D-CT-2),H2CT02112,5000.0,2,63,17,22,3000.0,8500.0,10000.0,
2022,BWXT PAC,C00365502,Gallagher (R-WI-8),H6WI08155,1000.0,1,63,48,63,3000.0,8500.0,10000.0,
2022,BWXT PAC,C00365502,Meeks (D-NY-5),H8NY06048,0.0,0,63,,,3000.0,8500.0,10000.0,
2022,BWXT PAC,C00365502,Huizenga (R-MI-4),H0MI02094,0.0,0,63,,,3000.0,8500.0,10000.0,
2022,BWXT PAC,C00365502,McCaul (R-TX-10),H4TX10093,0.0,0,63,,,3000.0,8500.0,10000.0,
2022,BWXT PAC,C00365502,Rogers (R-AL-3),H2AL03032,10000.0,2,63,1,5,3000.0,8500.0,10000.0,
2022,BWXT PAC,C00365502,Smith (D-WA-9),H6WA09025,2500.0,2,63,34,37,3000.0,8500.0,10000.0,
2022,BWXT PAC,C00365502,Kelly (R-MS-1),H6MS01131,0.0,0,63,,,3000.0,8500.0,10000.0,
2022,BWXT PAC,C00365502,Norcross (D-NJ-1),H4NJ01084,5500.0,4,63,15,16,3000.0,8500.0,10000.0,
2022,BWXT PAC,C00365502,Wittman (R-VA-1),H8VA01147,10000.0,2,63,1,5,3000.0,8500.0,10000.0,
2022,BWXT PAC,C00365502,Kilmer (D-WA-6),H2WA06129,4000.0,4,63,26,27,3000.0,8500.0,10000.0,
2024,GD PAC,C00078451,Courtney (D-CT-2),H2CT02112,10000.0,5,239,1,50,4000.0,10000.0,10000.0,8000.0
2024,GD PAC,C00078451,Gallagher (R-WI-8),H6WI08155,0.0,0,239,,,4000.0,10000.0,10000.0,0.0
2024,GD PAC,C00078451,Meeks (D-NY-5),H8NY06048,6000.0,3,239,77,79,4000.0,10000.0,10000.0,6000.0
2024,GD PAC,C00078451,Huizenga (R-MI-4),H0MI02094,3000.0,2,239,137,147,4000.0,10000.0,10000.0,0.0
2024,GD PAC,C00078451,McCaul (R-TX-10),H4TX10093,7000.0,4,239,63,72,4000.0,10000.0,10000.0,1000.0
2024,GD PAC,C00078451,Rogers (R-AL-3),H2AL03032,10000.0,2,239,1,50,4000.0,10000.0,10000.0,5000.0
2024,GD PAC,C00078451,Smith (D-WA-9),H6WA09025,10000.0,3,239,1,50,4000.0,10000.0,10000.0,5000.0
2024,GD PAC,C00078451,Kelly (R-MS-1),H6MS01131,10000.0,7,239,1,50,4000.0,10000.0,10000.0,2000.0
2024,GD PAC,C00078451,Norcross (D-NJ-1),H4NJ01084,10000.0,7,239,1,50,4000.0,10000.0,10000.0,4500.0
2024,GD PAC,C00078451,Wittman (R-VA-1),H8VA01147,10000.0,2,239,1,50,4000.0,10000.0,10000.0,5000.0
2024,GD PAC,C00078451,Kilmer (D-WA-6),H2WA06129,1000.0,1,239,197,239,4000.0,10000.0,10000.0,1000.0
2024,HIIPAC,C00325092,Courtney (D-CT-2),H2CT02112,8500.0,7,105,18,19,4500.0,10000.0,10000.0,3500.0
2024,HIIPAC,C00325092,Gallagher (R-WI-8),H6WI08155,0.0,0,105,,,4500.0,10000.0,10000.0,0.0
2024,HIIPAC,C00325092,Meeks (D-NY-5),H8NY06048,2000.0,1,105,81,92,4500.0,10000.0,10000.0,0.0
2024,HIIPAC,C00325092,Huizenga (R-MI-4),H0MI02094,0.0,0,105,,,4500.0,10000.0,10000.0,0.0
2024,HIIPAC,C00325092,McCaul (R-TX-10),H4TX10093,5500.0,4,105,35,39,4500.0,10000.0,10000.0,2000.0
2024,HIIPAC,C00325092,Rogers (R-AL-3),H2AL03032,9000.0,4,105,13,17,4500.0,10000.0,10000.0,4000.0
2024,HIIPAC,C00325092,Smith (D-WA-9),H6WA09025,10000.0,2,105,1,12,4500.0,10000.0,10000.0,5000.0
2024,HIIPAC,C00325092,Kelly (R-MS-1),H6MS01131,9000.0,8,105,13,17,4500.0,10000.0,10000.0,5000.0
2024,HIIPAC,C00325092,Norcross (D-NJ-1),H4NJ01084,10000.0,3,105,1,12,4500.0,10000.0,10000.0,6000.0
2024,HIIPAC,C00325092,Wittman (R-VA-1),H8VA01147,10000.0,2,105,1,12,4500.0,10000.0,10000.0,5000.0
2024,HIIPAC,C00325092,Kilmer (D-WA-6),H2WA06129,500.0,2,105,105,105,4500.0,10000.0,10000.0,1500.0
2024,BWXT PAC,C00365502,Courtney (D-CT-2),H2CT02112,5000.0,2,54,14,19,3250.0,10000.0,10000.0,0.0
2024,BWXT PAC,C00365502,Gallagher (R-WI-8),H6WI08155,0.0,0,54,,,3250.0,10000.0,10000.0,0.0
2024,BWXT PAC,C00365502,Meeks (D-NY-5),H8NY06048,0.0,0,54,,,3250.0,10000.0,10000.0,0.0
2024,BWXT PAC,C00365502,Huizenga (R-MI-4),H0MI02094,0.0,0,54,,,3250.0,10000.0,10000.0,0.0
2024,BWXT PAC,C00365502,McCaul (R-TX-10),H4TX10093,0.0,0,54,,,3250.0,10000.0,10000.0,0.0
2024,BWXT PAC,C00365502,Rogers (R-AL-3),H2AL03032,7500.0,2,54,9,11,3250.0,10000.0,10000.0,5000.0
2024,BWXT PAC,C00365502,Smith (D-WA-9),H6WA09025,0.0,0,54,,,3250.0,10000.0,10000.0,0.0
2024,BWXT PAC,C00365502,Kelly (R-MS-1),H6MS01131,2000.0,2,54,33,42,3250.0,10000.0,10000.0,2000.0
2024,BWXT PAC,C00365502,Norcross (D-NJ-1),H4NJ01084,5000.0,4,54,14,19,3250.0,10000.0,10000.0,2000.0
2024,BWXT PAC,C00365502,Wittman (R-VA-1),H8VA01147,10000.0,2,54,1,7,3250.0,10000.0,10000.0,5000.0
2024,BWXT PAC,C00365502,Kilmer (D-WA-6),H2WA06129,2000.0,2,54,33,42,3250.0,10000.0,10000.0,2000.0
