Foreign Principal Termination Date,Foreign Principal,Foreign Principal Registration Date,Country/Location Represented,Registration Number,Registrant Date,Registrant Name,Address 1,Address 2,City,State,Zip
,Tourism Australia,08/12/2026,AUSTRALIA,6492,11/27/2017,"MMGY Global, LLC","Level 28, 180 George St.",,Sydney,,
,"Department of Industry, Tourism and Trade on behalf of Northern Territory",08/12/2026,AUSTRALIA,6492,11/27/2017,"MMGY Global, LLC",Level 8 Charles Darwin Centre  ,19 The Mall,Darwin,,
,Tourism and Events Queensland,08/12/2026,AUSTRALIA,6492,11/27/2017,"MMGY Global, LLC","Level 8, Green Square North, 515 Saint Pauls Terrace",,Fortitude Valley,,
,Intergenerational Environment Justice Fund Limited,06/22/2026,AUSTRALIA,7744,06/22/2026,Intergenerational Environment Justice Fund Limited,171-173 Mounts Bay Road,Western Australia,Perth,,
,"Commonwealth of Australia, Ministry of Foreign Affairs",11/24/2025,AUSTRALIA,6384,10/26/2016,"Hohlt Group Global, LLC","1600 Massachusetts Avenue, NW ",,Washington,DC,20036
01/12/2026,Global Victoria - Victorian Government Trade & Investment Office,11/19/2025,AUSTRALIA,7669,11/19/2025,Universal Strategies Limited,"1530 Wilson Blvd, Suite 650 ",,Arlington,VA,22209
,James Bear,04/16/2025,AUSTRALIA,7012,09/06/2021,"Wissler, John Eric",,,,,
,Intergenerational Environment Justice Fund Ltd,10/21/2024,AUSTRALIA,7480,10/21/2024,"Cotchett, Pitre & McCarthy, LLP",171-173 Mounts Bay Road ,"Perth, Western Australia 6000",,,
06/01/2025,Julian Assange,02/05/2024,AUSTRALIA,7370,02/05/2024,Harris St. Laurent & Wechsler LLP,His Majesty's Prison Belmarsh,,Western Way London,,
04/16/2024,Visit Victoria Limited,01/23/2024,AUSTRALIA,6549,04/30/2018,"Myriad International Marketing, LLC",,,,,
05/01/2024,Visit Canberra,01/23/2024,AUSTRALIA,6549,04/30/2018,"Myriad International Marketing, LLC",,,,,
07/30/2026,Gold Corporation,11/06/2023,AUSTRALIA,7157,08/12/2022,Bryan Cave Leighton Paisner LLP,"310 Hay Street East Perth, Western Australia",,,,
06/07/2023,Minderoo Foundation Limited,05/05/2023,AUSTRALIA,3634,11/15/1984,"Daniel J. Edelman, Inc.",171-173 Mounts Bay Road ,,"Perth, WA  ",,
03/31/2025,Jason G. Schoolmeester,04/25/2023,AUSTRALIA,7012,09/06/2021,"Wissler, John Eric",GPO Box 2520,Darwin,Northern Territory,,
,South Australian Tourism Commission,02/16/2023,AUSTRALIA,6492,11/27/2017,"MMGY Global, LLC",Level 9 250 Victoria Square Tarntanyangga,,Adelaide  5000,,
,Western Australia Tourism Commission,02/16/2023,AUSTRALIA,6492,11/27/2017,"MMGY Global, LLC",1 William Street ,,Perth ,,
01/12/2023,Abyssinian Metals Limited,01/12/2023,AUSTRALIA,7218,01/12/2023,"Marcus G. Faust, P.C.","162 Colin Street, Unit 14 ",,West Perth,,
12/29/2022,Western Australian Tourism Commission,12/28/2022,AUSTRALIA,7179,10/07/2022,"Wagstaff Worldwide Public Relations, Inc.",2 Mill Street,,Perth,WA,60000
12/29/2022,South  AustralianTourism Commission,12/28/2022,AUSTRALIA,7179,10/07/2022,"Wagstaff Worldwide Public Relations, Inc.","250 Victoria Square/Tamtanyangga, Level 9","Adelaide, SA",,,
09/30/2023,Gold Corporation,09/09/2022,AUSTRALIA,7166,09/09/2022,Davis Wright Tremaine LLP,310 Hay Street,"East Perth, Western Australia",,,
06/30/2025,Gold Corporation,09/09/2022,AUSTRALIA,7167,09/09/2022,Reevemark LLC,310 Hay Street,"East Perth, Western Australia",,,
,NSW Government,07/22/2022,AUSTRALIA,7145,07/22/2022,NSW Government US Office Inc.,"Level 9, 52 Martin Place ",,Sydney,,
10/31/2025,Tourism and Events Queensland,06/15/2022,AUSTRALIA,6549,04/30/2018,"Myriad International Marketing, LLC",,,,,
10/13/2021,Prime Minister of Australia,09/24/2021,AUSTRALIA,7018,09/24/2021,"Winter, Donald Charles","Department of Prime Minister & Cabinet, PO Box 6500","Canberra, ACT",,,
03/17/2023,Andrew Cowan,09/06/2021,AUSTRALIA,7012,09/06/2021,"Wissler, John Eric","Level 14 NT House, 22 Mitchell Street, Darwin NT 08 ",GPO Box 4396 Northern Territory,Darwin ,,
09/30/2023,Julian Assange,07/12/2021,AUSTRALIA,6978,07/12/2021,"Law Offices of Barry J. Pollack, LLC","HMP Belmarsh, Western Way",London SE28 0EB,,,
06/30/2024,Blueprint For Free Speech,01/10/2021,AUSTRALIA,6399,12/11/2016,"Sonoran Policy Group, LLC D/B/A Stryk Global Diplomacy

",P.O. Box 187,,Fitzroy Vic,,
01/31/2021,Minderoo Foundation Pty Ltd,10/02/2020,AUSTRALIA,3634,11/15/1984,"Daniel J. Edelman, Inc.",P.O. Box 3155 Broadway,"Nedlands, Western Australia",,,
10/31/2019,Minderoo Foundation Pty Ltd.,09/23/2019,AUSTRALIA,3634,11/15/1984,"Daniel J. Edelman, Inc.",80 Birdwood Parade,Dalkeith WA 6009  Australia,,,
06/30/2019,Tourism and Events Queensland,09/05/2019,AUSTRALIA,5483,03/06/2002,QORVIS LLC,"515 St Pauls Terrace, Fortitude Valley",QLD 4006,,,
06/30/2019,Minderoo Foundation,07/12/2019,AUSTRALIA,3634,11/15/1984,"Daniel J. Edelman, Inc.","80 Birdwood Parade, Dalkeith WA",6009,,,
07/31/2018,Visit Victoria,12/18/2018,AUSTRALIA,6549,04/30/2018,"Myriad International Marketing, LLC",,,,,
06/30/2019,Melbourne Convention & Visitors Bureau,04/30/2018,AUSTRALIA,6549,04/30/2018,"Myriad International Marketing, LLC","Collins Square Tower Two, Level 28, 727 Collins St","Melbourne, Victoria 3008",,,
10/31/2025,Tourism Northern Territory,04/30/2018,AUSTRALIA,6549,04/30/2018,"Myriad International Marketing, LLC","Level 1, Alice Plaza","Alice Springs, Northern Territory, 0870",,,
10/31/2025,Tourism Australia,04/30/2018,AUSTRALIA,6549,04/30/2018,"Myriad International Marketing, LLC",2029 Century Park E Ste 3150,,Los Angeles,CA,90067
01/31/2019,Embassy of Australia,02/15/2018,AUSTRALIA,6526,02/15/2018,"Hamilton Place Strategies, LLC","1601 Massachusetts Avenue, NW",,Washington,DC,20036
10/17/2017,"Government of Victoria, Australia",01/18/2018,AUSTRALIA,6508,01/18/2018,Crossroads Strategies LLC,1 Spring Street,Melbourne VIC 3000,,,
01/31/2015,Australian Wool Innovation Limited,08/20/2014,AUSTRALIA,6244,08/20/2014,"Sandler, Travis & Rosenberg, P.A.","Level 30, 580 George Street, Sydney NSW 2000",,,,
02/28/2014,Tourism & Events Queensland,10/31/2013,AUSTRALIA,4777,03/12/1993,Development Counsellors International,"Level 10, 30 Markerston Street",Brisbane,Queensland 4000,,
08/30/2015,Defence SA/Government of South Australia thru Fletcher Rowley,07/10/2013,AUSTRALIA,6174,07/10/2013,Paramount Strategies,"Level 4, 151 Pirie Street",Adelaide SA 5000,,,
07/31/2015,Defence SA/Government of South Australia,07/09/2013,AUSTRALIA,6173,07/09/2013,"Fletcher Rowley, Inc.","Level 4, 151 Pirie Street",Adelaide SA 5000,,,
01/01/2016,Tourism Australia,09/05/2012,AUSTRALIA,5758,05/09/2006,Ketchum Inc. NY,"6100 Center Drive, Suite 1150",,Los Angeles,CA,90045
06/01/2011,Australian Aerospace Composites Ltd.,06/29/2011,AUSTRALIA,5962,11/13/2009,"Jackson Kelly, PLLC",50 Schneider Rd,"Trade Coast Central, Eagle Farm QLD 4009",,,
06/30/2008,Tourism Victoria,06/30/2008,AUSTRALIA,5872,06/30/2008,"Spring O'Brien & Company, Inc.",6100 Center Drive,,Los Angeles,CA,90045
09/30/2007,"Commonwealth of Australia, Embassy",07/06/2007,AUSTRALIA,5819,07/06/2007,"Bockorny Group, Inc.","1601 Massachusetts Avenue, NW",,Washington,DC,20036
05/31/2006,"Commonwealth of Australia, Embassy",05/07/2004,AUSTRALIA,5621,05/07/2004,"Covington & Burling, LLP","1601 Massachusetts Avenue, N.W. 20036",,,,
06/30/2005,"Government of Australia, Embassy",01/30/2004,AUSTRALIA,5534,12/18/2002,"Weil, Gotshal & Manges LLP","1601 Massachusetts Avenue, N.W.  20036",,,DC,
01/31/2005,"Commonwealth of Australia, Embassy",01/09/2003,AUSTRALIA,5555,01/09/2003,"Bockorny, Petrizzo, Inc.","1601 Massachusetts Avenue,  20036",,,DC,
07/31/2004,"Commonwealth of Australia, Embassy",01/02/2003,AUSTRALIA,5535,01/02/2003,"Mayer, Brown, Rowe & Maw","1601 Massachusetts Avenue, N.W.",,,DC,
06/30/2002,South Australia,04/29/2002,AUSTRALIA,4777,03/12/1993,Development Counsellors International,Regus Tysons Corner 4th Floor 1750 Tysons Boulevard  McLean  22102,,,VA,
06/30/2016,Tourism Tasmania,12/07/2001,AUSTRALIA,4777,03/12/1993,Development Counsellors International,GPO Box 825 H Hobart 700,,,,
03/31/2002,Australian Dairy Corporation,10/05/2000,AUSTRALIA,5390,10/05/2000,"Fazzone, Patrick Brock","Level 5, IBM Tower, 60 City Road Southbank, Victoria 3006",,,,
02/28/2000,Government of Western Australia,11/18/1999,AUSTRALIA,4777,03/12/1993,Development Counsellors International,Box 7234,,,,
02/29/2000,State Government of Tasmania,10/29/1999,AUSTRALIA,5337,10/15/1999,"Lipstein, Jaffe & Lawson, L.L.P.","Ulverston, Tasmania",,,,
02/29/2000,Australian Dairy Corporation,10/29/1999,AUSTRALIA,5337,10/15/1999,"Lipstein, Jaffe & Lawson, L.L.P.","Southbank, Victoria",,,,
12/31/1997,Meat Industry Council,06/05/1997,AUSTRALIA,5184,06/05/1997,"Nichols - Dezenhall Communications Management Group, Ltd.",Sydney,,,,
07/29/1997,Meat Industry Council,04/21/1997,AUSTRALIA,5176,04/21/1997,"Gast, Luverne L.",Sydney,,,,
04/30/1998,Meat Industry Council,04/21/1997,AUSTRALIA,5175,04/21/1997,"Olsson, Frank & Weeda, P.C.",Sydney,,,,
11/30/1996,"Broken Hill Proprietary Company, Ltd.",03/18/1996,AUSTRALIA,4259,05/25/1989,"Cassidy & Associates, Inc.",Washington,,,DC,
12/31/1998,Australia-U.S. Business Council,01/24/1996,AUSTRALIA,3694,06/24/1985,"Collier Shannon Scott, PLLC",Washington,,,DC,
09/30/1997,Australian Oat Exporters' Group,07/24/1995,AUSTRALIA,3694,06/24/1985,"Collier Shannon Scott, PLLC",Perth,,,,
09/08/1999,"Pacific Dunlop, Ltd./Pacific Brands",06/29/1995,AUSTRALIA,3988,05/28/1987,Crowell Global Advisors,Melbourne,,,,
12/31/1997,Australian Tourist Commission,06/23/1995,AUSTRALIA,3682,05/23/1985,"Lou Hammond & Associates, Inc.",Los Angeles,,,CA,
12/23/2003,Australian Dairy Industry,12/21/1994,AUSTRALIA,3694,06/24/1985,"Collier Shannon Scott, PLLC",Victoria,,,,
05/12/1995,Government of Australia,09/29/1994,AUSTRALIA,3657,03/12/1985,"Daniel J. Edelman, Inc.",Canberra,,,,
04/30/2000,Queensland Travel & Tourist Corporation,03/08/1994,AUSTRALIA,3752,10/30/1985,"Fontayne Group, Inc.",Los Angeles,,,CA,
06/01/1994,Australian Trade Commission (Austrade),10/19/1993,AUSTRALIA,4862,10/19/1993,"Eisbrenner Public Relations, Inc.",San Francisco,,,CA,
06/30/1995,Australian Meat & Livestock Corporation,06/18/1993,AUSTRALIA,4819,06/18/1993,Brouillard Communications,New York,,,NY,
03/21/1994,Australian Nuclear Science & Technology Organization (ANSTO),10/19/1992,AUSTRALIA,2580,02/21/1975,"Shaw, Pittman, Potts & Trowbridge",New South Wales,,,,
05/03/1993,"Glaxo Australia Party, Ltd.",09/28/1992,AUSTRALIA,4711,09/28/1992,"Wilson, Scott A.",Victoria,,,,
02/14/1994,Alliance for British Australian Tax Equity (ABATE),07/17/1992,AUSTRALIA,3694,06/24/1985,"Collier Shannon Scott, PLLC",Washington,,,DC,
06/07/1994,"CSR, Ltd., Sugar Division",04/28/1992,AUSTRALIA,3694,06/24/1985,"Collier Shannon Scott, PLLC",Sydney,,,,
07/13/1993,"Pasminco, Inc.",04/03/1992,AUSTRALIA,3320,01/05/1982,"Washington International Group, Inc.",Irvine,,,CA,
12/07/1992,"Glaxo Australia Party, Ltd. (Glaxo"")""",03/19/1992,AUSTRALIA,4362,04/11/1990,Hopkins & Sutter,Victoria,,,,
04/25/1996,Australian Meat & Livestock Corporation,02/26/1992,AUSTRALIA,4624,02/26/1992,Howrey & Simon,Sydney,,,,
04/28/1992,"Pasminco, Inc.",09/03/1991,AUSTRALIA,4561,09/03/1991,"APCO Worldwide, Inc.",Irvine,,,CA,
11/01/1991,Embassy of Australia,03/29/1991,AUSTRALIA,2836,10/12/1977,North American Precis Syndicate,Washington,,,DC,
02/14/1996,"CSR, Ltd.",03/13/1991,AUSTRALIA,3869,08/13/1986,Winston & Strawn,North Sydney,,,,
09/02/1993,Australian Barley Board,02/28/1991,AUSTRALIA,4477,02/28/1991,Creative Response Concepts,Adelaide,,,,
,New South Wales Tourism Commission (Government of New South Wales),12/18/1990,AUSTRALIA,4450,12/18/1990,Destination New South Wales,Sydney,,,,
07/01/1991,Alliance for British Australian Tax Equity (ABATE),09/06/1990,AUSTRALIA,3694,06/24/1985,"Collier Shannon Scott, PLLC",Washington,,,DC,
11/05/1990,Embassy of Australia,08/13/1990,AUSTRALIA,2836,10/12/1977,North American Precis Syndicate,Washington,,,DC,
10/01/1997,Australian Wheat Board,04/20/1990,AUSTRALIA,3694,06/24/1985,"Collier Shannon Scott, PLLC",Victoria,,,,
06/08/1991,Poppy Advisory & Control Board,12/06/1989,AUSTRALIA,3989,06/08/1987,"Washington Resources & Strategy, Inc.","Hobart, Tasmania",,,,
06/30/1995,"Brambles U.S.A., Inc.",09/08/1989,AUSTRALIA,3076,12/13/1979,"Mayer, Brown & Platt",Chicago,,,IL,
05/24/1991,"Department of Industry, Technology & Resources State of Victoria",08/14/1989,AUSTRALIA,2469,10/23/1973,Burson-Marsteller,Melbourne,,,,
08/31/1991,"Pasminco, Inc. (EZ America, Ltd.)",05/24/1989,AUSTRALIA,3597,06/20/1984,APCO Associates,Irvine,,,CA,
06/01/1992,"Glaxo Australia Party, Ltd.",04/19/1989,AUSTRALIA,4242,04/19/1989,"Maupin Taylor Ellis & Adams, P.C.",Victoria,,,,
02/22/1989,Australian Embassy,02/22/1989,AUSTRALIA,4220,02/22/1989,"Aviso, Inc.",Washington,,,DC,
01/31/1995,Australian Tourist Commission,02/22/1989,AUSTRALIA,4220,02/22/1989,"Aviso, Inc.",Los Angeles,,,CA,
06/30/1992,Australian Trade Commission,01/24/1989,AUSTRALIA,4209,01/24/1989,"Marston Webb & Associates, Inc.",New York,,,NY,
03/31/1989,MLC Funds Management,11/16/1988,AUSTRALIA,3810,04/10/1986,"Hill, Holliday, Connors, Cosmopulos, Inc.",Sydney,,,,
07/01/1991,"Government of Australia, Business Migration Program",07/08/1988,AUSTRALIA,4156,07/08/1988,Gregory Company,"Embassy, Washington",,,DC,
07/25/1988,Australian Department of Immigration,07/07/1988,AUSTRALIA,3463,04/26/1983,"Ernest Beyl Public Relations, Inc.",Washington,,,DC,
04/12/1994,"Broken Hill Proprietary Company, Ltd.",06/30/1988,AUSTRALIA,3346,03/12/1982,O'Melveny & Myers,Melbourne,,,,
05/01/2014,Tourism Queensland,05/31/1988,AUSTRALIA,4146,05/31/1988,Tourism Queensland,Queensland,,,,
07/19/1994,Western Australian Tourism Commission,04/04/1988,AUSTRALIA,4113,04/04/1988,"Australian-American Public Relations, Inc.",Los Angeles,,,CA,
07/19/1994,Victorian Tourism Commission,04/04/1988,AUSTRALIA,4113,04/04/1988,"Australian-American Public Relations, Inc.",Los Angeles,,,CA,
07/19/1994,Queensland Government Representative Office,04/04/1988,AUSTRALIA,4113,04/04/1988,"Australian-American Public Relations, Inc.",Los Angeles,,,CA,
07/19/1994,Australian Trade Commission (Austrade),04/04/1988,AUSTRALIA,4113,04/04/1988,"Australian-American Public Relations, Inc.",Los Angeles,,,CA,
12/31/1990,Michels Warren Public Relations,01/21/1988,AUSTRALIA,3997,06/19/1987,"Keene, Shirley & Associates, Inc.",Adelaide,,,,
05/31/1988,"CSR, Ltd.",01/21/1988,AUSTRALIA,3997,06/19/1987,"Keene, Shirley & Associates, Inc.",Sydney,,,,
12/31/1990,Australian Barley Board,01/21/1988,AUSTRALIA,3997,06/19/1987,"Keene, Shirley & Associates, Inc.",Adelaide,,,,
04/30/1989,Energy Resources of Australia,11/30/1987,AUSTRALIA,3431,12/22/1982,"Counselors for Management, Inc.",Sydney,,,,
12/31/1991,"Qantas Airways, Ltd.",11/19/1987,AUSTRALIA,4060,11/19/1987,"Cliff Madison Government Relations, Inc.",Sydney,,,,
10/31/1988,Westpac Banking Corporation,11/05/1987,AUSTRALIA,3527,10/05/1983,Debevoise & Plimpton,Sidney,,,,
03/31/1991,Australian Wheat Board,10/14/1987,AUSTRALIA,4050,10/14/1987,"Vickers, Eugene B.","Melbourne, Victoria",,,,
05/31/1988,Embassy of Australia,09/18/1987,AUSTRALIA,3597,06/20/1984,APCO Associates,Washington,,,DC,
12/31/1988,"Government of Australia, Overseas Information Service",08/03/1987,AUSTRALIA,4020,08/03/1987,"CHACMA, Inc.",New York,,,NY,
01/31/1989,National Farmers' Federation of Australia,06/19/1987,AUSTRALIA,3997,06/19/1987,"Keene, Shirley & Associates, Inc.",Canberra,,,,
03/11/1993,Australian Tourist Commission,05/26/1987,AUSTRALIA,2478,11/23/1973,"Keating Group, Inc.",,,,NY,
12/31/1991,Overseas Telecommunications Commission,04/15/1987,AUSTRALIA,3959,04/15/1987,"Padilla, Speer, Burdick & Beardsley, Inc.",Sydney,,,,
08/07/1990,Queensland State Government (Australia),02/10/1987,AUSTRALIA,3936,02/10/1987,Queensland Government Representative Office,Queensland,,,,
06/30/1988,Victorian Tourist Commission,02/10/1987,AUSTRALIA,3411,09/27/1982,"N.W. Ayer & Son, Inc.",Los Angeles,,,CA,
04/30/1988,Australian Department of Trade,08/11/1986,AUSTRALIA,3463,04/26/1983,"Ernest Beyl Public Relations, Inc.",,,,,
12/22/1987,Embassy of Australia,05/23/1986,AUSTRALIA,3835,05/23/1986,New TransCentury Foundation,,,,,
08/31/1990,Commonwealth of Australia,10/02/1985,AUSTRALIA,3743,10/02/1985,Coudert Brothers,Barton,,,,
11/15/1987,Australian Tourist Commission,03/05/1985,AUSTRALIA,1421,01/30/1961,"Development Counsellors International, Ltd.",,,,CA,
05/30/1985,"News Corporation, Ltd.",06/14/1984,AUSTRALIA,3600,06/14/1984,"Black, Kelly, Scruggs & Healey",Sidney,,,,
09/12/1984,"CRA, Ltd.",03/12/1984,AUSTRALIA,3346,03/12/1982,O'Melveny & Myers,Melbourne,,,,
05/31/1987,Australian Trade Commission,10/28/1983,AUSTRALIA,3411,09/27/1982,"N.W. Ayer & Son, Inc.",Melborne,,,,
03/18/1985,"Sitmar Cruises, Inc.",05/18/1983,AUSTRALIA,2661,02/18/1976,"Arent Fox Kintner Plotkin & Kahn, PLLC",,,,,
05/30/1986,"South Australian Government, Department of Trade & Industry",02/15/1983,AUSTRALIA,2639,12/10/1975,"Graydon Associates, Inc.",Adelaide South,,,,
09/01/1983,"Energy Resources of Australia, Ltd.",12/23/1982,AUSTRALIA,3047,08/09/1979,Foster Garvey PC,,,,,
01/21/1983,"Energy Resources of Australia, Ltd.",12/22/1982,AUSTRALIA,3431,12/22/1982,"Counselors for Management, Inc.",Sydney,,,,
06/30/1988,Tourism Australia,09/27/1982,AUSTRALIA,3411,09/27/1982,"N.W. Ayer & Son, Inc.",,,,,
06/28/1982,Kevin Weldon & Associates,06/28/1982,AUSTRALIA,3244,05/28/1981,"Arrive Unlimited, Inc.",,,,,
05/30/1984,Senator Kathy Martin,12/17/1981,AUSTRALIA,3316,12/17/1981,"Sullivan, Robert J.",,,,,
11/01/1981,"Conzinc Riotinto of Australia, Ltd.",09/10/1981,AUSTRALIA,2844,11/08/1977,"Fraser Associates, Inc.","Melbourne, Victoria",,,,
07/08/1993,Victorian Government of Australia,08/06/1981,AUSTRALIA,3266,08/06/1981,"Victorian Government Business Office, Los Angeles",Victoria,,,,
06/29/1987,Qantas Airlines,07/30/1981,AUSTRALIA,1803,10/19/1964,"Modern Education Services, Inc.",,,,,
07/18/1986,Commonwealth of Australia,06/24/1981,AUSTRALIA,3252,06/24/1981,Ford & Vlahos,,,,,
07/03/1984,Government of Australia,05/19/1981,AUSTRALIA,3241,05/10/1981,"Wald, Harkrader & Ross",,,,,
05/08/1981,MacRobertson Miller Airline Services,05/08/1981,AUSTRALIA,1814,11/06/1964,"Association Films, Inc.",Perth,,,,
09/27/1983,Reserve Bank of Australia,05/04/1981,AUSTRALIA,3236,05/04/1981,"Finnegan, Henderson, Farabow, Garrett & Dunner",Melbourne,,,,
02/09/1987,"Australian Information Service, Embassy of Australia",03/24/1981,AUSTRALIA,1803,10/19/1964,"Modern Education Services, Inc.",,,,,
05/01/1982,"Australian Information Service, Australian Embassy",03/05/1981,AUSTRALIA,2740,12/17/1976,"Hill & Knowlton, Inc.",Washington,,,DC,
07/15/1981,Embassy of Australia,01/22/1981,AUSTRALIA,1481,09/27/1961,"Ruder Finn, Inc.",,,,,
07/09/1982,Australian Tourist Commission,05/21/1980,AUSTRALIA,2836,10/12/1977,North American Precis Syndicate,,,,NY,
09/01/1990,"CSR, Ltd.",04/23/1980,AUSTRALIA,3050,08/17/1979,"Bishop, Cook, Purcell & Reynolds",,,,,
12/31/1986,"Patson Party, Ltd.",04/23/1980,AUSTRALIA,3050,08/17/1979,"Bishop, Cook, Purcell & Reynolds",,,,,
09/12/1986,New Era Bookshops,10/19/1979,AUSTRALIA,2459,09/12/1973,"Imported Publications, Inc.",Sidney,,,,
11/28/1980,"Associated Minerals Consolidated, Ltd.",11/30/1978,AUSTRALIA,2981,11/30/1978,"Jones, Day, Reavis & Pogue",Sydney,,,,
05/02/1985,Australian Tourist Commission,11/09/1978,AUSTRALIA,2977,11/09/1978,"Taylor & Hammond, Ltd.",,,,NY,
07/31/1978,"Amalgamated Wireless Australasia, Ltd.",06/20/1978,AUSTRALIA,2918,06/20/1978,"Marty, Ernest C. & Judith L.",Sydney,,,,
10/22/1979,Government of the State of Western Australia,04/21/1978,AUSTRALIA,2890,04/21/1978,"Foulon, Robert Cartwright",,,,,
12/02/1980,"Patson Party, Ltd.",04/17/1978,AUSTRALIA,2458,09/10/1973,"Doub & Muntzing, Charterd",Sydney,,,,
08/31/1981,Queensland Government Tourist Bureau,06/26/1977,AUSTRALIA,1814,11/06/1964,"Association Films, Inc.",Brisbane,,,,
01/01/1984,Australian Wool Corporation,02/10/1977,AUSTRALIA,2751,02/10/1977,"Barnes, Richardson & Colburn",Victoria,,,,
12/31/1979,Australian Wool Corporation,01/25/1977,AUSTRALIA,2748,01/25/1977,"E.A. Jaenke & Associates, Inc.",,,,,
03/11/1993,Australian Consulate General,10/22/1976,AUSTRALIA,2478,11/23/1973,"Keating Group, Inc.",New York,,,NY,
11/30/1991,Australian Meat Board,11/19/1975,AUSTRALIA,2564,03/26/1975,Clifford & Warnke,Sidney,,,,
06/30/1998,Australian Meat & Livestock Corporation,09/29/1975,AUSTRALIA,2611,09/29/1975,Australian Meat & Livestock Corporation,Sydney,,,,
08/07/1975,Australian Canned Fruits Board,08/07/1975,AUSTRALIA,2599,08/07/1975,"Searby, Michael Henry",Melbourne,,,,
12/31/1979,Australian Dairy Corporation,08/05/1975,AUSTRALIA,2502,03/08/1974,Williams & King,,,,,
08/04/1975,Australian Dairy Corporation,08/04/1975,AUSTRALIA,2597,08/04/1975,"Moore, Robert E.",Melbourne,,,,
09/01/1979,Australian Canned Fruits Board,07/23/1975,AUSTRALIA,2502,03/08/1974,Williams & King,,,,,
06/30/1978,Australian Meat Board (Australian Meat & Live-stock Corporation),04/07/1975,AUSTRALIA,2573,04/07/1975,"Len Warner, Inc.",Sydney,,,,
08/31/1981,"Qantas Airways, Ltd.",01/14/1975,AUSTRALIA,1814,11/06/1964,"Association Films, Inc.",San Francisco,,,CA,
09/03/1976,Queensland Department of Commercial & Industrial Development,11/12/1974,AUSTRALIA,1803,10/19/1964,"Modern Education Services, Inc.",,,,,
12/18/1979,"National Bank of Australia, Ltd.",08/27/1974,AUSTRALIA,2532,08/27/1974,"Shaw, Ian William",Melbourne,,,,
06/30/1982,Victoria Promotion Committee,05/20/1974,AUSTRALIA,1661,10/11/1963,"Sydney Morrell & Company, Inc.",,,,,
12/02/1985,Australian Tourist Commission,05/01/1974,AUSTRALIA,1803,10/19/1964,"Modern Education Services, Inc.",,,,,
06/20/1981,"T.R. Landrigan - Downward's Transport Industries, Inc.",09/14/1973,AUSTRALIA,2030,06/20/1967,"Steele, Donald Dickinson",Melbourne,,,,
10/01/1979,"CSR, Ltd.",09/10/1973,AUSTRALIA,2458,09/10/1973,"Doub & Muntzing, Charterd",Sydney,,,,
07/05/1978,Government Aircraft Factories,01/05/1972,AUSTRALIA,2302,01/05/1972,Sales Northwest of Australia,Victoria,,,,
08/31/1977,Australian Tourist Commission,01/03/1972,AUSTRALIA,1746,06/02/1964,"McCann-Erickson, Inc.",New York,,,NY,
02/27/1974,Australian Tourist Commission,12/14/1971,AUSTRALIA,2295,12/14/1971,"Australian Tourist Commission, Chicago","Melbourne, Victoria",,,,
07/01/1982,Australian Tourist Commission,09/22/1971,AUSTRALIA,2279,09/22/1971,"Australian Tourist Commission, New York",,,,,
07/07/1971,Australian Meat Board,07/28/1970,AUSTRALIA,2202,07/28/1970,Australian Meat Board/Off. of the N. American Representative,Sydney,,,,
11/27/1971,Australian Meat Board,01/22/1970,AUSTRALIA,2185,01/22/1970,"Linkletter, Jack",Sydney,,,,
12/31/1969,Government of the State of Western Australia,01/10/1969,AUSTRALIA,969,08/02/1956,Development & Resources Corporation,Perth,,,,
06/20/1981,IPR-Melbourne,01/06/1968,AUSTRALIA,2030,06/20/1967,"Steele, Donald Dickinson",Melbourne,,,,
04/30/1982,Australian News & Information Bureau,10/16/1967,AUSTRALIA,2056,10/16/1967,Schoenfeld Film Distribution Corporation,,,,,
06/20/1981,"International Public Relations Party, Ltd., Melbourne, Australia",07/18/1967,AUSTRALIA,2030,06/20/1967,"Steele, Donald Dickinson",Melbourne,,,,
01/12/1968,"Santos, Ltd.",01/12/1967,AUSTRALIA,2000,01/12/1967,"Rittersporn Jr., Bernard A.",Adelaide,,,,
11/01/1965,"Morenco Film Corporation Party, Ltd.",10/06/1964,AUSTRALIA,1799,10/06/1964,"Bretz, Rudy",Victoria,,,,
02/08/1983,"Qantas Empire Airways, Ltd.",09/10/1964,AUSTRALIA,1051,07/09/1957,"Galland, Kharasch, Calkins & Short, P.C.",Sidney,,,,
09/29/1967,Australian Meat Board,03/19/1962,AUSTRALIA,1528,03/19/1962,"Martin, Edwin G.",Sydney,,,,
08/31/1973,"Colonial Sugar Refining Company, Ltd.",08/03/1961,AUSTRALIA,1470,08/03/1961,"Brown, Charles H.",Sydney,,,,
08/22/1994,"Colonial Sugar Refining Company, Ltd.",07/31/1961,AUSTRALIA,508,01/19/1948,"Cleary, Gottlieb, Steen & Hamilton, LLP",Sydney,,,,
02/20/1991,State of New South Wales Australia,01/30/1961,AUSTRALIA,1421,01/30/1961,"Development Counsellors International, Ltd.",,,,NY,
09/01/1960,Australian Meat Board,03/07/1960,AUSTRALIA,1337,03/07/1960,"Martin, Edwin G.",Sydney,,,,
12/31/1989,Government of New South Wales,09/25/1959,AUSTRALIA,1276,09/25/1959,New South Wales Government Office,,,,,
09/15/1962,Commonwealth Bank of Australia,09/15/1959,AUSTRALIA,1270,09/15/1959,"EMB, Ltd.",Sydney,,,,
,Australian National Travel Association,06/03/1957,AUSTRALIA,1032,06/03/1957,Tourism Australia,Melbourne,,,,
02/01/1979,Australian Information Service,12/31/1946,AUSTRALIA,418,12/31/1946,Australian Information Service,Canberra,,,,
06/30/2003,Australian Broadcasting Corporation,11/19/1946,AUSTRALIA,394,11/19/1946,Australian Broadcasting Corporation,Sydney,,,,
02/27/1945,"Australian Government, Department of Information",02/27/1945,AUSTRALIA,294,02/27/1945,"Boyer, Richard James Fildes",,,,,
11/05/1942,Australian Legation,11/05/1942,AUSTRALIA,153,11/05/1942,"Minor, Gatley & Drury",Washington,,,DC,
12/31/1942,"Broadcast Exchange of Australia Party, Ltd.",07/27/1942,AUSTRALIA,64,07/27/1942,"Brown, Howard C.",Melbourne,,,,
12/11/1950,"Gotham (Australasia) Party, Ltd.",07/08/1942,AUSTRALIA,17,07/08/1942,Gotham Advertising Company,Sydney,,,,
07/03/1943,"Associated Distributors Party, Ltd.",07/03/1942,AUSTRALIA,4,07/03/1942,"Auten, Harold",Sydney,,,,
07/03/1943,"British Empire Films Party, Ltd., Australia",07/03/1942,AUSTRALIA,4,07/03/1942,"Auten, Harold",Sydney,,,,
07/03/1943,"Cinesound Productions Party, Ltd.",07/03/1942,AUSTRALIA,4,07/03/1942,"Auten, Harold",,,,,
07/03/1943,"Greater Union Theatres Party, Ltd.",07/03/1942,AUSTRALIA,4,07/03/1942,"Auten, Harold",,,,,
