id,sponsor,submitted,proposed,status,purpose,summary_ko,effect,parent,url,record_page
SA5488,"Sen. Warner, Mark R. [D-VA]",2022-08-07,2022-08-07,agreed,"To strike the extension of the limitation on State and local taxes and extend the limitation on excess business losses of noncorporate taxpayers, and for other purposes.",SALT 공제 한도 연장을 취소하고 비법인 초과사업손실 제한을 연장,SA5472의 SALT 한도 연장을 취소하고 비법인 초과사업손실 제한을 2029년 전까지 연장하는 조문을 대체안에 반영했다.,SA5194,https://www.congress.gov/amendment/117th-congress/senate-amendment/5488,349
SA5487,"Sen. Graham, Lindsey [R-SC]",2022-08-07,2022-08-07,rejected,Of a perfecting nature.,석유·가스 임대 및 에너지 관련 조항 대체,해당 수정안은 부결되어 이 처리 경로로 반영되지 않았다.,SA5194,https://www.congress.gov/amendment/117th-congress/senate-amendment/5487,347
SA5486,"Sen. Merkley, Jeff [D-OR]",2022-08-07,,not_proposed,,미상정 제출안 · 원문 확인,제출됐으나 본회의 제안·채택 이력이 없다. 이를 부결로 세지 않는다. 비공식 흡수 여부는 이 이력만으로 판단할 수 없다.,SA5194,https://www.congress.gov/amendment/117th-congress/senate-amendment/5486,347
SA5485,"Sen. Hagerty, Bill [R-TN]",2022-08-07,,not_proposed,,미상정 제출안 · 원문 확인,제출됐으나 본회의 제안·채택 이력이 없다. 이를 부결로 세지 않는다. 비공식 흡수 여부는 이 이력만으로 판단할 수 없다.,SA5194,https://www.congress.gov/amendment/117th-congress/senate-amendment/5485,347
SA5484,"Sen. Grassley, Chuck [R-IA]",2022-08-07,,not_proposed,,미상정 제출안 · 원문 확인,제출됐으나 본회의 제안·채택 이력이 없다. 이를 부결로 세지 않는다. 비공식 흡수 여부는 이 이력만으로 판단할 수 없다.,SA5194,https://www.congress.gov/amendment/117th-congress/senate-amendment/5484,326
SA5483,"Sen. Grassley, Chuck [R-IA]",2022-08-07,,not_proposed,,미상정 제출안 · 원문 확인,제출됐으나 본회의 제안·채택 이력이 없다. 이를 부결로 세지 않는다. 비공식 흡수 여부는 이 이력만으로 판단할 수 없다.,SA5194,https://www.congress.gov/amendment/117th-congress/senate-amendment/5483,311
SA5482,"Sen. Grassley, Chuck [R-IA]",2022-08-07,,not_proposed,,미상정 제출안 · 원문 확인,제출됐으나 본회의 제안·채택 이력이 없다. 이를 부결로 세지 않는다. 비공식 흡수 여부는 이 이력만으로 판단할 수 없다.,SA5194,https://www.congress.gov/amendment/117th-congress/senate-amendment/5482,311
SA5481,"Sen. Barrasso, John [R-WY]",2022-08-07,,not_proposed,,미상정 제출안 · 원문 확인,제출됐으나 본회의 제안·채택 이력이 없다. 이를 부결로 세지 않는다. 비공식 흡수 여부는 이 이력만으로 판단할 수 없다.,SA5194,https://www.congress.gov/amendment/117th-congress/senate-amendment/5481,310
SA5480,"Sen. Tester, Jon [D-MT]",2022-08-07,2022-08-07,out_of_order,To establish a procedure for terminating a determination by Surgeon General to suspend certain entries and imports from designated places.,Title 42에 따른 입국 제한 종료 절차 신설,예산규율 면제 동의가 필요한 표를 얻지 못해 의사진행상 배제됐다.,SA5194,https://www.congress.gov/amendment/117th-congress/senate-amendment/5480,310
SA5479,"Sen. Crapo, Mike [R-ID]",2022-08-07,,not_proposed,,미상정 제출안 · 원문 확인,제출됐으나 본회의 제안·채택 이력이 없다. 이를 부결로 세지 않는다. 비공식 흡수 여부는 이 이력만으로 판단할 수 없다.,SA5194,https://www.congress.gov/amendment/117th-congress/senate-amendment/5479,300
SA5478,"Sen. Young, Todd [R-IN]",2022-08-07,,not_proposed,,미상정 제출안 · 원문 확인,제출됐으나 본회의 제안·채택 이력이 없다. 이를 부결로 세지 않는다. 비공식 흡수 여부는 이 이력만으로 판단할 수 없다.,SA5194,https://www.congress.gov/amendment/117th-congress/senate-amendment/5478,300
SA5477,"Sen. Young, Todd [R-IN]",2022-08-07,,not_proposed,,미상정 제출안 · 원문 확인,제출됐으나 본회의 제안·채택 이력이 없다. 이를 부결로 세지 않는다. 비공식 흡수 여부는 이 이력만으로 판단할 수 없다.,SA5194,https://www.congress.gov/amendment/117th-congress/senate-amendment/5477,300
SA5476,"Sen. Young, Todd [R-IN]",2022-08-07,,not_proposed,,미상정 제출안 · 원문 확인,제출됐으나 본회의 제안·채택 이력이 없다. 이를 부결로 세지 않는다. 비공식 흡수 여부는 이 이력만으로 판단할 수 없다.,SA5194,https://www.congress.gov/amendment/117th-congress/senate-amendment/5476,300
SA5475,"Sen. Marshall, Roger [R-KS]",2022-08-07,,not_proposed,,미상정 제출안 · 원문 확인,제출됐으나 본회의 제안·채택 이력이 없다. 이를 부결로 세지 않는다. 비공식 흡수 여부는 이 이력만으로 판단할 수 없다.,SA5194,https://www.congress.gov/amendment/117th-congress/senate-amendment/5475,300
SA5474,"Sen. Marshall, Roger [R-KS]",2022-08-07,,not_proposed,,미상정 제출안 · 원문 확인,제출됐으나 본회의 제안·채택 이력이 없다. 이를 부결로 세지 않는다. 비공식 흡수 여부는 이 이력만으로 판단할 수 없다.,SA5194,https://www.congress.gov/amendment/117th-congress/senate-amendment/5474,299
SA5473,"Sen. Kennedy, John [R-LA]",2022-08-07,,not_proposed,,미상정 제출안 · 원문 확인,제출됐으나 본회의 제안·채택 이력이 없다. 이를 부결로 세지 않는다. 비공식 흡수 여부는 이 이력만으로 판단할 수 없다.,SA5194,https://www.congress.gov/amendment/117th-congress/senate-amendment/5473,299
SA5472,"Sen. Thune, John [R-SD]",2022-08-07,2022-08-07,agreed,"To remove harmful small business taxes, and for other purposes.",법인 최저한세의 소득 합산 기준 변경과 SALT 공제 한도 1년 연장,최저한세 소득 합산 기준 변경은 유지됐다. SALT 한도 연장 부분은 뒤이어 채택된 SA5488이 되돌렸다. 따라서 전부 원형대로 반영된 것은 아니다.,SA5194,https://www.congress.gov/amendment/117th-congress/senate-amendment/5472,299
SA5471,"Sen. Lee, Mike [R-UT]",2022-08-06,,not_proposed,,미상정 제출안 · 원문 확인,제출됐으나 본회의 제안·채택 이력이 없다. 이를 부결로 세지 않는다. 비공식 흡수 여부는 이 이력만으로 판단할 수 없다.,SA5194,https://www.congress.gov/amendment/117th-congress/senate-amendment/5471,299
SA5470,"Sen. Portman, Rob [R-OH]",2022-08-06,,not_proposed,,미상정 제출안 · 원문 확인,제출됐으나 본회의 제안·채택 이력이 없다. 이를 부결로 세지 않는다. 비공식 흡수 여부는 이 이력만으로 판단할 수 없다.,SA5194,https://www.congress.gov/amendment/117th-congress/senate-amendment/5470,298
SA5469,"Sen. Hassan, Margaret Wood [D-NH]",2022-08-06,2022-08-07,out_of_order,To eliminate the reinstatement of Superfund taxes.,슈퍼펀드 세금 부활 삭제,예산규율 면제 동의가 필요한 표를 얻지 못해 의사진행상 배제됐다.,SA5194,https://www.congress.gov/amendment/117th-congress/senate-amendment/5469,298
SA5468,"Sen. Daines, Steve [R-MT]",2022-08-06,,not_proposed,,미상정 제출안 · 원문 확인,제출됐으나 본회의 제안·채택 이력이 없다. 이를 부결로 세지 않는다. 비공식 흡수 여부는 이 이력만으로 판단할 수 없다.,SA5194,https://www.congress.gov/amendment/117th-congress/senate-amendment/5468,298
SA5467,"Sen. Cassidy, Bill [R-LA]",2022-08-06,,not_proposed,,미상정 제출안 · 원문 확인,제출됐으나 본회의 제안·채택 이력이 없다. 이를 부결로 세지 않는다. 비공식 흡수 여부는 이 이력만으로 판단할 수 없다.,SA5194,https://www.congress.gov/amendment/117th-congress/senate-amendment/5467,298
SA5466,"Sen. Cassidy, Bill [R-LA]",2022-08-06,,not_proposed,,미상정 제출안 · 원문 확인,제출됐으나 본회의 제안·채택 이력이 없다. 이를 부결로 세지 않는다. 비공식 흡수 여부는 이 이력만으로 판단할 수 없다.,SA5194,https://www.congress.gov/amendment/117th-congress/senate-amendment/5466,298
SA5465,"Sen. Cassidy, Bill [R-LA]",2022-08-06,,not_proposed,,미상정 제출안 · 원문 확인,제출됐으나 본회의 제안·채택 이력이 없다. 이를 부결로 세지 않는다. 비공식 흡수 여부는 이 이력만으로 판단할 수 없다.,SA5194,https://www.congress.gov/amendment/117th-congress/senate-amendment/5465,298
SA5464,"Sen. Cassidy, Bill [R-LA]",2022-08-06,,not_proposed,,미상정 제출안 · 원문 확인,제출됐으나 본회의 제안·채택 이력이 없다. 이를 부결로 세지 않는다. 비공식 흡수 여부는 이 이력만으로 판단할 수 없다.,SA5194,https://www.congress.gov/amendment/117th-congress/senate-amendment/5464,298
SA5463,"Sen. Graham, Lindsey [R-SC]",2022-08-06,,not_proposed,,미상정 제출안 · 원문 확인,제출됐으나 본회의 제안·채택 이력이 없다. 이를 부결로 세지 않는다. 비공식 흡수 여부는 이 이력만으로 판단할 수 없다.,SA5194,https://www.congress.gov/amendment/117th-congress/senate-amendment/5463,298
SA5462,"Sen. Murkowski, Lisa [R-AK]",2022-08-06,,not_proposed,,미상정 제출안 · 원문 확인,제출됐으나 본회의 제안·채택 이력이 없다. 이를 부결로 세지 않는다. 비공식 흡수 여부는 이 이력만으로 판단할 수 없다.,SA5194,https://www.congress.gov/amendment/117th-congress/senate-amendment/5462,298
SA5461,"Sen. Murkowski, Lisa [R-AK]",2022-08-06,,not_proposed,,미상정 제출안 · 원문 확인,제출됐으나 본회의 제안·채택 이력이 없다. 이를 부결로 세지 않는다. 비공식 흡수 여부는 이 이력만으로 판단할 수 없다.,SA5194,https://www.congress.gov/amendment/117th-congress/senate-amendment/5461,297
SA5460,"Sen. Murkowski, Lisa [R-AK]",2022-08-06,,not_proposed,,미상정 제출안 · 원문 확인,제출됐으나 본회의 제안·채택 이력이 없다. 이를 부결로 세지 않는다. 비공식 흡수 여부는 이 이력만으로 판단할 수 없다.,SA5194,https://www.congress.gov/amendment/117th-congress/senate-amendment/5460,297
SA5459,"Sen. Murkowski, Lisa [R-AK]",2022-08-06,,not_proposed,,미상정 제출안 · 원문 확인,제출됐으나 본회의 제안·채택 이력이 없다. 이를 부결로 세지 않는다. 비공식 흡수 여부는 이 이력만으로 판단할 수 없다.,SA5194,https://www.congress.gov/amendment/117th-congress/senate-amendment/5459,297
SA5458,"Sen. Murkowski, Lisa [R-AK]",2022-08-06,,not_proposed,,미상정 제출안 · 원문 확인,제출됐으나 본회의 제안·채택 이력이 없다. 이를 부결로 세지 않는다. 비공식 흡수 여부는 이 이력만으로 판단할 수 없다.,SA5194,https://www.congress.gov/amendment/117th-congress/senate-amendment/5458,297
SA5457,"Sen. Murkowski, Lisa [R-AK]",2022-08-06,,not_proposed,,미상정 제출안 · 원문 확인,제출됐으나 본회의 제안·채택 이력이 없다. 이를 부결로 세지 않는다. 비공식 흡수 여부는 이 이력만으로 판단할 수 없다.,SA5194,https://www.congress.gov/amendment/117th-congress/senate-amendment/5457,296
SA5456,"Sen. Murkowski, Lisa [R-AK]",2022-08-06,,not_proposed,,미상정 제출안 · 원문 확인,제출됐으나 본회의 제안·채택 이력이 없다. 이를 부결로 세지 않는다. 비공식 흡수 여부는 이 이력만으로 판단할 수 없다.,SA5194,https://www.congress.gov/amendment/117th-congress/senate-amendment/5456,296
SA5455,"Sen. Murkowski, Lisa [R-AK]",2022-08-06,,not_proposed,,미상정 제출안 · 원문 확인,제출됐으나 본회의 제안·채택 이력이 없다. 이를 부결로 세지 않는다. 비공식 흡수 여부는 이 이력만으로 판단할 수 없다.,SA5194,https://www.congress.gov/amendment/117th-congress/senate-amendment/5455,296
SA5454,"Sen. Murkowski, Lisa [R-AK]",2022-08-06,,not_proposed,,미상정 제출안 · 원문 확인,제출됐으나 본회의 제안·채택 이력이 없다. 이를 부결로 세지 않는다. 비공식 흡수 여부는 이 이력만으로 판단할 수 없다.,SA5194,https://www.congress.gov/amendment/117th-congress/senate-amendment/5454,296
SA5453,"Sen. Murkowski, Lisa [R-AK]",2022-08-06,,not_proposed,,미상정 제출안 · 원문 확인,제출됐으나 본회의 제안·채택 이력이 없다. 이를 부결로 세지 않는다. 비공식 흡수 여부는 이 이력만으로 판단할 수 없다.,SA5194,https://www.congress.gov/amendment/117th-congress/senate-amendment/5453,296
SA5452,"Sen. Moran, Jerry [R-KS]",2022-08-06,,not_proposed,,미상정 제출안 · 원문 확인,제출됐으나 본회의 제안·채택 이력이 없다. 이를 부결로 세지 않는다. 비공식 흡수 여부는 이 이력만으로 판단할 수 없다.,SA5194,https://www.congress.gov/amendment/117th-congress/senate-amendment/5452,296
SA5451,"Sen. Kennedy, John [R-LA]",2022-08-06,,not_proposed,,미상정 제출안 · 원문 확인,제출됐으나 본회의 제안·채택 이력이 없다. 이를 부결로 세지 않는다. 비공식 흡수 여부는 이 이력만으로 판단할 수 없다.,SA5194,https://www.congress.gov/amendment/117th-congress/senate-amendment/5451,296
SA5450,"Sen. Kennedy, John [R-LA]",2022-08-06,,not_proposed,,미상정 제출안 · 원문 확인,제출됐으나 본회의 제안·채택 이력이 없다. 이를 부결로 세지 않는다. 비공식 흡수 여부는 이 이력만으로 판단할 수 없다.,SA5194,https://www.congress.gov/amendment/117th-congress/senate-amendment/5450,295
SA5449,"Sen. Kennedy, John [R-LA]",2022-08-06,,not_proposed,,미상정 제출안 · 원문 확인,제출됐으나 본회의 제안·채택 이력이 없다. 이를 부결로 세지 않는다. 비공식 흡수 여부는 이 이력만으로 판단할 수 없다.,SA5194,https://www.congress.gov/amendment/117th-congress/senate-amendment/5449,295
SA5448,"Sen. Kennedy, John [R-LA]",2022-08-06,,not_proposed,,미상정 제출안 · 원문 확인,제출됐으나 본회의 제안·채택 이력이 없다. 이를 부결로 세지 않는다. 비공식 흡수 여부는 이 이력만으로 판단할 수 없다.,SA5194,https://www.congress.gov/amendment/117th-congress/senate-amendment/5448,295
SA5447,"Sen. Kennedy, John [R-LA]",2022-08-06,,not_proposed,,미상정 제출안 · 원문 확인,제출됐으나 본회의 제안·채택 이력이 없다. 이를 부결로 세지 않는다. 비공식 흡수 여부는 이 이력만으로 판단할 수 없다.,SA5194,https://www.congress.gov/amendment/117th-congress/senate-amendment/5447,294
SA5446,"Sen. Kennedy, John [R-LA]",2022-08-06,,not_proposed,,미상정 제출안 · 원문 확인,제출됐으나 본회의 제안·채택 이력이 없다. 이를 부결로 세지 않는다. 비공식 흡수 여부는 이 이력만으로 판단할 수 없다.,SA5194,https://www.congress.gov/amendment/117th-congress/senate-amendment/5446,294
SA5445,"Sen. Kennedy, John [R-LA]",2022-08-06,,not_proposed,,미상정 제출안 · 원문 확인,제출됐으나 본회의 제안·채택 이력이 없다. 이를 부결로 세지 않는다. 비공식 흡수 여부는 이 이력만으로 판단할 수 없다.,HR5376,https://www.congress.gov/amendment/117th-congress/senate-amendment/5445,294
SA5444,"Sen. Kennedy, John [R-LA]",2022-08-06,,not_proposed,,미상정 제출안 · 원문 확인,제출됐으나 본회의 제안·채택 이력이 없다. 이를 부결로 세지 않는다. 비공식 흡수 여부는 이 이력만으로 판단할 수 없다.,SA5194,https://www.congress.gov/amendment/117th-congress/senate-amendment/5444,294
SA5443,"Sen. Kennedy, John [R-LA]",2022-08-06,,not_proposed,,미상정 제출안 · 원문 확인,제출됐으나 본회의 제안·채택 이력이 없다. 이를 부결로 세지 않는다. 비공식 흡수 여부는 이 이력만으로 판단할 수 없다.,HR5376,https://www.congress.gov/amendment/117th-congress/senate-amendment/5443,293
SA5442,"Sen. Kennedy, John [R-LA]",2022-08-06,,not_proposed,,미상정 제출안 · 원문 확인,제출됐으나 본회의 제안·채택 이력이 없다. 이를 부결로 세지 않는다. 비공식 흡수 여부는 이 이력만으로 판단할 수 없다.,HR5376,https://www.congress.gov/amendment/117th-congress/senate-amendment/5442,293
SA5441,"Sen. Kennedy, John [R-LA]",2022-08-06,,not_proposed,,미상정 제출안 · 원문 확인,제출됐으나 본회의 제안·채택 이력이 없다. 이를 부결로 세지 않는다. 비공식 흡수 여부는 이 이력만으로 판단할 수 없다.,HR5376,https://www.congress.gov/amendment/117th-congress/senate-amendment/5441,293
SA5440,"Sen. Kennedy, John [R-LA]",2022-08-06,,not_proposed,,미상정 제출안 · 원문 확인,제출됐으나 본회의 제안·채택 이력이 없다. 이를 부결로 세지 않는다. 비공식 흡수 여부는 이 이력만으로 판단할 수 없다.,HR5376,https://www.congress.gov/amendment/117th-congress/senate-amendment/5440,293
SA5439,"Sen. Kennedy, John [R-LA]",2022-08-06,,not_proposed,,미상정 제출안 · 원문 확인,제출됐으나 본회의 제안·채택 이력이 없다. 이를 부결로 세지 않는다. 비공식 흡수 여부는 이 이력만으로 판단할 수 없다.,SA5194,https://www.congress.gov/amendment/117th-congress/senate-amendment/5439,293
SA5438,"Sen. Kennedy, John [R-LA]",2022-08-06,,not_proposed,,미상정 제출안 · 원문 확인,제출됐으나 본회의 제안·채택 이력이 없다. 이를 부결로 세지 않는다. 비공식 흡수 여부는 이 이력만으로 판단할 수 없다.,SA5194,https://www.congress.gov/amendment/117th-congress/senate-amendment/5438,293
SA5437,"Sen. Sullivan, Dan [R-AK]",2022-08-06,,not_proposed,,미상정 제출안 · 원문 확인,제출됐으나 본회의 제안·채택 이력이 없다. 이를 부결로 세지 않는다. 비공식 흡수 여부는 이 이력만으로 판단할 수 없다.,SA5194,https://www.congress.gov/amendment/117th-congress/senate-amendment/5437,293
SA5436,"Sen. Young, Todd [R-IN]",2022-08-06,,not_proposed,,미상정 제출안 · 원문 확인,제출됐으나 본회의 제안·채택 이력이 없다. 이를 부결로 세지 않는다. 비공식 흡수 여부는 이 이력만으로 판단할 수 없다.,SA5194,https://www.congress.gov/amendment/117th-congress/senate-amendment/5436,293
SA5435,"Sen. Sullivan, Dan [R-AK]",2022-08-06,2022-08-07,rejected,"To replace the funding for the Office of the Chief Readiness Support Officer with a $500,000,000 appropriation for the construction or improvement of primary pedestrian fencing and barriers along the southwest border.",국토안보부 예산을 남서부 국경 장벽 건설로 전환,해당 수정안은 부결되어 이 처리 경로로 반영되지 않았다.,SA5194,https://www.congress.gov/amendment/117th-congress/senate-amendment/5435,293
SA5433,"Sen. Crapo, Mike [R-ID]",2022-08-06,,not_proposed,,미상정 제출안 · 원문 확인,제출됐으나 본회의 제안·채택 이력이 없다. 이를 부결로 세지 않는다. 비공식 흡수 여부는 이 이력만으로 판단할 수 없다.,SA5194,https://www.congress.gov/amendment/117th-congress/senate-amendment/5433,293
SA5432,"Sen. Crapo, Mike [R-ID]",2022-08-06,,not_proposed,,미상정 제출안 · 원문 확인,제출됐으나 본회의 제안·채택 이력이 없다. 이를 부결로 세지 않는다. 비공식 흡수 여부는 이 이력만으로 판단할 수 없다.,SA5194,https://www.congress.gov/amendment/117th-congress/senate-amendment/5432,292
SA5431,"Sen. Crapo, Mike [R-ID]",2022-08-06,,not_proposed,,미상정 제출안 · 원문 확인,제출됐으나 본회의 제안·채택 이력이 없다. 이를 부결로 세지 않는다. 비공식 흡수 여부는 이 이력만으로 판단할 수 없다.,SA5194,https://www.congress.gov/amendment/117th-congress/senate-amendment/5431,292
SA5430,"Sen. Crapo, Mike [R-ID]",2022-08-06,,not_proposed,,미상정 제출안 · 원문 확인,제출됐으나 본회의 제안·채택 이력이 없다. 이를 부결로 세지 않는다. 비공식 흡수 여부는 이 이력만으로 판단할 수 없다.,SA5194,https://www.congress.gov/amendment/117th-congress/senate-amendment/5430,292
SA5429,"Sen. Crapo, Mike [R-ID]",2022-08-06,,not_proposed,,미상정 제출안 · 원문 확인,제출됐으나 본회의 제안·채택 이력이 없다. 이를 부결로 세지 않는다. 비공식 흡수 여부는 이 이력만으로 판단할 수 없다.,SA5194,https://www.congress.gov/amendment/117th-congress/senate-amendment/5429,292
SA5428,"Sen. Crapo, Mike [R-ID]",2022-08-06,,not_proposed,,미상정 제출안 · 원문 확인,제출됐으나 본회의 제안·채택 이력이 없다. 이를 부결로 세지 않는다. 비공식 흡수 여부는 이 이력만으로 판단할 수 없다.,SA5194,https://www.congress.gov/amendment/117th-congress/senate-amendment/5428,292
SA5427,"Sen. Crapo, Mike [R-ID]",2022-08-06,,not_proposed,,미상정 제출안 · 원문 확인,제출됐으나 본회의 제안·채택 이력이 없다. 이를 부결로 세지 않는다. 비공식 흡수 여부는 이 이력만으로 판단할 수 없다.,SA5194,https://www.congress.gov/amendment/117th-congress/senate-amendment/5427,292
SA5426,"Sen. Crapo, Mike [R-ID]",2022-08-06,,not_proposed,,미상정 제출안 · 원문 확인,제출됐으나 본회의 제안·채택 이력이 없다. 이를 부결로 세지 않는다. 비공식 흡수 여부는 이 이력만으로 판단할 수 없다.,SA5194,https://www.congress.gov/amendment/117th-congress/senate-amendment/5426,292
SA5425,"Sen. Daines, Steve [R-MT]",2022-08-06,,not_proposed,,미상정 제출안 · 원문 확인,제출됐으나 본회의 제안·채택 이력이 없다. 이를 부결로 세지 않는다. 비공식 흡수 여부는 이 이력만으로 판단할 수 없다.,SA5194,https://www.congress.gov/amendment/117th-congress/senate-amendment/5425,292
SA5424,"Sen. Moran, Jerry [R-KS]",2022-08-06,,not_proposed,,미상정 제출안 · 원문 확인,제출됐으나 본회의 제안·채택 이력이 없다. 이를 부결로 세지 않는다. 비공식 흡수 여부는 이 이력만으로 판단할 수 없다.,SA5194,https://www.congress.gov/amendment/117th-congress/senate-amendment/5424,292
SA5423,"Sen. Blackburn, Marsha [R-TN]",2022-08-06,,not_proposed,,미상정 제출안 · 원문 확인,제출됐으나 본회의 제안·채택 이력이 없다. 이를 부결로 세지 않는다. 비공식 흡수 여부는 이 이력만으로 판단할 수 없다.,SA5194,https://www.congress.gov/amendment/117th-congress/senate-amendment/5423,291
SA5422,"Sen. Hoeven, John [R-ND]",2022-08-06,,not_proposed,,미상정 제출안 · 원문 확인,제출됐으나 본회의 제안·채택 이력이 없다. 이를 부결로 세지 않는다. 비공식 흡수 여부는 이 이력만으로 판단할 수 없다.,HR5376,https://www.congress.gov/amendment/117th-congress/senate-amendment/5422,291
SA5421,"Sen. Grassley, Chuck [R-IA]",2022-08-06,2022-08-07,rejected,"To amend the Internal Revenue Code of 1986 to modify the maximum capital gains tax rate, to provide a partial exclusion for interest received by individuals, to provide inflation adjustments for certain tax benefits, and for other purposes.",자본이득·이자·물가연동 세제 수정,해당 수정안은 부결되어 이 처리 경로로 반영되지 않았다.,SA5194,https://www.congress.gov/amendment/117th-congress/senate-amendment/5421,289
SA5420,"Sen. Grassley, Chuck [R-IA]",2022-08-06,,not_proposed,,미상정 제출안 · 원문 확인,제출됐으나 본회의 제안·채택 이력이 없다. 이를 부결로 세지 않는다. 비공식 흡수 여부는 이 이력만으로 판단할 수 없다.,SA5194,https://www.congress.gov/amendment/117th-congress/senate-amendment/5420,289
SA5419,"Sen. Rounds, Mike [R-SD]",2022-08-06,,not_proposed,,미상정 제출안 · 원문 확인,제출됐으나 본회의 제안·채택 이력이 없다. 이를 부결로 세지 않는다. 비공식 흡수 여부는 이 이력만으로 판단할 수 없다.,SA5194,https://www.congress.gov/amendment/117th-congress/senate-amendment/5419,289
SA5418,"Sen. Shelby, Richard C. [R-AL]",2022-08-06,2022-08-07,rejected,To end the President's War on Coal through the approval of coal leases.,석탄 임대 승인 관련 변경,해당 수정안은 부결되어 이 처리 경로로 반영되지 않았다.,SA5194,https://www.congress.gov/amendment/117th-congress/senate-amendment/5418,288
SA5417,"Sen. Lee, Mike [R-UT]",2022-08-06,,not_proposed,,미상정 제출안 · 원문 확인,제출됐으나 본회의 제안·채택 이력이 없다. 이를 부결로 세지 않는다. 비공식 흡수 여부는 이 이력만으로 판단할 수 없다.,SA5194,https://www.congress.gov/amendment/117th-congress/senate-amendment/5417,288
SA5416,"Sen. Lee, Mike [R-UT]",2022-08-06,,not_proposed,,미상정 제출안 · 원문 확인,제출됐으나 본회의 제안·채택 이력이 없다. 이를 부결로 세지 않는다. 비공식 흡수 여부는 이 이력만으로 판단할 수 없다.,HR5376,https://www.congress.gov/amendment/117th-congress/senate-amendment/5416,288
SA5415,"Sen. Lee, Mike [R-UT]",2022-08-06,,not_proposed,,미상정 제출안 · 원문 확인,제출됐으나 본회의 제안·채택 이력이 없다. 이를 부결로 세지 않는다. 비공식 흡수 여부는 이 이력만으로 판단할 수 없다.,HR5376,https://www.congress.gov/amendment/117th-congress/senate-amendment/5415,288
SA5414,"Sen. Lee, Mike [R-UT]",2022-08-06,,not_proposed,,미상정 제출안 · 원문 확인,제출됐으나 본회의 제안·채택 이력이 없다. 이를 부결로 세지 않는다. 비공식 흡수 여부는 이 이력만으로 판단할 수 없다.,SA5194,https://www.congress.gov/amendment/117th-congress/senate-amendment/5414,287
SA5413,"Sen. Barrasso, John [R-WY]",2022-08-06,,not_proposed,,미상정 제출안 · 원문 확인,제출됐으나 본회의 제안·채택 이력이 없다. 이를 부결로 세지 않는다. 비공식 흡수 여부는 이 이력만으로 판단할 수 없다.,SA5194,https://www.congress.gov/amendment/117th-congress/senate-amendment/5413,287
SA5412,"Sen. Barrasso, John [R-WY]",2022-08-06,,not_proposed,,미상정 제출안 · 원문 확인,제출됐으나 본회의 제안·채택 이력이 없다. 이를 부결로 세지 않는다. 비공식 흡수 여부는 이 이력만으로 판단할 수 없다.,SA5194,https://www.congress.gov/amendment/117th-congress/senate-amendment/5412,287
SA5411,"Sen. Barrasso, John [R-WY]",2022-08-06,,not_proposed,,미상정 제출안 · 원문 확인,제출됐으나 본회의 제안·채택 이력이 없다. 이를 부결로 세지 않는다. 비공식 흡수 여부는 이 이력만으로 판단할 수 없다.,SA5194,https://www.congress.gov/amendment/117th-congress/senate-amendment/5411,287
SA5410,"Sen. Barrasso, John [R-WY]",2022-08-06,,not_proposed,,미상정 제출안 · 원문 확인,제출됐으나 본회의 제안·채택 이력이 없다. 이를 부결로 세지 않는다. 비공식 흡수 여부는 이 이력만으로 판단할 수 없다.,SA5194,https://www.congress.gov/amendment/117th-congress/senate-amendment/5410,287
SA5409,"Sen. Barrasso, John [R-WY]",2022-08-06,2022-08-07,rejected,To require certain additional onshore oil and gas lease sales in certain states.,추가 육상 석유·가스 임대 의무,해당 수정안은 부결되어 이 처리 경로로 반영되지 않았다.,SA5194,https://www.congress.gov/amendment/117th-congress/senate-amendment/5409,286
SA5408,"Sen. Cotton, Tom [R-AR]",2022-08-06,,not_proposed,,미상정 제출안 · 원문 확인,제출됐으나 본회의 제안·채택 이력이 없다. 이를 부결로 세지 않는다. 비공식 흡수 여부는 이 이력만으로 판단할 수 없다.,SA5194,https://www.congress.gov/amendment/117th-congress/senate-amendment/5408,286
SA5407,"Sen. Hagerty, Bill [R-TN]",2022-08-06,,not_proposed,,미상정 제출안 · 원문 확인,제출됐으나 본회의 제안·채택 이력이 없다. 이를 부결로 세지 않는다. 비공식 흡수 여부는 이 이력만으로 판단할 수 없다.,SA5194,https://www.congress.gov/amendment/117th-congress/senate-amendment/5407,286
SA5406,"Sen. Hagerty, Bill [R-TN]",2022-08-06,,not_proposed,,미상정 제출안 · 원문 확인,제출됐으나 본회의 제안·채택 이력이 없다. 이를 부결로 세지 않는다. 비공식 흡수 여부는 이 이력만으로 판단할 수 없다.,SA5194,https://www.congress.gov/amendment/117th-congress/senate-amendment/5406,286
SA5405,"Sen. Hagerty, Bill [R-TN]",2022-08-06,,not_proposed,,미상정 제출안 · 원문 확인,제출됐으나 본회의 제안·채택 이력이 없다. 이를 부결로 세지 않는다. 비공식 흡수 여부는 이 이력만으로 판단할 수 없다.,SA5194,https://www.congress.gov/amendment/117th-congress/senate-amendment/5405,286
SA5404,"Sen. Crapo, Mike [R-ID]",2022-08-06,2022-08-07,rejected,"To prevent the use of additional Internal Revenue Service Funds from being used for audits of taxpayers with taxable incomes below $400,000 in order to protect low- and middle-income earning American taxpayers from an onslaught of audits from an army of new Internal Revenue Service auditors funded by an unprecedented, nearly $80,000,000,000, infusion of new funds.",소득 40만 달러 미만 납세자에 대한 IRS 추가 예산 사용 제한,해당 수정안은 부결되어 이 처리 경로로 반영되지 않았다.,SA5194,https://www.congress.gov/amendment/117th-congress/senate-amendment/5404,286
SA5403,"Sen. Hoeven, John [R-ND]",2022-08-06,,not_proposed,,미상정 제출안 · 원문 확인,제출됐으나 본회의 제안·채택 이력이 없다. 이를 부결로 세지 않는다. 비공식 흡수 여부는 이 이력만으로 판단할 수 없다.,SA5194,https://www.congress.gov/amendment/117th-congress/senate-amendment/5403,286
SA5402,"Sen. Hoeven, John [R-ND]",2022-08-06,,not_proposed,,미상정 제출안 · 원문 확인,제출됐으나 본회의 제안·채택 이력이 없다. 이를 부결로 세지 않는다. 비공식 흡수 여부는 이 이력만으로 판단할 수 없다.,SA5194,https://www.congress.gov/amendment/117th-congress/senate-amendment/5402,286
SA5401,"Sen. Hoeven, John [R-ND]",2022-08-06,,not_proposed,,미상정 제출안 · 원문 확인,제출됐으나 본회의 제안·채택 이력이 없다. 이를 부결로 세지 않는다. 비공식 흡수 여부는 이 이력만으로 판단할 수 없다.,SA5194,https://www.congress.gov/amendment/117th-congress/senate-amendment/5401,286
SA5400,"Sen. Hoeven, John [R-ND]",2022-08-06,,not_proposed,,미상정 제출안 · 원문 확인,제출됐으나 본회의 제안·채택 이력이 없다. 이를 부결로 세지 않는다. 비공식 흡수 여부는 이 이력만으로 판단할 수 없다.,SA5194,https://www.congress.gov/amendment/117th-congress/senate-amendment/5400,286
SA5399,"Sen. Hoeven, John [R-ND]",2022-08-06,,not_proposed,,미상정 제출안 · 원문 확인,제출됐으나 본회의 제안·채택 이력이 없다. 이를 부결로 세지 않는다. 비공식 흡수 여부는 이 이력만으로 판단할 수 없다.,SA5194,https://www.congress.gov/amendment/117th-congress/senate-amendment/5399,285
SA5398,"Sen. Hoeven, John [R-ND]",2022-08-06,,not_proposed,,미상정 제출안 · 원문 확인,제출됐으나 본회의 제안·채택 이력이 없다. 이를 부결로 세지 않는다. 비공식 흡수 여부는 이 이력만으로 판단할 수 없다.,SA5194,https://www.congress.gov/amendment/117th-congress/senate-amendment/5398,285
SA5397,"Sen. Hoeven, John [R-ND]",2022-08-06,,not_proposed,,미상정 제출안 · 원문 확인,제출됐으나 본회의 제안·채택 이력이 없다. 이를 부결로 세지 않는다. 비공식 흡수 여부는 이 이력만으로 판단할 수 없다.,HR5376,https://www.congress.gov/amendment/117th-congress/senate-amendment/5397,285
SA5396,"Sen. Hoeven, John [R-ND]",2022-08-06,,not_proposed,,미상정 제출안 · 원문 확인,제출됐으나 본회의 제안·채택 이력이 없다. 이를 부결로 세지 않는다. 비공식 흡수 여부는 이 이력만으로 판단할 수 없다.,HR5376,https://www.congress.gov/amendment/117th-congress/senate-amendment/5396,285
SA5395,"Sen. Hoeven, John [R-ND]",2022-08-06,,not_proposed,,미상정 제출안 · 원문 확인,제출됐으나 본회의 제안·채택 이력이 없다. 이를 부결로 세지 않는다. 비공식 흡수 여부는 이 이력만으로 판단할 수 없다.,HR5376,https://www.congress.gov/amendment/117th-congress/senate-amendment/5395,285
SA5394,"Sen. Hoeven, John [R-ND]",2022-08-06,,not_proposed,,미상정 제출안 · 원문 확인,제출됐으나 본회의 제안·채택 이력이 없다. 이를 부결로 세지 않는다. 비공식 흡수 여부는 이 이력만으로 판단할 수 없다.,HR5376,https://www.congress.gov/amendment/117th-congress/senate-amendment/5394,285
SA5393,"Sen. Hoeven, John [R-ND]",2022-08-06,,not_proposed,,미상정 제출안 · 원문 확인,제출됐으나 본회의 제안·채택 이력이 없다. 이를 부결로 세지 않는다. 비공식 흡수 여부는 이 이력만으로 판단할 수 없다.,HR5376,https://www.congress.gov/amendment/117th-congress/senate-amendment/5393,285
SA5392,"Sen. Marshall, Roger [R-KS]",2022-08-06,,not_proposed,,미상정 제출안 · 원문 확인,제출됐으나 본회의 제안·채택 이력이 없다. 이를 부결로 세지 않는다. 비공식 흡수 여부는 이 이력만으로 판단할 수 없다.,SA5194,https://www.congress.gov/amendment/117th-congress/senate-amendment/5392,285
SA5391,"Sen. Marshall, Roger [R-KS]",2022-08-06,,not_proposed,,미상정 제출안 · 원문 확인,제출됐으나 본회의 제안·채택 이력이 없다. 이를 부결로 세지 않는다. 비공식 흡수 여부는 이 이력만으로 판단할 수 없다.,SA5194,https://www.congress.gov/amendment/117th-congress/senate-amendment/5391,285
SA5390,"Sen. Marshall, Roger [R-KS]",2022-08-06,,not_proposed,,미상정 제출안 · 원문 확인,제출됐으나 본회의 제안·채택 이력이 없다. 이를 부결로 세지 않는다. 비공식 흡수 여부는 이 이력만으로 판단할 수 없다.,SA5194,https://www.congress.gov/amendment/117th-congress/senate-amendment/5390,285
SA5389,"Sen. Marshall, Roger [R-KS]",2022-08-06,2022-08-07,rejected,"To protect patient access to current and future treatments for a range of serious conditions, such as cancer, Alzheimer's disease, HIV/AIDS, Parkinson's disease, and sickle cell disease, among numerous others.",의약품 접근 관련 변경,해당 수정안은 부결되어 이 처리 경로로 반영되지 않았다.,SA5194,https://www.congress.gov/amendment/117th-congress/senate-amendment/5389,285
SA5388,"Sen. Scott, Tim [R-SC]",2022-08-06,,not_proposed,,미상정 제출안 · 원문 확인,제출됐으나 본회의 제안·채택 이력이 없다. 이를 부결로 세지 않는다. 비공식 흡수 여부는 이 이력만으로 판단할 수 없다.,SA5194,https://www.congress.gov/amendment/117th-congress/senate-amendment/5388,284
SA5387,"Sen. Kennedy, John [R-LA]",2022-08-06,2022-08-07,rejected,To require oil and gas lease sales in the outer Continental Shelf.,외대륙붕 석유·가스 임대 의무,해당 수정안은 부결되어 이 처리 경로로 반영되지 않았다.,SA5194,https://www.congress.gov/amendment/117th-congress/senate-amendment/5387,284
SA5386,"Sen. Cotton, Tom [R-AR]",2022-08-06,,not_proposed,,미상정 제출안 · 원문 확인,제출됐으나 본회의 제안·채택 이력이 없다. 이를 부결로 세지 않는다. 비공식 흡수 여부는 이 이력만으로 판단할 수 없다.,SA5194,https://www.congress.gov/amendment/117th-congress/senate-amendment/5386,284
SA5385,"Sen. Kennedy, John [R-LA]",2022-08-06,2022-08-07,rejected,To provide for discounted insulin for low- and middle-income Americans.,저·중소득층 인슐린 할인,해당 수정안은 부결되어 이 처리 경로로 반영되지 않았다.,SA5194,https://www.congress.gov/amendment/117th-congress/senate-amendment/5385,284
SA5384,"Sen. Lankford, James [R-OK]",2022-08-06,2022-08-07,rejected,To provide additional funding for implementation of title 42.,Title 42 집행 추가 예산,해당 수정안은 부결되어 이 처리 경로로 반영되지 않았다.,SA5194,https://www.congress.gov/amendment/117th-congress/senate-amendment/5384,284
SA5383,"Sen. Capito, Shelley Moore [R-WV]",2022-08-06,2022-08-07,out_of_order,To expedite consideration of permits and provide regulatory certainty for infrastructure and energy projects.,에너지·인프라 인허가 절차 변경,예산규율 면제 동의가 필요한 표를 얻지 못해 의사진행상 배제됐다.,SA5194,https://www.congress.gov/amendment/117th-congress/senate-amendment/5383,281
SA5382,"Sen. Capito, Shelley Moore [R-WV]",2022-08-06,2022-08-07,rejected,To strike provisions concerning funding for certain activities under the Clean Air Act.,대기청정법 관련 활동 예산 삭제,해당 수정안은 부결되어 이 처리 경로로 반영되지 않았다.,SA5194,https://www.congress.gov/amendment/117th-congress/senate-amendment/5382,281
SA5381,"Sen. Braun, Mike [R-IN]",2022-08-06,,not_proposed,,미상정 제출안 · 원문 확인,제출됐으나 본회의 제안·채택 이력이 없다. 이를 부결로 세지 않는다. 비공식 흡수 여부는 이 이력만으로 판단할 수 없다.,SA5194,https://www.congress.gov/amendment/117th-congress/senate-amendment/5381,281
SA5380,"Sen. Braun, Mike [R-IN]",2022-08-06,,not_proposed,,미상정 제출안 · 원문 확인,제출됐으나 본회의 제안·채택 이력이 없다. 이를 부결로 세지 않는다. 비공식 흡수 여부는 이 이력만으로 판단할 수 없다.,SA5194,https://www.congress.gov/amendment/117th-congress/senate-amendment/5380,281
SA5379,"Sen. Cramer, Kevin [R-ND]",2022-08-06,,not_proposed,,미상정 제출안 · 원문 확인,제출됐으나 본회의 제안·채택 이력이 없다. 이를 부결로 세지 않는다. 비공식 흡수 여부는 이 이력만으로 판단할 수 없다.,SA5194,https://www.congress.gov/amendment/117th-congress/senate-amendment/5379,279
SA5378,"Sen. Cramer, Kevin [R-ND]",2022-08-06,,not_proposed,,미상정 제출안 · 원문 확인,제출됐으나 본회의 제안·채택 이력이 없다. 이를 부결로 세지 않는다. 비공식 흡수 여부는 이 이력만으로 판단할 수 없다.,SA5194,https://www.congress.gov/amendment/117th-congress/senate-amendment/5378,277
SA5377,"Sen. Cramer, Kevin [R-ND]",2022-08-06,,not_proposed,,미상정 제출안 · 원문 확인,제출됐으나 본회의 제안·채택 이력이 없다. 이를 부결로 세지 않는다. 비공식 흡수 여부는 이 이력만으로 판단할 수 없다.,SA5194,https://www.congress.gov/amendment/117th-congress/senate-amendment/5377,277
SA5376,"Sen. Cramer, Kevin [R-ND]",2022-08-06,,not_proposed,,미상정 제출안 · 원문 확인,제출됐으나 본회의 제안·채택 이력이 없다. 이를 부결로 세지 않는다. 비공식 흡수 여부는 이 이력만으로 판단할 수 없다.,SA5194,https://www.congress.gov/amendment/117th-congress/senate-amendment/5376,277
SA5375,"Sen. Cramer, Kevin [R-ND]",2022-08-06,,not_proposed,,미상정 제출안 · 원문 확인,제출됐으나 본회의 제안·채택 이력이 없다. 이를 부결로 세지 않는다. 비공식 흡수 여부는 이 이력만으로 판단할 수 없다.,SA5194,https://www.congress.gov/amendment/117th-congress/senate-amendment/5375,277
SA5374,"Sen. Cramer, Kevin [R-ND]",2022-08-06,,not_proposed,,미상정 제출안 · 원문 확인,제출됐으나 본회의 제안·채택 이력이 없다. 이를 부결로 세지 않는다. 비공식 흡수 여부는 이 이력만으로 판단할 수 없다.,SA5194,https://www.congress.gov/amendment/117th-congress/senate-amendment/5374,277
SA5373,"Sen. Cramer, Kevin [R-ND]",2022-08-06,,not_proposed,,미상정 제출안 · 원문 확인,제출됐으나 본회의 제안·채택 이력이 없다. 이를 부결로 세지 않는다. 비공식 흡수 여부는 이 이력만으로 판단할 수 없다.,SA5194,https://www.congress.gov/amendment/117th-congress/senate-amendment/5373,277
SA5372,"Sen. Cramer, Kevin [R-ND]",2022-08-06,,not_proposed,,미상정 제출안 · 원문 확인,제출됐으나 본회의 제안·채택 이력이 없다. 이를 부결로 세지 않는다. 비공식 흡수 여부는 이 이력만으로 판단할 수 없다.,SA5194,https://www.congress.gov/amendment/117th-congress/senate-amendment/5372,277
SA5371,"Sen. Cramer, Kevin [R-ND]",2022-08-06,,not_proposed,,미상정 제출안 · 원문 확인,제출됐으나 본회의 제안·채택 이력이 없다. 이를 부결로 세지 않는다. 비공식 흡수 여부는 이 이력만으로 판단할 수 없다.,SA5194,https://www.congress.gov/amendment/117th-congress/senate-amendment/5371,277
SA5370,"Sen. Cramer, Kevin [R-ND]",2022-08-06,,not_proposed,,미상정 제출안 · 원문 확인,제출됐으나 본회의 제안·채택 이력이 없다. 이를 부결로 세지 않는다. 비공식 흡수 여부는 이 이력만으로 판단할 수 없다.,SA5194,https://www.congress.gov/amendment/117th-congress/senate-amendment/5370,277
SA5369,"Sen. Cramer, Kevin [R-ND]",2022-08-06,,not_proposed,,미상정 제출안 · 원문 확인,제출됐으나 본회의 제안·채택 이력이 없다. 이를 부결로 세지 않는다. 비공식 흡수 여부는 이 이력만으로 판단할 수 없다.,SA5194,https://www.congress.gov/amendment/117th-congress/senate-amendment/5369,277
SA5368,"Sen. Cramer, Kevin [R-ND]",2022-08-06,,not_proposed,,미상정 제출안 · 원문 확인,제출됐으나 본회의 제안·채택 이력이 없다. 이를 부결로 세지 않는다. 비공식 흡수 여부는 이 이력만으로 판단할 수 없다.,HR5376,https://www.congress.gov/amendment/117th-congress/senate-amendment/5368,277
SA5367,"Sen. Cramer, Kevin [R-ND]",2022-08-06,,not_proposed,,미상정 제출안 · 원문 확인,제출됐으나 본회의 제안·채택 이력이 없다. 이를 부결로 세지 않는다. 비공식 흡수 여부는 이 이력만으로 판단할 수 없다.,SA5194,https://www.congress.gov/amendment/117th-congress/senate-amendment/5367,276
SA5366,"Sen. Cramer, Kevin [R-ND]",2022-08-06,,not_proposed,,미상정 제출안 · 원문 확인,제출됐으나 본회의 제안·채택 이력이 없다. 이를 부결로 세지 않는다. 비공식 흡수 여부는 이 이력만으로 판단할 수 없다.,SA5194,https://www.congress.gov/amendment/117th-congress/senate-amendment/5366,276
SA5365,"Sen. Cramer, Kevin [R-ND]",2022-08-06,,not_proposed,,미상정 제출안 · 원문 확인,제출됐으나 본회의 제안·채택 이력이 없다. 이를 부결로 세지 않는다. 비공식 흡수 여부는 이 이력만으로 판단할 수 없다.,SA5194,https://www.congress.gov/amendment/117th-congress/senate-amendment/5365,276
SA5364,"Sen. Cramer, Kevin [R-ND]",2022-08-06,,not_proposed,,미상정 제출안 · 원문 확인,제출됐으나 본회의 제안·채택 이력이 없다. 이를 부결로 세지 않는다. 비공식 흡수 여부는 이 이력만으로 판단할 수 없다.,SA5194,https://www.congress.gov/amendment/117th-congress/senate-amendment/5364,276
SA5363,"Sen. Cramer, Kevin [R-ND]",2022-08-06,,not_proposed,,미상정 제출안 · 원문 확인,제출됐으나 본회의 제안·채택 이력이 없다. 이를 부결로 세지 않는다. 비공식 흡수 여부는 이 이력만으로 판단할 수 없다.,SA5194,https://www.congress.gov/amendment/117th-congress/senate-amendment/5363,275
SA5362,"Sen. Cramer, Kevin [R-ND]",2022-08-06,,not_proposed,,미상정 제출안 · 원문 확인,제출됐으나 본회의 제안·채택 이력이 없다. 이를 부결로 세지 않는다. 비공식 흡수 여부는 이 이력만으로 판단할 수 없다.,SA5194,https://www.congress.gov/amendment/117th-congress/senate-amendment/5362,275
SA5361,"Sen. Ernst, Joni [R-IA]",2022-08-06,,not_proposed,,미상정 제출안 · 원문 확인,제출됐으나 본회의 제안·채택 이력이 없다. 이를 부결로 세지 않는다. 비공식 흡수 여부는 이 이력만으로 판단할 수 없다.,SA5194,https://www.congress.gov/amendment/117th-congress/senate-amendment/5361,275
SA5360,"Sen. Fischer, Deb [R-NE]",2022-08-06,,not_proposed,,미상정 제출안 · 원문 확인,제출됐으나 본회의 제안·채택 이력이 없다. 이를 부결로 세지 않는다. 비공식 흡수 여부는 이 이력만으로 판단할 수 없다.,SA5194,https://www.congress.gov/amendment/117th-congress/senate-amendment/5360,275
SA5359,"Sen. Collins, Susan M. [R-ME]",2022-08-06,,not_proposed,,미상정 제출안 · 원문 확인,제출됐으나 본회의 제안·채택 이력이 없다. 이를 부결로 세지 않는다. 비공식 흡수 여부는 이 이력만으로 판단할 수 없다.,SA5194,https://www.congress.gov/amendment/117th-congress/senate-amendment/5359,275
SA5358,"Sen. Collins, Susan M. [R-ME]",2022-08-06,,not_proposed,,미상정 제출안 · 원문 확인,제출됐으나 본회의 제안·채택 이력이 없다. 이를 부결로 세지 않는다. 비공식 흡수 여부는 이 이력만으로 판단할 수 없다.,SA5194,https://www.congress.gov/amendment/117th-congress/senate-amendment/5358,274
SA5357,"Sen. Rubio, Marco [R-FL]",2022-08-06,,not_proposed,,미상정 제출안 · 원문 확인,제출됐으나 본회의 제안·채택 이력이 없다. 이를 부결로 세지 않는다. 비공식 흡수 여부는 이 이력만으로 판단할 수 없다.,SA5194,https://www.congress.gov/amendment/117th-congress/senate-amendment/5357,274
SA5356,"Sen. Rubio, Marco [R-FL]",2022-08-06,,not_proposed,,미상정 제출안 · 원문 확인,제출됐으나 본회의 제안·채택 이력이 없다. 이를 부결로 세지 않는다. 비공식 흡수 여부는 이 이력만으로 판단할 수 없다.,SA5194,https://www.congress.gov/amendment/117th-congress/senate-amendment/5356,274
SA5355,"Sen. Toomey, Patrick [R-PA]",2022-08-06,,not_proposed,,미상정 제출안 · 원문 확인,제출됐으나 본회의 제안·채택 이력이 없다. 이를 부결로 세지 않는다. 비공식 흡수 여부는 이 이력만으로 판단할 수 없다.,SA5194,https://www.congress.gov/amendment/117th-congress/senate-amendment/5355,274
SA5354,"Sen. Toomey, Patrick [R-PA]",2022-08-06,,not_proposed,,미상정 제출안 · 원문 확인,제출됐으나 본회의 제안·채택 이력이 없다. 이를 부결로 세지 않는다. 비공식 흡수 여부는 이 이력만으로 판단할 수 없다.,SA5194,https://www.congress.gov/amendment/117th-congress/senate-amendment/5354,274
SA5353,"Sen. Toomey, Patrick [R-PA]",2022-08-06,,not_proposed,,미상정 제출안 · 원문 확인,제출됐으나 본회의 제안·채택 이력이 없다. 이를 부결로 세지 않는다. 비공식 흡수 여부는 이 이력만으로 판단할 수 없다.,SA5194,https://www.congress.gov/amendment/117th-congress/senate-amendment/5353,274
SA5352,"Sen. Toomey, Patrick [R-PA]",2022-08-06,,not_proposed,,미상정 제출안 · 원문 확인,제출됐으나 본회의 제안·채택 이력이 없다. 이를 부결로 세지 않는다. 비공식 흡수 여부는 이 이력만으로 판단할 수 없다.,HR5376,https://www.congress.gov/amendment/117th-congress/senate-amendment/5352,274
SA5351,"Sen. Toomey, Patrick [R-PA]",2022-08-06,,not_proposed,,미상정 제출안 · 원문 확인,제출됐으나 본회의 제안·채택 이력이 없다. 이를 부결로 세지 않는다. 비공식 흡수 여부는 이 이력만으로 판단할 수 없다.,SA5194,https://www.congress.gov/amendment/117th-congress/senate-amendment/5351,274
SA5350,"Sen. Toomey, Patrick [R-PA]",2022-08-06,,not_proposed,,미상정 제출안 · 원문 확인,제출됐으나 본회의 제안·채택 이력이 없다. 이를 부결로 세지 않는다. 비공식 흡수 여부는 이 이력만으로 판단할 수 없다.,SA5194,https://www.congress.gov/amendment/117th-congress/senate-amendment/5350,273
SA5349,"Sen. Toomey, Patrick [R-PA]",2022-08-06,,not_proposed,,미상정 제출안 · 원문 확인,제출됐으나 본회의 제안·채택 이력이 없다. 이를 부결로 세지 않는다. 비공식 흡수 여부는 이 이력만으로 판단할 수 없다.,SA5194,https://www.congress.gov/amendment/117th-congress/senate-amendment/5349,273
SA5348,"Sen. Lee, Mike [R-UT]",2022-08-06,,not_proposed,,미상정 제출안 · 원문 확인,제출됐으나 본회의 제안·채택 이력이 없다. 이를 부결로 세지 않는다. 비공식 흡수 여부는 이 이력만으로 판단할 수 없다.,HR5376,https://www.congress.gov/amendment/117th-congress/senate-amendment/5348,273
SA5347,"Sen. Lee, Mike [R-UT]",2022-08-06,,not_proposed,,미상정 제출안 · 원문 확인,제출됐으나 본회의 제안·채택 이력이 없다. 이를 부결로 세지 않는다. 비공식 흡수 여부는 이 이력만으로 판단할 수 없다.,SA5194,https://www.congress.gov/amendment/117th-congress/senate-amendment/5347,273
SA5346,"Sen. Lee, Mike [R-UT]",2022-08-06,,not_proposed,,미상정 제출안 · 원문 확인,제출됐으나 본회의 제안·채택 이력이 없다. 이를 부결로 세지 않는다. 비공식 흡수 여부는 이 이력만으로 판단할 수 없다.,SA5194,https://www.congress.gov/amendment/117th-congress/senate-amendment/5346,273
SA5345,"Sen. Lee, Mike [R-UT]",2022-08-06,,not_proposed,,미상정 제출안 · 원문 확인,제출됐으나 본회의 제안·채택 이력이 없다. 이를 부결로 세지 않는다. 비공식 흡수 여부는 이 이력만으로 판단할 수 없다.,SA5194,https://www.congress.gov/amendment/117th-congress/senate-amendment/5345,272
SA5344,"Sen. Lee, Mike [R-UT]",2022-08-06,,not_proposed,,미상정 제출안 · 원문 확인,제출됐으나 본회의 제안·채택 이력이 없다. 이를 부결로 세지 않는다. 비공식 흡수 여부는 이 이력만으로 판단할 수 없다.,SA5194,https://www.congress.gov/amendment/117th-congress/senate-amendment/5344,272
SA5343,"Sen. Lee, Mike [R-UT]",2022-08-06,,not_proposed,,미상정 제출안 · 원문 확인,제출됐으나 본회의 제안·채택 이력이 없다. 이를 부결로 세지 않는다. 비공식 흡수 여부는 이 이력만으로 판단할 수 없다.,SA5194,https://www.congress.gov/amendment/117th-congress/senate-amendment/5343,272
SA5342,"Sen. Lee, Mike [R-UT]",2022-08-06,,not_proposed,,미상정 제출안 · 원문 확인,제출됐으나 본회의 제안·채택 이력이 없다. 이를 부결로 세지 않는다. 비공식 흡수 여부는 이 이력만으로 판단할 수 없다.,SA5194,https://www.congress.gov/amendment/117th-congress/senate-amendment/5342,271
SA5341,"Sen. Lee, Mike [R-UT]",2022-08-06,,not_proposed,,미상정 제출안 · 원문 확인,제출됐으나 본회의 제안·채택 이력이 없다. 이를 부결로 세지 않는다. 비공식 흡수 여부는 이 이력만으로 판단할 수 없다.,SA5194,https://www.congress.gov/amendment/117th-congress/senate-amendment/5341,271
SA5340,"Sen. Lee, Mike [R-UT]",2022-08-06,,not_proposed,,미상정 제출안 · 원문 확인,제출됐으나 본회의 제안·채택 이력이 없다. 이를 부결로 세지 않는다. 비공식 흡수 여부는 이 이력만으로 판단할 수 없다.,SA5194,https://www.congress.gov/amendment/117th-congress/senate-amendment/5340,271
SA5339,"Sen. Lee, Mike [R-UT]",2022-08-06,,not_proposed,,미상정 제출안 · 원문 확인,제출됐으나 본회의 제안·채택 이력이 없다. 이를 부결로 세지 않는다. 비공식 흡수 여부는 이 이력만으로 판단할 수 없다.,SA5194,https://www.congress.gov/amendment/117th-congress/senate-amendment/5339,271
SA5338,"Sen. Lee, Mike [R-UT]",2022-08-06,,not_proposed,,미상정 제출안 · 원문 확인,제출됐으나 본회의 제안·채택 이력이 없다. 이를 부결로 세지 않는다. 비공식 흡수 여부는 이 이력만으로 판단할 수 없다.,SA5194,https://www.congress.gov/amendment/117th-congress/senate-amendment/5338,271
SA5337,"Sen. Lee, Mike [R-UT]",2022-08-06,,not_proposed,,미상정 제출안 · 원문 확인,제출됐으나 본회의 제안·채택 이력이 없다. 이를 부결로 세지 않는다. 비공식 흡수 여부는 이 이력만으로 판단할 수 없다.,HR5376,https://www.congress.gov/amendment/117th-congress/senate-amendment/5337,271
SA5336,"Sen. Lee, Mike [R-UT]",2022-08-06,,not_proposed,,미상정 제출안 · 원문 확인,제출됐으나 본회의 제안·채택 이력이 없다. 이를 부결로 세지 않는다. 비공식 흡수 여부는 이 이력만으로 판단할 수 없다.,HR5376,https://www.congress.gov/amendment/117th-congress/senate-amendment/5336,270
SA5335,"Sen. Lee, Mike [R-UT]",2022-08-06,,not_proposed,,미상정 제출안 · 원문 확인,제출됐으나 본회의 제안·채택 이력이 없다. 이를 부결로 세지 않는다. 비공식 흡수 여부는 이 이력만으로 판단할 수 없다.,SA5194,https://www.congress.gov/amendment/117th-congress/senate-amendment/5335,267
SA5334,"Sen. Lee, Mike [R-UT]",2022-08-06,,not_proposed,,미상정 제출안 · 원문 확인,제출됐으나 본회의 제안·채택 이력이 없다. 이를 부결로 세지 않는다. 비공식 흡수 여부는 이 이력만으로 판단할 수 없다.,HR5376,https://www.congress.gov/amendment/117th-congress/senate-amendment/5334,267
SA5333,"Sen. Lee, Mike [R-UT]",2022-08-06,,not_proposed,,미상정 제출안 · 원문 확인,제출됐으나 본회의 제안·채택 이력이 없다. 이를 부결로 세지 않는다. 비공식 흡수 여부는 이 이력만으로 판단할 수 없다.,SA5194,https://www.congress.gov/amendment/117th-congress/senate-amendment/5333,266
SA5332,"Sen. Lee, Mike [R-UT]",2022-08-06,,not_proposed,,미상정 제출안 · 원문 확인,제출됐으나 본회의 제안·채택 이력이 없다. 이를 부결로 세지 않는다. 비공식 흡수 여부는 이 이력만으로 판단할 수 없다.,SA5194,https://www.congress.gov/amendment/117th-congress/senate-amendment/5332,266
SA5331,"Sen. Braun, Mike [R-IN]",2022-08-06,,not_proposed,,미상정 제출안 · 원문 확인,제출됐으나 본회의 제안·채택 이력이 없다. 이를 부결로 세지 않는다. 비공식 흡수 여부는 이 이력만으로 판단할 수 없다.,SA5194,https://www.congress.gov/amendment/117th-congress/senate-amendment/5331,266
SA5330,"Sen. Romney, Mitt [R-UT]",2022-08-06,,not_proposed,,미상정 제출안 · 원문 확인,제출됐으나 본회의 제안·채택 이력이 없다. 이를 부결로 세지 않는다. 비공식 흡수 여부는 이 이력만으로 판단할 수 없다.,SA5194,https://www.congress.gov/amendment/117th-congress/senate-amendment/5330,266
SA5329,"Sen. Cruz, Ted [R-TX]",2022-08-06,,not_proposed,,미상정 제출안 · 원문 확인,제출됐으나 본회의 제안·채택 이력이 없다. 이를 부결로 세지 않는다. 비공식 흡수 여부는 이 이력만으로 판단할 수 없다.,SA5194,https://www.congress.gov/amendment/117th-congress/senate-amendment/5329,266
SA5328,"Sen. Lummis, Cynthia M. [R-WY]",2022-08-06,,not_proposed,,미상정 제출안 · 원문 확인,제출됐으나 본회의 제안·채택 이력이 없다. 이를 부결로 세지 않는다. 비공식 흡수 여부는 이 이력만으로 판단할 수 없다.,SA5194,https://www.congress.gov/amendment/117th-congress/senate-amendment/5328,263
SA5327,"Sen. Lee, Mike [R-UT]",2022-08-06,,not_proposed,,미상정 제출안 · 원문 확인,제출됐으나 본회의 제안·채택 이력이 없다. 이를 부결로 세지 않는다. 비공식 흡수 여부는 이 이력만으로 판단할 수 없다.,SA5194,https://www.congress.gov/amendment/117th-congress/senate-amendment/5327,263
SA5326,"Sen. Lee, Mike [R-UT]",2022-08-06,,not_proposed,,미상정 제출안 · 원문 확인,제출됐으나 본회의 제안·채택 이력이 없다. 이를 부결로 세지 않는다. 비공식 흡수 여부는 이 이력만으로 판단할 수 없다.,SA5194,https://www.congress.gov/amendment/117th-congress/senate-amendment/5326,263
SA5325,"Sen. Lee, Mike [R-UT]",2022-08-06,,not_proposed,,미상정 제출안 · 원문 확인,제출됐으나 본회의 제안·채택 이력이 없다. 이를 부결로 세지 않는다. 비공식 흡수 여부는 이 이력만으로 판단할 수 없다.,SA5194,https://www.congress.gov/amendment/117th-congress/senate-amendment/5325,263
SA5324,"Sen. Lee, Mike [R-UT]",2022-08-06,,not_proposed,,미상정 제출안 · 원문 확인,제출됐으나 본회의 제안·채택 이력이 없다. 이를 부결로 세지 않는다. 비공식 흡수 여부는 이 이력만으로 판단할 수 없다.,SA5194,https://www.congress.gov/amendment/117th-congress/senate-amendment/5324,263
SA5323,"Sen. Lee, Mike [R-UT]",2022-08-06,,not_proposed,,미상정 제출안 · 원문 확인,제출됐으나 본회의 제안·채택 이력이 없다. 이를 부결로 세지 않는다. 비공식 흡수 여부는 이 이력만으로 판단할 수 없다.,SA5194,https://www.congress.gov/amendment/117th-congress/senate-amendment/5323,263
SA5322,"Sen. Lee, Mike [R-UT]",2022-08-06,,not_proposed,,미상정 제출안 · 원문 확인,제출됐으나 본회의 제안·채택 이력이 없다. 이를 부결로 세지 않는다. 비공식 흡수 여부는 이 이력만으로 판단할 수 없다.,SA5194,https://www.congress.gov/amendment/117th-congress/senate-amendment/5322,263
SA5321,"Sen. Lee, Mike [R-UT]",2022-08-06,,not_proposed,,미상정 제출안 · 원문 확인,제출됐으나 본회의 제안·채택 이력이 없다. 이를 부결로 세지 않는다. 비공식 흡수 여부는 이 이력만으로 판단할 수 없다.,SA5194,https://www.congress.gov/amendment/117th-congress/senate-amendment/5321,263
SA5320,"Sen. Lee, Mike [R-UT]",2022-08-06,,not_proposed,,미상정 제출안 · 원문 확인,제출됐으나 본회의 제안·채택 이력이 없다. 이를 부결로 세지 않는다. 비공식 흡수 여부는 이 이력만으로 판단할 수 없다.,SA5194,https://www.congress.gov/amendment/117th-congress/senate-amendment/5320,263
SA5319,"Sen. Lee, Mike [R-UT]",2022-08-06,,not_proposed,,미상정 제출안 · 원문 확인,제출됐으나 본회의 제안·채택 이력이 없다. 이를 부결로 세지 않는다. 비공식 흡수 여부는 이 이력만으로 판단할 수 없다.,SA5194,https://www.congress.gov/amendment/117th-congress/senate-amendment/5319,262
SA5318,"Sen. Lee, Mike [R-UT]",2022-08-06,,not_proposed,,미상정 제출안 · 원문 확인,제출됐으나 본회의 제안·채택 이력이 없다. 이를 부결로 세지 않는다. 비공식 흡수 여부는 이 이력만으로 판단할 수 없다.,SA5194,https://www.congress.gov/amendment/117th-congress/senate-amendment/5318,262
SA5317,"Sen. Lee, Mike [R-UT]",2022-08-06,,not_proposed,,미상정 제출안 · 원문 확인,제출됐으나 본회의 제안·채택 이력이 없다. 이를 부결로 세지 않는다. 비공식 흡수 여부는 이 이력만으로 판단할 수 없다.,SA5194,https://www.congress.gov/amendment/117th-congress/senate-amendment/5317,262
SA5316,"Sen. Lee, Mike [R-UT]",2022-08-06,2022-08-07,rejected,"To reduce funding for home energy performance-based, whole-house rebates and to provide funding for supplemental payments under the payments in lieu of taxes program.",주택 에너지 환급 예산을 지방정부 보상금으로 이전,해당 수정안은 부결되어 이 처리 경로로 반영되지 않았다.,SA5194,https://www.congress.gov/amendment/117th-congress/senate-amendment/5316,262
SA5315,"Sen. Lee, Mike [R-UT]",2022-08-06,,not_proposed,,미상정 제출안 · 원문 확인,제출됐으나 본회의 제안·채택 이력이 없다. 이를 부결로 세지 않는다. 비공식 흡수 여부는 이 이력만으로 판단할 수 없다.,HR5376,https://www.congress.gov/amendment/117th-congress/senate-amendment/5315,262
SA5314,"Sen. Lee, Mike [R-UT]",2022-08-06,,not_proposed,,미상정 제출안 · 원문 확인,제출됐으나 본회의 제안·채택 이력이 없다. 이를 부결로 세지 않는다. 비공식 흡수 여부는 이 이력만으로 판단할 수 없다.,SA5194,https://www.congress.gov/amendment/117th-congress/senate-amendment/5314,262
SA5313,"Sen. Lee, Mike [R-UT]",2022-08-06,,not_proposed,,미상정 제출안 · 원문 확인,제출됐으나 본회의 제안·채택 이력이 없다. 이를 부결로 세지 않는다. 비공식 흡수 여부는 이 이력만으로 판단할 수 없다.,SA5194,https://www.congress.gov/amendment/117th-congress/senate-amendment/5313,262
SA5312,"Sen. Lee, Mike [R-UT]",2022-08-06,,not_proposed,,미상정 제출안 · 원문 확인,제출됐으나 본회의 제안·채택 이력이 없다. 이를 부결로 세지 않는다. 비공식 흡수 여부는 이 이력만으로 판단할 수 없다.,SA5194,https://www.congress.gov/amendment/117th-congress/senate-amendment/5312,262
SA5311,"Sen. Lee, Mike [R-UT]",2022-08-06,,not_proposed,,미상정 제출안 · 원문 확인,제출됐으나 본회의 제안·채택 이력이 없다. 이를 부결로 세지 않는다. 비공식 흡수 여부는 이 이력만으로 판단할 수 없다.,SA5194,https://www.congress.gov/amendment/117th-congress/senate-amendment/5311,262
SA5310,"Sen. Lee, Mike [R-UT]",2022-08-06,,not_proposed,,미상정 제출안 · 원문 확인,제출됐으나 본회의 제안·채택 이력이 없다. 이를 부결로 세지 않는다. 비공식 흡수 여부는 이 이력만으로 판단할 수 없다.,SA5194,https://www.congress.gov/amendment/117th-congress/senate-amendment/5310,262
SA5309,"Sen. Lee, Mike [R-UT]",2022-08-06,,not_proposed,,미상정 제출안 · 원문 확인,제출됐으나 본회의 제안·채택 이력이 없다. 이를 부결로 세지 않는다. 비공식 흡수 여부는 이 이력만으로 판단할 수 없다.,SA5194,https://www.congress.gov/amendment/117th-congress/senate-amendment/5309,262
SA5308,"Sen. Lee, Mike [R-UT]",2022-08-06,,not_proposed,,미상정 제출안 · 원문 확인,제출됐으나 본회의 제안·채택 이력이 없다. 이를 부결로 세지 않는다. 비공식 흡수 여부는 이 이력만으로 판단할 수 없다.,SA5194,https://www.congress.gov/amendment/117th-congress/senate-amendment/5308,262
SA5307,"Sen. Lee, Mike [R-UT]",2022-08-06,,not_proposed,,미상정 제출안 · 원문 확인,제출됐으나 본회의 제안·채택 이력이 없다. 이를 부결로 세지 않는다. 비공식 흡수 여부는 이 이력만으로 판단할 수 없다.,HR5376,https://www.congress.gov/amendment/117th-congress/senate-amendment/5307,261
SA5306,"Sen. Cornyn, John [R-TX]",2022-08-06,,not_proposed,,미상정 제출안 · 원문 확인,제출됐으나 본회의 제안·채택 이력이 없다. 이를 부결로 세지 않는다. 비공식 흡수 여부는 이 이력만으로 판단할 수 없다.,SA5194,https://www.congress.gov/amendment/117th-congress/senate-amendment/5306,260
SA5305,"Sen. Cornyn, John [R-TX]",2022-08-06,,not_proposed,,미상정 제출안 · 원문 확인,제출됐으나 본회의 제안·채택 이력이 없다. 이를 부결로 세지 않는다. 비공식 흡수 여부는 이 이력만으로 판단할 수 없다.,SA5194,https://www.congress.gov/amendment/117th-congress/senate-amendment/5305,260
SA5304,"Sen. Fischer, Deb [R-NE]",2022-08-06,,not_proposed,,미상정 제출안 · 원문 확인,제출됐으나 본회의 제안·채택 이력이 없다. 이를 부결로 세지 않는다. 비공식 흡수 여부는 이 이력만으로 판단할 수 없다.,SA5194,https://www.congress.gov/amendment/117th-congress/senate-amendment/5304,260
SA5303,"Sen. Fischer, Deb [R-NE]",2022-08-06,,not_proposed,,미상정 제출안 · 원문 확인,제출됐으나 본회의 제안·채택 이력이 없다. 이를 부결로 세지 않는다. 비공식 흡수 여부는 이 이력만으로 판단할 수 없다.,SA5194,https://www.congress.gov/amendment/117th-congress/senate-amendment/5303,260
SA5302,"Sen. Fischer, Deb [R-NE]",2022-08-06,,not_proposed,,미상정 제출안 · 원문 확인,제출됐으나 본회의 제안·채택 이력이 없다. 이를 부결로 세지 않는다. 비공식 흡수 여부는 이 이력만으로 판단할 수 없다.,SA5194,https://www.congress.gov/amendment/117th-congress/senate-amendment/5302,260
SA5301,"Sen. Graham, Lindsey [R-SC]",2022-08-06,2022-08-07,rejected,"To strike a tax increase that would result in higher consumer prices for gasoline, heating oil, and other energy sources for Americans earning less than $400,000 per year.",에너지 관련 증세 조항 삭제 제안,해당 수정안은 부결되어 이 처리 경로로 반영되지 않았다.,SA5194,https://www.congress.gov/amendment/117th-congress/senate-amendment/5301,260
SA5300,"Sen. Merkley, Jeff [D-OR]",2022-08-06,,not_proposed,,미상정 제출안 · 원문 확인,제출됐으나 본회의 제안·채택 이력이 없다. 이를 부결로 세지 않는다. 비공식 흡수 여부는 이 이력만으로 판단할 수 없다.,SA5194,https://www.congress.gov/amendment/117th-congress/senate-amendment/5300,256
SA5299,"Sen. Merkley, Jeff [D-OR]",2022-08-06,,not_proposed,,미상정 제출안 · 원문 확인,제출됐으나 본회의 제안·채택 이력이 없다. 이를 부결로 세지 않는다. 비공식 흡수 여부는 이 이력만으로 판단할 수 없다.,SA5194,https://www.congress.gov/amendment/117th-congress/senate-amendment/5299,251
SA5298,"Sen. Merkley, Jeff [D-OR]",2022-08-06,,not_proposed,,미상정 제출안 · 원문 확인,제출됐으나 본회의 제안·채택 이력이 없다. 이를 부결로 세지 않는다. 비공식 흡수 여부는 이 이력만으로 판단할 수 없다.,HR5376,https://www.congress.gov/amendment/117th-congress/senate-amendment/5298,248
SA5297,"Sen. Merkley, Jeff [D-OR]",2022-08-06,,not_proposed,,미상정 제출안 · 원문 확인,제출됐으나 본회의 제안·채택 이력이 없다. 이를 부결로 세지 않는다. 비공식 흡수 여부는 이 이력만으로 판단할 수 없다.,SA5194,https://www.congress.gov/amendment/117th-congress/senate-amendment/5297,247
SA5296,"Sen. Merkley, Jeff [D-OR]",2022-08-06,,not_proposed,,미상정 제출안 · 원문 확인,제출됐으나 본회의 제안·채택 이력이 없다. 이를 부결로 세지 않는다. 비공식 흡수 여부는 이 이력만으로 판단할 수 없다.,SA5194,https://www.congress.gov/amendment/117th-congress/senate-amendment/5296,247
SA5295,"Sen. Merkley, Jeff [D-OR]",2022-08-06,,not_proposed,,미상정 제출안 · 원문 확인,제출됐으나 본회의 제안·채택 이력이 없다. 이를 부결로 세지 않는다. 비공식 흡수 여부는 이 이력만으로 판단할 수 없다.,HR5376,https://www.congress.gov/amendment/117th-congress/senate-amendment/5295,247
SA5294,"Sen. Merkley, Jeff [D-OR]",2022-08-06,,not_proposed,,미상정 제출안 · 원문 확인,제출됐으나 본회의 제안·채택 이력이 없다. 이를 부결로 세지 않는다. 비공식 흡수 여부는 이 이력만으로 판단할 수 없다.,SA5194,https://www.congress.gov/amendment/117th-congress/senate-amendment/5294,246
SA5293,"Sen. Merkley, Jeff [D-OR]",2022-08-06,,not_proposed,,미상정 제출안 · 원문 확인,제출됐으나 본회의 제안·채택 이력이 없다. 이를 부결로 세지 않는다. 비공식 흡수 여부는 이 이력만으로 판단할 수 없다.,SA5194,https://www.congress.gov/amendment/117th-congress/senate-amendment/5293,246
SA5292,"Sen. Merkley, Jeff [D-OR]",2022-08-06,,not_proposed,,미상정 제출안 · 원문 확인,제출됐으나 본회의 제안·채택 이력이 없다. 이를 부결로 세지 않는다. 비공식 흡수 여부는 이 이력만으로 판단할 수 없다.,SA5194,https://www.congress.gov/amendment/117th-congress/senate-amendment/5292,245
SA5291,"Sen. Merkley, Jeff [D-OR]",2022-08-06,,not_proposed,,미상정 제출안 · 원문 확인,제출됐으나 본회의 제안·채택 이력이 없다. 이를 부결로 세지 않는다. 비공식 흡수 여부는 이 이력만으로 판단할 수 없다.,SA5194,https://www.congress.gov/amendment/117th-congress/senate-amendment/5291,245
SA5290,"Sen. Blackburn, Marsha [R-TN]",2022-08-06,,not_proposed,,미상정 제출안 · 원문 확인,제출됐으나 본회의 제안·채택 이력이 없다. 이를 부결로 세지 않는다. 비공식 흡수 여부는 이 이력만으로 판단할 수 없다.,SA5194,https://www.congress.gov/amendment/117th-congress/senate-amendment/5290,245
SA5289,"Sen. Blackburn, Marsha [R-TN]",2022-08-06,,not_proposed,,미상정 제출안 · 원문 확인,제출됐으나 본회의 제안·채택 이력이 없다. 이를 부결로 세지 않는다. 비공식 흡수 여부는 이 이력만으로 판단할 수 없다.,SA5194,https://www.congress.gov/amendment/117th-congress/senate-amendment/5289,245
SA5288,"Sen. Blackburn, Marsha [R-TN]",2022-08-06,,not_proposed,,미상정 제출안 · 원문 확인,제출됐으나 본회의 제안·채택 이력이 없다. 이를 부결로 세지 않는다. 비공식 흡수 여부는 이 이력만으로 판단할 수 없다.,SA5194,https://www.congress.gov/amendment/117th-congress/senate-amendment/5288,245
SA5287,"Sen. Cruz, Ted [R-TX]",2022-08-06,,not_proposed,,미상정 제출안 · 원문 확인,제출됐으나 본회의 제안·채택 이력이 없다. 이를 부결로 세지 않는다. 비공식 흡수 여부는 이 이력만으로 판단할 수 없다.,SA5194,https://www.congress.gov/amendment/117th-congress/senate-amendment/5287,245
SA5286,"Sen. Cruz, Ted [R-TX]",2022-08-06,,not_proposed,,미상정 제출안 · 원문 확인,제출됐으나 본회의 제안·채택 이력이 없다. 이를 부결로 세지 않는다. 비공식 흡수 여부는 이 이력만으로 판단할 수 없다.,SA5194,https://www.congress.gov/amendment/117th-congress/senate-amendment/5286,245
SA5285,"Sen. Cruz, Ted [R-TX]",2022-08-06,,not_proposed,,미상정 제출안 · 원문 확인,제출됐으나 본회의 제안·채택 이력이 없다. 이를 부결로 세지 않는다. 비공식 흡수 여부는 이 이력만으로 판단할 수 없다.,SA5194,https://www.congress.gov/amendment/117th-congress/senate-amendment/5285,242
SA5284,"Sen. Tillis, Thomas [R-NC]",2022-08-06,,not_proposed,,미상정 제출안 · 원문 확인,제출됐으나 본회의 제안·채택 이력이 없다. 이를 부결로 세지 않는다. 비공식 흡수 여부는 이 이력만으로 판단할 수 없다.,SA5194,https://www.congress.gov/amendment/117th-congress/senate-amendment/5284,242
SA5283,"Sen. Tillis, Thomas [R-NC]",2022-08-06,,not_proposed,,미상정 제출안 · 원문 확인,제출됐으나 본회의 제안·채택 이력이 없다. 이를 부결로 세지 않는다. 비공식 흡수 여부는 이 이력만으로 판단할 수 없다.,SA5194,https://www.congress.gov/amendment/117th-congress/senate-amendment/5283,242
SA5282,"Sen. Tillis, Thomas [R-NC]",2022-08-06,,not_proposed,,미상정 제출안 · 원문 확인,제출됐으나 본회의 제안·채택 이력이 없다. 이를 부결로 세지 않는다. 비공식 흡수 여부는 이 이력만으로 판단할 수 없다.,SA5194,https://www.congress.gov/amendment/117th-congress/senate-amendment/5282,242
SA5281,"Sen. Sanders, Bernard [I-VT]",2022-08-06,2022-08-07,rejected,To modify the bill.,§§13104–50265 에너지·기후 조항 대체,해당 수정안은 부결되어 이 처리 경로로 반영되지 않았다.,SA5194,https://www.congress.gov/amendment/117th-congress/senate-amendment/5281,207
SA5280,"Sen. Wicker, Roger F. [R-MS]",2022-08-06,,not_proposed,,미상정 제출안 · 원문 확인,제출됐으나 본회의 제안·채택 이력이 없다. 이를 부결로 세지 않는다. 비공식 흡수 여부는 이 이력만으로 판단할 수 없다.,SA5194,https://www.congress.gov/amendment/117th-congress/senate-amendment/5280,207
SA5279,"Sen. Wicker, Roger F. [R-MS]",2022-08-06,,not_proposed,,미상정 제출안 · 원문 확인,제출됐으나 본회의 제안·채택 이력이 없다. 이를 부결로 세지 않는다. 비공식 흡수 여부는 이 이력만으로 판단할 수 없다.,SA5194,https://www.congress.gov/amendment/117th-congress/senate-amendment/5279,207
SA5278,"Sen. Kennedy, John [R-LA]",2022-08-06,,not_proposed,,미상정 제출안 · 원문 확인,제출됐으나 본회의 제안·채택 이력이 없다. 이를 부결로 세지 않는다. 비공식 흡수 여부는 이 이력만으로 판단할 수 없다.,SA5194,https://www.congress.gov/amendment/117th-congress/senate-amendment/5278,207
SA5277,"Sen. Kennedy, John [R-LA]",2022-08-06,,not_proposed,,미상정 제출안 · 원문 확인,제출됐으나 본회의 제안·채택 이력이 없다. 이를 부결로 세지 않는다. 비공식 흡수 여부는 이 이력만으로 판단할 수 없다.,SA5194,https://www.congress.gov/amendment/117th-congress/senate-amendment/5277,207
SA5276,"Sen. Cruz, Ted [R-TX]",2022-08-06,,not_proposed,,미상정 제출안 · 원문 확인,제출됐으나 본회의 제안·채택 이력이 없다. 이를 부결로 세지 않는다. 비공식 흡수 여부는 이 이력만으로 판단할 수 없다.,SA5194,https://www.congress.gov/amendment/117th-congress/senate-amendment/5276,207
SA5275,"Sen. Cruz, Ted [R-TX]",2022-08-06,,not_proposed,,미상정 제출안 · 원문 확인,제출됐으나 본회의 제안·채택 이력이 없다. 이를 부결로 세지 않는다. 비공식 흡수 여부는 이 이력만으로 판단할 수 없다.,SA5194,https://www.congress.gov/amendment/117th-congress/senate-amendment/5275,206
SA5274,"Sen. Ernst, Joni [R-IA]",2022-08-06,,not_proposed,,미상정 제출안 · 원문 확인,제출됐으나 본회의 제안·채택 이력이 없다. 이를 부결로 세지 않는다. 비공식 흡수 여부는 이 이력만으로 판단할 수 없다.,SA5194,https://www.congress.gov/amendment/117th-congress/senate-amendment/5274,206
SA5273,"Sen. Thune, John [R-SD]",2022-08-06,,not_proposed,,미상정 제출안 · 원문 확인,제출됐으나 본회의 제안·채택 이력이 없다. 이를 부결로 세지 않는다. 비공식 흡수 여부는 이 이력만으로 판단할 수 없다.,SA5194,https://www.congress.gov/amendment/117th-congress/senate-amendment/5273,203
SA5272,"Sen. Scott, Tim [R-SC]",2022-08-06,,not_proposed,,미상정 제출안 · 원문 확인,제출됐으나 본회의 제안·채택 이력이 없다. 이를 부결로 세지 않는다. 비공식 흡수 여부는 이 이력만으로 판단할 수 없다.,SA5194,https://www.congress.gov/amendment/117th-congress/senate-amendment/5272,203
SA5271,"Sen. Boozman, John [R-AR]",2022-08-06,,not_proposed,,미상정 제출안 · 원문 확인,제출됐으나 본회의 제안·채택 이력이 없다. 이를 부결로 세지 않는다. 비공식 흡수 여부는 이 이력만으로 판단할 수 없다.,SA5194,https://www.congress.gov/amendment/117th-congress/senate-amendment/5271,203
SA5270,"Sen. Daines, Steve [R-MT]",2022-08-06,,not_proposed,,미상정 제출안 · 원문 확인,제출됐으나 본회의 제안·채택 이력이 없다. 이를 부결로 세지 않는다. 비공식 흡수 여부는 이 이력만으로 판단할 수 없다.,SA5194,https://www.congress.gov/amendment/117th-congress/senate-amendment/5270,203
SA5269,"Sen. Daines, Steve [R-MT]",2022-08-06,,not_proposed,,미상정 제출안 · 원문 확인,제출됐으나 본회의 제안·채택 이력이 없다. 이를 부결로 세지 않는다. 비공식 흡수 여부는 이 이력만으로 판단할 수 없다.,SA5194,https://www.congress.gov/amendment/117th-congress/senate-amendment/5269,203
SA5268,"Sen. Daines, Steve [R-MT]",2022-08-06,,not_proposed,,미상정 제출안 · 원문 확인,제출됐으나 본회의 제안·채택 이력이 없다. 이를 부결로 세지 않는다. 비공식 흡수 여부는 이 이력만으로 판단할 수 없다.,SA5194,https://www.congress.gov/amendment/117th-congress/senate-amendment/5268,202
SA5267,"Sen. Daines, Steve [R-MT]",2022-08-06,,not_proposed,,미상정 제출안 · 원문 확인,제출됐으나 본회의 제안·채택 이력이 없다. 이를 부결로 세지 않는다. 비공식 흡수 여부는 이 이력만으로 판단할 수 없다.,SA5194,https://www.congress.gov/amendment/117th-congress/senate-amendment/5267,202
SA5266,"Sen. Daines, Steve [R-MT]",2022-08-06,,not_proposed,,미상정 제출안 · 원문 확인,제출됐으나 본회의 제안·채택 이력이 없다. 이를 부결로 세지 않는다. 비공식 흡수 여부는 이 이력만으로 판단할 수 없다.,SA5194,https://www.congress.gov/amendment/117th-congress/senate-amendment/5266,202
SA5265,"Sen. Cruz, Ted [R-TX]",2022-08-06,2022-08-07,out_of_order,To provide for certain conditions on the export to China of crude oil from the Strategic Petroleum Reserve.,전략비축유의 중국 수출 제한 조건,예산규율 면제 동의가 필요한 표를 얻지 못해 의사진행상 배제됐다.,SA5194,https://www.congress.gov/amendment/117th-congress/senate-amendment/5265,202
SA5264,"Sen. Cruz, Ted [R-TX]",2022-08-06,,not_proposed,,미상정 제출안 · 원문 확인,제출됐으나 본회의 제안·채택 이력이 없다. 이를 부결로 세지 않는다. 비공식 흡수 여부는 이 이력만으로 판단할 수 없다.,SA5194,https://www.congress.gov/amendment/117th-congress/senate-amendment/5264,202
SA5263,"Sen. Cruz, Ted [R-TX]",2022-08-06,2022-08-07,rejected,"To strike the $80,000,000,000 slush fund for the Internal Revenue Service to prevent the hiring of 87,000 new Internal Revenue Service employees that will surveil and audit the private account information and transaction data of innocent Americans and small businesses.",IRS 추가 예산 약 800억 달러 삭제,해당 수정안은 부결되어 이 처리 경로로 반영되지 않았다.,SA5194,https://www.congress.gov/amendment/117th-congress/senate-amendment/5263,202
SA5262,"Sen. Warnock, Raphael G. [D-GA]",2022-08-06,2022-08-07,out_of_order,To make health care coverage available to low-income adults in States that have not expanded Medicaid.,메디케이드 미확대 주 저소득 성인 보장,예산규율 면제 동의가 필요한 표를 얻지 못해 의사진행상 배제됐다.,SA5194,https://www.congress.gov/amendment/117th-congress/senate-amendment/5262,200
SA5261,"Sen. Ernst, Joni [R-IA]",2022-08-06,,not_proposed,,미상정 제출안 · 원문 확인,제출됐으나 본회의 제안·채택 이력이 없다. 이를 부결로 세지 않는다. 비공식 흡수 여부는 이 이력만으로 판단할 수 없다.,SA5194,https://www.congress.gov/amendment/117th-congress/senate-amendment/5261,200
SA5260,"Sen. Ernst, Joni [R-IA]",2022-08-06,,not_proposed,,미상정 제출안 · 원문 확인,제출됐으나 본회의 제안·채택 이력이 없다. 이를 부결로 세지 않는다. 비공식 흡수 여부는 이 이력만으로 판단할 수 없다.,HR5376,https://www.congress.gov/amendment/117th-congress/senate-amendment/5260,200
SA5259,"Sen. Ernst, Joni [R-IA]",2022-08-06,,not_proposed,,미상정 제출안 · 원문 확인,제출됐으나 본회의 제안·채택 이력이 없다. 이를 부결로 세지 않는다. 비공식 흡수 여부는 이 이력만으로 판단할 수 없다.,SA5194,https://www.congress.gov/amendment/117th-congress/senate-amendment/5259,200
SA5258,"Sen. Daines, Steve [R-MT]",2022-08-06,,not_proposed,,미상정 제출안 · 원문 확인,제출됐으나 본회의 제안·채택 이력이 없다. 이를 부결로 세지 않는다. 비공식 흡수 여부는 이 이력만으로 판단할 수 없다.,SA5194,https://www.congress.gov/amendment/117th-congress/senate-amendment/5258,200
SA5257,"Sen. Daines, Steve [R-MT]",2022-08-06,,not_proposed,,미상정 제출안 · 원문 확인,제출됐으나 본회의 제안·채택 이력이 없다. 이를 부결로 세지 않는다. 비공식 흡수 여부는 이 이력만으로 판단할 수 없다.,SA5194,https://www.congress.gov/amendment/117th-congress/senate-amendment/5257,200
SA5256,"Sen. Daines, Steve [R-MT]",2022-08-06,,not_proposed,,미상정 제출안 · 원문 확인,제출됐으나 본회의 제안·채택 이력이 없다. 이를 부결로 세지 않는다. 비공식 흡수 여부는 이 이력만으로 판단할 수 없다.,SA5194,https://www.congress.gov/amendment/117th-congress/senate-amendment/5256,200
SA5255,"Sen. Daines, Steve [R-MT]",2022-08-06,,not_proposed,,미상정 제출안 · 원문 확인,제출됐으나 본회의 제안·채택 이력이 없다. 이를 부결로 세지 않는다. 비공식 흡수 여부는 이 이력만으로 판단할 수 없다.,SA5194,https://www.congress.gov/amendment/117th-congress/senate-amendment/5255,200
SA5254,"Sen. Inhofe, James M. [R-OK]",2022-08-06,,not_proposed,,미상정 제출안 · 원문 확인,제출됐으나 본회의 제안·채택 이력이 없다. 이를 부결로 세지 않는다. 비공식 흡수 여부는 이 이력만으로 판단할 수 없다.,SA5194,https://www.congress.gov/amendment/117th-congress/senate-amendment/5254,199
SA5253,"Sen. Thune, John [R-SD]",2022-08-06,,not_proposed,,미상정 제출안 · 원문 확인,제출됐으나 본회의 제안·채택 이력이 없다. 이를 부결로 세지 않는다. 비공식 흡수 여부는 이 이력만으로 판단할 수 없다.,SA5194,https://www.congress.gov/amendment/117th-congress/senate-amendment/5253,199
SA5252,"Sen. Thune, John [R-SD]",2022-08-06,,not_proposed,,미상정 제출안 · 원문 확인,제출됐으나 본회의 제안·채택 이력이 없다. 이를 부결로 세지 않는다. 비공식 흡수 여부는 이 이력만으로 판단할 수 없다.,SA5194,https://www.congress.gov/amendment/117th-congress/senate-amendment/5252,199
SA5251,"Sen. Thune, John [R-SD]",2022-08-06,,not_proposed,,미상정 제출안 · 원문 확인,제출됐으나 본회의 제안·채택 이력이 없다. 이를 부결로 세지 않는다. 비공식 흡수 여부는 이 이력만으로 판단할 수 없다.,SA5194,https://www.congress.gov/amendment/117th-congress/senate-amendment/5251,199
SA5250,"Sen. Thune, John [R-SD]",2022-08-06,,not_proposed,,미상정 제출안 · 원문 확인,제출됐으나 본회의 제안·채택 이력이 없다. 이를 부결로 세지 않는다. 비공식 흡수 여부는 이 이력만으로 판단할 수 없다.,SA5194,https://www.congress.gov/amendment/117th-congress/senate-amendment/5250,199
SA5249,"Sen. Thune, John [R-SD]",2022-08-06,,not_proposed,,미상정 제출안 · 원문 확인,제출됐으나 본회의 제안·채택 이력이 없다. 이를 부결로 세지 않는다. 비공식 흡수 여부는 이 이력만으로 판단할 수 없다.,SA5194,https://www.congress.gov/amendment/117th-congress/senate-amendment/5249,199
SA5248,"Sen. Thune, John [R-SD]",2022-08-06,,not_proposed,,미상정 제출안 · 원문 확인,제출됐으나 본회의 제안·채택 이력이 없다. 이를 부결로 세지 않는다. 비공식 흡수 여부는 이 이력만으로 판단할 수 없다.,SA5194,https://www.congress.gov/amendment/117th-congress/senate-amendment/5248,199
SA5247,"Sen. Ernst, Joni [R-IA]",2022-08-06,,not_proposed,,미상정 제출안 · 원문 확인,제출됐으나 본회의 제안·채택 이력이 없다. 이를 부결로 세지 않는다. 비공식 흡수 여부는 이 이력만으로 판단할 수 없다.,SA5194,https://www.congress.gov/amendment/117th-congress/senate-amendment/5247,199
SA5246,"Sen. Ernst, Joni [R-IA]",2022-08-06,,not_proposed,,미상정 제출안 · 원문 확인,제출됐으나 본회의 제안·채택 이력이 없다. 이를 부결로 세지 않는다. 비공식 흡수 여부는 이 이력만으로 판단할 수 없다.,SA5194,https://www.congress.gov/amendment/117th-congress/senate-amendment/5246,199
SA5245,"Sen. Ernst, Joni [R-IA]",2022-08-06,,not_proposed,,미상정 제출안 · 원문 확인,제출됐으나 본회의 제안·채택 이력이 없다. 이를 부결로 세지 않는다. 비공식 흡수 여부는 이 이력만으로 판단할 수 없다.,SA5194,https://www.congress.gov/amendment/117th-congress/senate-amendment/5245,199
SA5244,"Sen. Marshall, Roger [R-KS]",2022-08-06,,not_proposed,,미상정 제출안 · 원문 확인,제출됐으나 본회의 제안·채택 이력이 없다. 이를 부결로 세지 않는다. 비공식 흡수 여부는 이 이력만으로 판단할 수 없다.,SA5194,https://www.congress.gov/amendment/117th-congress/senate-amendment/5244,199
SA5243,"Sen. Marshall, Roger [R-KS]",2022-08-06,,not_proposed,,미상정 제출안 · 원문 확인,제출됐으나 본회의 제안·채택 이력이 없다. 이를 부결로 세지 않는다. 비공식 흡수 여부는 이 이력만으로 판단할 수 없다.,SA5194,https://www.congress.gov/amendment/117th-congress/senate-amendment/5243,199
SA5242,"Sen. Braun, Mike [R-IN]",2022-08-06,,not_proposed,,미상정 제출안 · 원문 확인,제출됐으나 본회의 제안·채택 이력이 없다. 이를 부결로 세지 않는다. 비공식 흡수 여부는 이 이력만으로 판단할 수 없다.,HR5376,https://www.congress.gov/amendment/117th-congress/senate-amendment/5242,198
SA5241,"Sen. Braun, Mike [R-IN]",2022-08-06,,not_proposed,,미상정 제출안 · 원문 확인,제출됐으나 본회의 제안·채택 이력이 없다. 이를 부결로 세지 않는다. 비공식 흡수 여부는 이 이력만으로 판단할 수 없다.,SA5194,https://www.congress.gov/amendment/117th-congress/senate-amendment/5241,198
SA5240,"Sen. Braun, Mike [R-IN]",2022-08-06,,not_proposed,,미상정 제출안 · 원문 확인,제출됐으나 본회의 제안·채택 이력이 없다. 이를 부결로 세지 않는다. 비공식 흡수 여부는 이 이력만으로 판단할 수 없다.,HR5376,https://www.congress.gov/amendment/117th-congress/senate-amendment/5240,198
SA5239,"Sen. Braun, Mike [R-IN]",2022-08-06,,not_proposed,,미상정 제출안 · 원문 확인,제출됐으나 본회의 제안·채택 이력이 없다. 이를 부결로 세지 않는다. 비공식 흡수 여부는 이 이력만으로 판단할 수 없다.,SA5194,https://www.congress.gov/amendment/117th-congress/senate-amendment/5239,198
SA5238,"Sen. Braun, Mike [R-IN]",2022-08-06,,not_proposed,,미상정 제출안 · 원문 확인,제출됐으나 본회의 제안·채택 이력이 없다. 이를 부결로 세지 않는다. 비공식 흡수 여부는 이 이력만으로 판단할 수 없다.,SA5194,https://www.congress.gov/amendment/117th-congress/senate-amendment/5238,198
SA5237,"Sen. Braun, Mike [R-IN]",2022-08-06,,not_proposed,,미상정 제출안 · 원문 확인,제출됐으나 본회의 제안·채택 이력이 없다. 이를 부결로 세지 않는다. 비공식 흡수 여부는 이 이력만으로 판단할 수 없다.,SA5194,https://www.congress.gov/amendment/117th-congress/senate-amendment/5237,198
SA5236,"Sen. Braun, Mike [R-IN]",2022-08-06,,not_proposed,,미상정 제출안 · 원문 확인,제출됐으나 본회의 제안·채택 이력이 없다. 이를 부결로 세지 않는다. 비공식 흡수 여부는 이 이력만으로 판단할 수 없다.,SA5194,https://www.congress.gov/amendment/117th-congress/senate-amendment/5236,198
SA5235,"Sen. Marshall, Roger [R-KS]",2022-08-06,,not_proposed,,미상정 제출안 · 원문 확인,제출됐으나 본회의 제안·채택 이력이 없다. 이를 부결로 세지 않는다. 비공식 흡수 여부는 이 이력만으로 판단할 수 없다.,SA5194,https://www.congress.gov/amendment/117th-congress/senate-amendment/5235,198
SA5234,"Sen. Scott, Tim [R-SC]",2022-08-06,,not_proposed,,미상정 제출안 · 원문 확인,제출됐으나 본회의 제안·채택 이력이 없다. 이를 부결로 세지 않는다. 비공식 흡수 여부는 이 이력만으로 판단할 수 없다.,HR5376,https://www.congress.gov/amendment/117th-congress/senate-amendment/5234,197
SA5233,"Sen. Scott, Tim [R-SC]",2022-08-06,,not_proposed,,미상정 제출안 · 원문 확인,제출됐으나 본회의 제안·채택 이력이 없다. 이를 부결로 세지 않는다. 비공식 흡수 여부는 이 이력만으로 판단할 수 없다.,HR5376,https://www.congress.gov/amendment/117th-congress/senate-amendment/5233,197
SA5232,"Sen. Scott, Tim [R-SC]",2022-08-06,,not_proposed,,미상정 제출안 · 원문 확인,제출됐으나 본회의 제안·채택 이력이 없다. 이를 부결로 세지 않는다. 비공식 흡수 여부는 이 이력만으로 판단할 수 없다.,HR5376,https://www.congress.gov/amendment/117th-congress/senate-amendment/5232,197
SA5231,"Sen. Risch, James E. [R-ID]",2022-08-06,,not_proposed,,미상정 제출안 · 원문 확인,제출됐으나 본회의 제안·채택 이력이 없다. 이를 부결로 세지 않는다. 비공식 흡수 여부는 이 이력만으로 판단할 수 없다.,SA5194,https://www.congress.gov/amendment/117th-congress/senate-amendment/5231,197
SA5230,"Sen. Risch, James E. [R-ID]",2022-08-06,,not_proposed,,미상정 제출안 · 원문 확인,제출됐으나 본회의 제안·채택 이력이 없다. 이를 부결로 세지 않는다. 비공식 흡수 여부는 이 이력만으로 판단할 수 없다.,SA5194,https://www.congress.gov/amendment/117th-congress/senate-amendment/5230,197
SA5229,"Sen. Risch, James E. [R-ID]",2022-08-06,,not_proposed,,미상정 제출안 · 원문 확인,제출됐으나 본회의 제안·채택 이력이 없다. 이를 부결로 세지 않는다. 비공식 흡수 여부는 이 이력만으로 판단할 수 없다.,SA5194,https://www.congress.gov/amendment/117th-congress/senate-amendment/5229,197
SA5228,"Sen. Risch, James E. [R-ID]",2022-08-06,,not_proposed,,미상정 제출안 · 원문 확인,제출됐으나 본회의 제안·채택 이력이 없다. 이를 부결로 세지 않는다. 비공식 흡수 여부는 이 이력만으로 판단할 수 없다.,SA5194,https://www.congress.gov/amendment/117th-congress/senate-amendment/5228,197
SA5227,"Sen. Risch, James E. [R-ID]",2022-08-06,,not_proposed,,미상정 제출안 · 원문 확인,제출됐으나 본회의 제안·채택 이력이 없다. 이를 부결로 세지 않는다. 비공식 흡수 여부는 이 이력만으로 판단할 수 없다.,SA5194,https://www.congress.gov/amendment/117th-congress/senate-amendment/5227,197
SA5226,"Sen. Risch, James E. [R-ID]",2022-08-06,,not_proposed,,미상정 제출안 · 원문 확인,제출됐으나 본회의 제안·채택 이력이 없다. 이를 부결로 세지 않는다. 비공식 흡수 여부는 이 이력만으로 판단할 수 없다.,HR5376,https://www.congress.gov/amendment/117th-congress/senate-amendment/5226,197
SA5225,"Sen. Risch, James E. [R-ID]",2022-08-06,,not_proposed,,미상정 제출안 · 원문 확인,제출됐으나 본회의 제안·채택 이력이 없다. 이를 부결로 세지 않는다. 비공식 흡수 여부는 이 이력만으로 판단할 수 없다.,HR5376,https://www.congress.gov/amendment/117th-congress/senate-amendment/5225,195
SA5224,"Sen. Portman, Rob [R-OH]",2022-08-06,,not_proposed,,미상정 제출안 · 원문 확인,제출됐으나 본회의 제안·채택 이력이 없다. 이를 부결로 세지 않는다. 비공식 흡수 여부는 이 이력만으로 판단할 수 없다.,HR5376,https://www.congress.gov/amendment/117th-congress/senate-amendment/5224,195
SA5223,"Sen. Portman, Rob [R-OH]",2022-08-06,,not_proposed,,미상정 제출안 · 원문 확인,제출됐으나 본회의 제안·채택 이력이 없다. 이를 부결로 세지 않는다. 비공식 흡수 여부는 이 이력만으로 판단할 수 없다.,HR5376,https://www.congress.gov/amendment/117th-congress/senate-amendment/5223,194
SA5222,"Sen. Tuberville, Tommy [R-AL]",2022-08-06,,not_proposed,,미상정 제출안 · 원문 확인,제출됐으나 본회의 제안·채택 이력이 없다. 이를 부결로 세지 않는다. 비공식 흡수 여부는 이 이력만으로 판단할 수 없다.,HR5376,https://www.congress.gov/amendment/117th-congress/senate-amendment/5222,166
SA5221,"Sen. Hagerty, Bill [R-TN]",2022-08-06,,not_proposed,,미상정 제출안 · 원문 확인,제출됐으나 본회의 제안·채택 이력이 없다. 이를 부결로 세지 않는다. 비공식 흡수 여부는 이 이력만으로 판단할 수 없다.,HR5376,https://www.congress.gov/amendment/117th-congress/senate-amendment/5221,194
SA5220,"Sen. Hagerty, Bill [R-TN]",2022-08-06,,not_proposed,,미상정 제출안 · 원문 확인,제출됐으나 본회의 제안·채택 이력이 없다. 이를 부결로 세지 않는다. 비공식 흡수 여부는 이 이력만으로 판단할 수 없다.,HR5376,https://www.congress.gov/amendment/117th-congress/senate-amendment/5220,194
SA5219,"Sen. Hagerty, Bill [R-TN]",2022-08-06,,not_proposed,,미상정 제출안 · 원문 확인,제출됐으나 본회의 제안·채택 이력이 없다. 이를 부결로 세지 않는다. 비공식 흡수 여부는 이 이력만으로 판단할 수 없다.,HR5376,https://www.congress.gov/amendment/117th-congress/senate-amendment/5219,194
SA5218,"Sen. Hagerty, Bill [R-TN]",2022-08-06,,not_proposed,,미상정 제출안 · 원문 확인,제출됐으나 본회의 제안·채택 이력이 없다. 이를 부결로 세지 않는다. 비공식 흡수 여부는 이 이력만으로 판단할 수 없다.,HR5376,https://www.congress.gov/amendment/117th-congress/senate-amendment/5218,194
SA5217,"Sen. Hagerty, Bill [R-TN]",2022-08-06,,not_proposed,,미상정 제출안 · 원문 확인,제출됐으나 본회의 제안·채택 이력이 없다. 이를 부결로 세지 않는다. 비공식 흡수 여부는 이 이력만으로 판단할 수 없다.,HR5376,https://www.congress.gov/amendment/117th-congress/senate-amendment/5217,194
SA5216,"Sen. Hagerty, Bill [R-TN]",2022-08-06,,not_proposed,,미상정 제출안 · 원문 확인,제출됐으나 본회의 제안·채택 이력이 없다. 이를 부결로 세지 않는다. 비공식 흡수 여부는 이 이력만으로 판단할 수 없다.,HR5376,https://www.congress.gov/amendment/117th-congress/senate-amendment/5216,194
SA5215,"Sen. Hagerty, Bill [R-TN]",2022-08-06,,not_proposed,,미상정 제출안 · 원문 확인,제출됐으나 본회의 제안·채택 이력이 없다. 이를 부결로 세지 않는다. 비공식 흡수 여부는 이 이력만으로 판단할 수 없다.,HR5376,https://www.congress.gov/amendment/117th-congress/senate-amendment/5215,194
SA5214,"Sen. Hagerty, Bill [R-TN]",2022-08-06,,not_proposed,,미상정 제출안 · 원문 확인,제출됐으나 본회의 제안·채택 이력이 없다. 이를 부결로 세지 않는다. 비공식 흡수 여부는 이 이력만으로 판단할 수 없다.,HR5376,https://www.congress.gov/amendment/117th-congress/senate-amendment/5214,193
SA5213,"Sen. Hagerty, Bill [R-TN]",2022-08-06,,not_proposed,,미상정 제출안 · 원문 확인,제출됐으나 본회의 제안·채택 이력이 없다. 이를 부결로 세지 않는다. 비공식 흡수 여부는 이 이력만으로 판단할 수 없다.,HR5376,https://www.congress.gov/amendment/117th-congress/senate-amendment/5213,193
SA5212,"Sen. Hagerty, Bill [R-TN]",2022-08-06,,not_proposed,,미상정 제출안 · 원문 확인,제출됐으나 본회의 제안·채택 이력이 없다. 이를 부결로 세지 않는다. 비공식 흡수 여부는 이 이력만으로 판단할 수 없다.,HR5376,https://www.congress.gov/amendment/117th-congress/senate-amendment/5212,193
SA5211,"Sen. Sanders, Bernard [I-VT]",2022-08-06,2022-08-07,rejected,"To provide coverage for dental and oral health care, hearing care, and vision care under the Medicare program.",메디케어 치과·청력·시력 보장 확대,해당 수정안은 부결되어 이 처리 경로로 반영되지 않았다.,SA5194,https://www.congress.gov/amendment/117th-congress/senate-amendment/5211,188
SA5210,"Sen. Sanders, Bernard [I-VT]",2022-08-06,2022-08-06,out_of_order,To establish a cap on costs for covered prescription drugs under Medicare parts B and D.,메디케어 B·D 처방약 비용 상한,예산규율 면제 동의가 필요한 표를 얻지 못해 의사진행상 배제됐다.,SA5194,https://www.congress.gov/amendment/117th-congress/senate-amendment/5210,187
SA5209,"Sen. Sanders, Bernard [I-VT]",2022-08-06,2022-08-07,rejected,To establish a Civilian Climate Corps.,민간 기후봉사단 신설,해당 수정안은 부결되어 이 처리 경로로 반영되지 않았다.,SA5194,https://www.congress.gov/amendment/117th-congress/senate-amendment/5209,183
SA5208,"Sen. Sanders, Bernard [I-VT]",2022-08-06,2022-08-07,rejected,To extend the special rules for the child tax credit that applied for 2021 and to increase the corporate tax rate.,2021년 아동세액공제 특별규칙 연장 및 법인세율 인상,해당 수정안은 부결되어 이 처리 경로로 반영되지 않았다.,SA5194,https://www.congress.gov/amendment/117th-congress/senate-amendment/5208,181
SA5207,"Sen. Paul, Rand [R-KY]",2022-08-06,,not_proposed,,미상정 제출안 · 원문 확인,제출됐으나 본회의 제안·채택 이력이 없다. 이를 부결로 세지 않는다. 비공식 흡수 여부는 이 이력만으로 판단할 수 없다.,HR5376,https://www.congress.gov/amendment/117th-congress/senate-amendment/5207,181
SA5206,"Sen. Lankford, James [R-OK]",2022-08-06,,not_proposed,,미상정 제출안 · 원문 확인,제출됐으나 본회의 제안·채택 이력이 없다. 이를 부결로 세지 않는다. 비공식 흡수 여부는 이 이력만으로 판단할 수 없다.,HR5376,https://www.congress.gov/amendment/117th-congress/senate-amendment/5206,181
SA5205,"Sen. Lankford, James [R-OK]",2022-08-06,,not_proposed,,미상정 제출안 · 원문 확인,제출됐으나 본회의 제안·채택 이력이 없다. 이를 부결로 세지 않는다. 비공식 흡수 여부는 이 이력만으로 판단할 수 없다.,SA5194,https://www.congress.gov/amendment/117th-congress/senate-amendment/5205,176
SA5204,"Sen. Lankford, James [R-OK]",2022-08-06,,not_proposed,,미상정 제출안 · 원문 확인,제출됐으나 본회의 제안·채택 이력이 없다. 이를 부결로 세지 않는다. 비공식 흡수 여부는 이 이력만으로 판단할 수 없다.,SA5194,https://www.congress.gov/amendment/117th-congress/senate-amendment/5204,175
SA5203,"Sen. Lankford, James [R-OK]",2022-08-06,,not_proposed,,미상정 제출안 · 원문 확인,제출됐으나 본회의 제안·채택 이력이 없다. 이를 부결로 세지 않는다. 비공식 흡수 여부는 이 이력만으로 판단할 수 없다.,HR5376,https://www.congress.gov/amendment/117th-congress/senate-amendment/5203,172
SA5202,"Sen. Lankford, James [R-OK]",2022-08-06,,not_proposed,,미상정 제출안 · 원문 확인,제출됐으나 본회의 제안·채택 이력이 없다. 이를 부결로 세지 않는다. 비공식 흡수 여부는 이 이력만으로 판단할 수 없다.,HR5376,https://www.congress.gov/amendment/117th-congress/senate-amendment/5202,172
SA5201,"Sen. Lankford, James [R-OK]",2022-08-06,,not_proposed,,미상정 제출안 · 원문 확인,제출됐으나 본회의 제안·채택 이력이 없다. 이를 부결로 세지 않는다. 비공식 흡수 여부는 이 이력만으로 판단할 수 없다.,HR5376,https://www.congress.gov/amendment/117th-congress/senate-amendment/5201,172
SA5200,"Sen. Lankford, James [R-OK]",2022-08-06,,not_proposed,,미상정 제출안 · 원문 확인,제출됐으나 본회의 제안·채택 이력이 없다. 이를 부결로 세지 않는다. 비공식 흡수 여부는 이 이력만으로 판단할 수 없다.,HR5376,https://www.congress.gov/amendment/117th-congress/senate-amendment/5200,172
SA5199,"Sen. Lankford, James [R-OK]",2022-08-06,,not_proposed,,미상정 제출안 · 원문 확인,제출됐으나 본회의 제안·채택 이력이 없다. 이를 부결로 세지 않는다. 비공식 흡수 여부는 이 이력만으로 판단할 수 없다.,HR5376,https://www.congress.gov/amendment/117th-congress/senate-amendment/5199,171
SA5198,"Sen. Lankford, James [R-OK]",2022-08-06,,not_proposed,,미상정 제출안 · 원문 확인,제출됐으나 본회의 제안·채택 이력이 없다. 이를 부결로 세지 않는다. 비공식 흡수 여부는 이 이력만으로 판단할 수 없다.,HR5376,https://www.congress.gov/amendment/117th-congress/senate-amendment/5198,171
SA5197,"Sen. Lankford, James [R-OK]",2022-08-06,,not_proposed,,미상정 제출안 · 원문 확인,제출됐으나 본회의 제안·채택 이력이 없다. 이를 부결로 세지 않는다. 비공식 흡수 여부는 이 이력만으로 판단할 수 없다.,HR5376,https://www.congress.gov/amendment/117th-congress/senate-amendment/5197,171
SA5196,"Sen. Romney, Mitt [R-UT]",2022-08-06,,not_proposed,,미상정 제출안 · 원문 확인,제출됐으나 본회의 제안·채택 이력이 없다. 이를 부결로 세지 않는다. 비공식 흡수 여부는 이 이력만으로 판단할 수 없다.,HR5376,https://www.congress.gov/amendment/117th-congress/senate-amendment/5196,171
SA5194,"Sen. Schumer, Charles E. [D-NY]",2022-08-03,2022-08-06,agreed,In the nature of a substitute.,하원 BBB 본문을 IRA 대체안으로 교체,추가 수정안과 예산규율에 따른 문구 삭제를 거친 대체안이 구두표결로 채택됐다. 그 후 법안 전체가 51–50으로 통과했다. 초안 전체의 원형 보존을 뜻하지 않는다.,HR5376,https://www.congress.gov/amendment/117th-congress/senate-amendment/5194,20
HA142,Rules Committee,2021-11-18,,agreed,"Pursuant to H.Res. 803, the amendment printed in House Report 117-175 is considered adopted.",규칙위원회 일괄 수정,2021년 하원 BBB에 규칙에 따라 채택된 수정안이다. 2022년 상원 IRA 대체안으로 본문이 교체됐으므로 2021년 채택을 IRA 최종 반영과 동일시하지 않는다.,HR5376,https://www.congress.gov/amendment/117th-congress/house-amendment/142,
HA141,Rules Committee,2021-11-18,,agreed,"Pursuant to the provisions of H.Res. 774, the amendment in the nature of a substitute consisting of the text of Rules Committee 117-18, modified by the amendment printed in House Report 117-173 is adopted.",규칙위원회 일괄 수정,2021년 하원 BBB에 규칙에 따라 채택된 수정안이다. 2022년 상원 IRA 대체안으로 본문이 교체됐으므로 2021년 채택을 IRA 최종 반영과 동일시하지 않는다.,HR5376,https://www.congress.gov/amendment/117th-congress/house-amendment/141,
