pdf_page,document,method,matched_terms
223,Rhodium clean electricity jobs,Apple Vision accurate en-US 144dpi,none: final assembly / electric vehicle / Stabenow
224,Rhodium clean electricity jobs,Apple Vision accurate en-US 144dpi,none: final assembly / electric vehicle / Stabenow
225,Rhodium clean electricity jobs,Apple Vision accurate en-US 144dpi,none: final assembly / electric vehicle / Stabenow
226,Rhodium clean electricity jobs,Apple Vision accurate en-US 144dpi,none: final assembly / electric vehicle / Stabenow
227,Rhodium clean electricity jobs,Apple Vision accurate en-US 144dpi,none: final assembly / electric vehicle / Stabenow
228,Rhodium clean electricity jobs,Apple Vision accurate en-US 144dpi,none: final assembly / electric vehicle / Stabenow
229,Rhodium clean electricity jobs,Apple Vision accurate en-US 144dpi,none: final assembly / electric vehicle / Stabenow
230,Rhodium clean electricity jobs,Apple Vision accurate en-US 144dpi,none: final assembly / electric vehicle / Stabenow
231,NSWA percentage depletion allowance,Apple Vision accurate en-US 144dpi,none: final assembly / electric vehicle / Stabenow
232,NSWA percentage depletion allowance,Apple Vision accurate en-US 144dpi,none: final assembly / electric vehicle / Stabenow
233,NSWA percentage depletion allowance,Apple Vision accurate en-US 144dpi,none: final assembly / electric vehicle / Stabenow
234,NSWA percentage depletion allowance,Apple Vision accurate en-US 144dpi,none: final assembly / electric vehicle / Stabenow
235,NSWA percentage depletion allowance,Apple Vision accurate en-US 144dpi,none: final assembly / electric vehicle / Stabenow
236,NSWA percentage depletion allowance,Apple Vision accurate en-US 144dpi,none: final assembly / electric vehicle / Stabenow
237,NSWA percentage depletion allowance,Apple Vision accurate en-US 144dpi,none: final assembly / electric vehicle / Stabenow
238,NSWA percentage depletion allowance,Apple Vision accurate en-US 144dpi,none: final assembly / electric vehicle / Stabenow
239,NSWA percentage depletion allowance,Apple Vision accurate en-US 144dpi,none: final assembly / electric vehicle / Stabenow
240,NSWA percentage depletion allowance,Apple Vision accurate en-US 144dpi,none: final assembly / electric vehicle / Stabenow
241,NSWA percentage depletion allowance,Apple Vision accurate en-US 144dpi,none: final assembly / electric vehicle / Stabenow
242,NSWA percentage depletion allowance,Apple Vision accurate en-US 144dpi,none: final assembly / electric vehicle / Stabenow
243,NSWA percentage depletion allowance,Apple Vision accurate en-US 144dpi,none: final assembly / electric vehicle / Stabenow
244,NSWA percentage depletion allowance,Apple Vision accurate en-US 144dpi,none: final assembly / electric vehicle / Stabenow
245,NSWA percentage depletion allowance,Apple Vision accurate en-US 144dpi,none: final assembly / electric vehicle / Stabenow
246,NSWA percentage depletion allowance,Apple Vision accurate en-US 144dpi,none: final assembly / electric vehicle / Stabenow
247,NSWA percentage depletion allowance,Apple Vision accurate en-US 144dpi,none: final assembly / electric vehicle / Stabenow
248,NSWA percentage depletion allowance,Apple Vision accurate en-US 144dpi,none: final assembly / electric vehicle / Stabenow
249,NSWA percentage depletion allowance,Apple Vision accurate en-US 144dpi,none: final assembly / electric vehicle / Stabenow
250,NSWA percentage depletion allowance,Apple Vision accurate en-US 144dpi,none: final assembly / electric vehicle / Stabenow
251,NSWA percentage depletion allowance,Apple Vision accurate en-US 144dpi,none: final assembly / electric vehicle / Stabenow
252,NSWA percentage depletion allowance,Apple Vision accurate en-US 144dpi,none: final assembly / electric vehicle / Stabenow
253,NSWA percentage depletion allowance,Apple Vision accurate en-US 144dpi,none: final assembly / electric vehicle / Stabenow
254,NSWA percentage depletion allowance,Apple Vision accurate en-US 144dpi,none: final assembly / electric vehicle / Stabenow
255,NSWA percentage depletion allowance,Apple Vision accurate en-US 144dpi,none: final assembly / electric vehicle / Stabenow
256,NSWA percentage depletion allowance,Apple Vision accurate en-US 144dpi,none: final assembly / electric vehicle / Stabenow
257,NSWA percentage depletion allowance,Apple Vision accurate en-US 144dpi,none: final assembly / electric vehicle / Stabenow
258,NSWA percentage depletion allowance,Apple Vision accurate en-US 144dpi,none: final assembly / electric vehicle / Stabenow
259,NSWA percentage depletion allowance,Apple Vision accurate en-US 144dpi,none: final assembly / electric vehicle / Stabenow
260,NSWA percentage depletion allowance,Apple Vision accurate en-US 144dpi,none: final assembly / electric vehicle / Stabenow
261,NSWA percentage depletion allowance,Apple Vision accurate en-US 144dpi,none: final assembly / electric vehicle / Stabenow
262,NSWA percentage depletion allowance,Apple Vision accurate en-US 144dpi,none: final assembly / electric vehicle / Stabenow
263,NSWA percentage depletion allowance,Apple Vision accurate en-US 144dpi,none: final assembly / electric vehicle / Stabenow
264,NSWA percentage depletion allowance,Apple Vision accurate en-US 144dpi,none: final assembly / electric vehicle / Stabenow
265,NSWA percentage depletion allowance,Apple Vision accurate en-US 144dpi,none: final assembly / electric vehicle / Stabenow
266,NSWA percentage depletion allowance,Apple Vision accurate en-US 144dpi,none: final assembly / electric vehicle / Stabenow
267,NSWA percentage depletion allowance,Apple Vision accurate en-US 144dpi,none: final assembly / electric vehicle / Stabenow
268,NSWA percentage depletion allowance,Apple Vision accurate en-US 144dpi,none: final assembly / electric vehicle / Stabenow
269,NSWA percentage depletion allowance,Apple Vision accurate en-US 144dpi,none: final assembly / electric vehicle / Stabenow
270,NSWA percentage depletion allowance,Apple Vision accurate en-US 144dpi,none: final assembly / electric vehicle / Stabenow
271,NSWA percentage depletion allowance,Apple Vision accurate en-US 144dpi,none: final assembly / electric vehicle / Stabenow
272,NSWA percentage depletion allowance,Apple Vision accurate en-US 144dpi,none: final assembly / electric vehicle / Stabenow
273,NSWA percentage depletion allowance,Apple Vision accurate en-US 144dpi,none: final assembly / electric vehicle / Stabenow
274,NSWA percentage depletion allowance,Apple Vision accurate en-US 144dpi,none: final assembly / electric vehicle / Stabenow
275,NSWA percentage depletion allowance,Apple Vision accurate en-US 144dpi,none: final assembly / electric vehicle / Stabenow
276,NSWA percentage depletion allowance,Apple Vision accurate en-US 144dpi,none: final assembly / electric vehicle / Stabenow
277,NSWA percentage depletion allowance,Apple Vision accurate en-US 144dpi,none: final assembly / electric vehicle / Stabenow
278,NSWA percentage depletion allowance,Apple Vision accurate en-US 144dpi,none: final assembly / electric vehicle / Stabenow
279,NSWA percentage depletion allowance,Apple Vision accurate en-US 144dpi,none: final assembly / electric vehicle / Stabenow
280,NSWA percentage depletion allowance,Apple Vision accurate en-US 144dpi,none: final assembly / electric vehicle / Stabenow
281,NSWA percentage depletion allowance,Apple Vision accurate en-US 144dpi,none: final assembly / electric vehicle / Stabenow
282,NSWA percentage depletion allowance,Apple Vision accurate en-US 144dpi,none: final assembly / electric vehicle / Stabenow
283,NSWA percentage depletion allowance,Apple Vision accurate en-US 144dpi,none: final assembly / electric vehicle / Stabenow
284,NSWA percentage depletion allowance,Apple Vision accurate en-US 144dpi,none: final assembly / electric vehicle / Stabenow
285,NSWA percentage depletion allowance,Apple Vision accurate en-US 144dpi,none: final assembly / electric vehicle / Stabenow
286,NSWA percentage depletion allowance,Apple Vision accurate en-US 144dpi,none: final assembly / electric vehicle / Stabenow
287,NSWA percentage depletion allowance,Apple Vision accurate en-US 144dpi,none: final assembly / electric vehicle / Stabenow
288,NSWA percentage depletion allowance,Apple Vision accurate en-US 144dpi,none: final assembly / electric vehicle / Stabenow
289,NSWA percentage depletion allowance,Apple Vision accurate en-US 144dpi,none: final assembly / electric vehicle / Stabenow
290,NSWA percentage depletion allowance,Apple Vision accurate en-US 144dpi,none: final assembly / electric vehicle / Stabenow
291,NSWA percentage depletion allowance,Apple Vision accurate en-US 144dpi,none: final assembly / electric vehicle / Stabenow
292,NSWA percentage depletion allowance,Apple Vision accurate en-US 144dpi,none: final assembly / electric vehicle / Stabenow
293,NSWA percentage depletion allowance,Apple Vision accurate en-US 144dpi,none: final assembly / electric vehicle / Stabenow
294,NSWA percentage depletion allowance,Apple Vision accurate en-US 144dpi,none: final assembly / electric vehicle / Stabenow
295,NSWA percentage depletion allowance,Apple Vision accurate en-US 144dpi,none: final assembly / electric vehicle / Stabenow
296,NSWA percentage depletion allowance,Apple Vision accurate en-US 144dpi,none: final assembly / electric vehicle / Stabenow
297,NSWA percentage depletion allowance,Apple Vision accurate en-US 144dpi,none: final assembly / electric vehicle / Stabenow
298,NSWA percentage depletion allowance,Apple Vision accurate en-US 144dpi,none: final assembly / electric vehicle / Stabenow
299,NSWA percentage depletion allowance,Apple Vision accurate en-US 144dpi,none: final assembly / electric vehicle / Stabenow
300,NSWA percentage depletion allowance,Apple Vision accurate en-US 144dpi,none: final assembly / electric vehicle / Stabenow
301,NSWA percentage depletion allowance,Apple Vision accurate en-US 144dpi,none: final assembly / electric vehicle / Stabenow
302,NSWA percentage depletion allowance,Apple Vision accurate en-US 144dpi,none: final assembly / electric vehicle / Stabenow
303,NSWA percentage depletion allowance,Apple Vision accurate en-US 144dpi,none: final assembly / electric vehicle / Stabenow
304,NSWA percentage depletion allowance,Apple Vision accurate en-US 144dpi,none: final assembly / electric vehicle / Stabenow
305,NSWA percentage depletion allowance,Apple Vision accurate en-US 144dpi,none: final assembly / electric vehicle / Stabenow
306,NSWA percentage depletion allowance,Apple Vision accurate en-US 144dpi,none: final assembly / electric vehicle / Stabenow
307,NSWA percentage depletion allowance,Apple Vision accurate en-US 144dpi,none: final assembly / electric vehicle / Stabenow
308,NSWA percentage depletion allowance,Apple Vision accurate en-US 144dpi,none: final assembly / electric vehicle / Stabenow
309,NSWA percentage depletion allowance,Apple Vision accurate en-US 144dpi,none: final assembly / electric vehicle / Stabenow
310,NSWA percentage depletion allowance,Apple Vision accurate en-US 144dpi,none: final assembly / electric vehicle / Stabenow
311,NSWA percentage depletion allowance,Apple Vision accurate en-US 144dpi,none: final assembly / electric vehicle / Stabenow
312,NSWA percentage depletion allowance,Apple Vision accurate en-US 144dpi,none: final assembly / electric vehicle / Stabenow
313,NSWA percentage depletion allowance,Apple Vision accurate en-US 144dpi,none: final assembly / electric vehicle / Stabenow
314,NSWA percentage depletion allowance,Apple Vision accurate en-US 144dpi,none: final assembly / electric vehicle / Stabenow
315,NSWA percentage depletion allowance,Apple Vision accurate en-US 144dpi,none: final assembly / electric vehicle / Stabenow
316,NSWA percentage depletion allowance,Apple Vision accurate en-US 144dpi,none: final assembly / electric vehicle / Stabenow
317,NSWA percentage depletion allowance,Apple Vision accurate en-US 144dpi,none: final assembly / electric vehicle / Stabenow
318,NSWA percentage depletion allowance,Apple Vision accurate en-US 144dpi,none: final assembly / electric vehicle / Stabenow
319,NSWA percentage depletion allowance,Apple Vision accurate en-US 144dpi,none: final assembly / electric vehicle / Stabenow
320,NSWA percentage depletion allowance,Apple Vision accurate en-US 144dpi,none: final assembly / electric vehicle / Stabenow
321,NSWA percentage depletion allowance,Apple Vision accurate en-US 144dpi,none: final assembly / electric vehicle / Stabenow
322,NSWA percentage depletion allowance,Apple Vision accurate en-US 144dpi,none: final assembly / electric vehicle / Stabenow
323,NSWA percentage depletion allowance,Apple Vision accurate en-US 144dpi,none: final assembly / electric vehicle / Stabenow
324,NSWA percentage depletion allowance,Apple Vision accurate en-US 144dpi,none: final assembly / electric vehicle / Stabenow
325,NSWA percentage depletion allowance,Apple Vision accurate en-US 144dpi,none: final assembly / electric vehicle / Stabenow
326,NSWA percentage depletion allowance,Apple Vision accurate en-US 144dpi,none: final assembly / electric vehicle / Stabenow
327,NSWA percentage depletion allowance,Apple Vision accurate en-US 144dpi,none: final assembly / electric vehicle / Stabenow
328,NSWA percentage depletion allowance,Apple Vision accurate en-US 144dpi,none: final assembly / electric vehicle / Stabenow
329,NSWA percentage depletion allowance,Apple Vision accurate en-US 144dpi,none: final assembly / electric vehicle / Stabenow
330,NSWA percentage depletion allowance,Apple Vision accurate en-US 144dpi,none: final assembly / electric vehicle / Stabenow
331,NSWA percentage depletion allowance,Apple Vision accurate en-US 144dpi,none: final assembly / electric vehicle / Stabenow
332,NSWA percentage depletion allowance,Apple Vision accurate en-US 144dpi,none: final assembly / electric vehicle / Stabenow
