lobbyist_id,lobbyist,registrant,client,type,quarters,covered_position,congress_link
73019,Jeffrey Wilson,"Aerospace Industries Association of America, Inc.",Aerospace Industries Association of America Inc,사내,2023Q1–2024Q4,Deputy Chief of Staff for Congressman Michael R Turner,의원실 직원 출신
143256,Kayla Renner,"Aerospace Industries Association of America, Inc.",Aerospace Industries Association of America Inc,사내,2023Q1–2024Q4,(신고 없음),
146811,Nora Khalil,"Aerospace Industries Association of America, Inc.",Aerospace Industries Association of America Inc,사내,2023Q1–2024Q4,professional staff member for the House Appropriations Energy and Water Subcommittee,세출위 직원 출신
69307,Timothy McClees,"Aerospace Industries Association of America, Inc.",Aerospace Industries Association of America Inc,사내,2023Q1–2024Q4,House Armed Services Committee staff,군사위 직원 출신
141148,Christopher Gaspar,"BAE Systems, Inc.",BAE Systems Inc,사내,2023Q1–2023Q2,Legislative Assistant for Defense and Foreign Affairs for Senator Dianne Feinstein; Military Legislative Assistant for James Moran; Staff Assistant for House Permanent Select Committee on Intelligence,의원실 직원 출신
72974,Donald Bergin,"BAE Systems, Inc.",BAE Systems Inc,사내,2023Q1–2023Q2,Counsel for National Security Affairs,
119191,Katie McIntyre,"BAE Systems, Inc.",BAE Systems Inc,사내,2023Q1–2023Q2,(신고 없음),
51893,Michael McBride,"BAE Systems, Inc.",BAE Systems Inc,사내,2023Q1–2023Q2,"Minority Staff Director, Sen. John Ensign",의원실 직원 출신
105078,Shelly Stoneman,"BAE Systems, Inc.",BAE Systems Inc,사내,2023Q1–2023Q2,"Staff Assistant, Subcommittee on International Security, Proliferation, and Federal Services (Senate Governmental Affairs Committee); Deputy CoS/LD for Rep. Rothman; Special Asst. to POTUS for Legislative Affairs - White House",의원실 직원 출신
64255,Thomas Bishop,"BAE Systems, Inc.",BAE Systems Inc,사내,2023Q1–2023Q2,"May 2006-Jul 2007:Staffer, Senate Homeland Security & Governmental Affairs Cmmte; Jul 2007-Jul 2010: Leg Aide, Senate Homeland Security & Governmental Affairs Cmmte; Feb 2014-May 2016, Staff, Senate Appropriations Cmmte",세출위 직원 출신
71004,Tisha Wright,"BAE Systems, Inc.",BAE Systems Inc,사내,2023Q1–2023Q2,(신고 없음),
59511,Steven Hyjek,Baker Donelson Bearman Caldwell & Berkowitz,PMB Defence,외부 로비회사,2024Q1–2024Q4,(신고 없음),
137989,Thomas Shaw,Baker Donelson Bearman Caldwell & Berkowitz,PMB Defence,외부 로비회사,2024Q1–2024Q4,(신고 없음),
141303,Chad Kreikemeier,Boeing Company,Boeing Company,사내,2023Q2–2024Q4,(신고 없음),
65261,Dario Gomez,Boeing Company,Boeing Company,사내,2023Q2–2024Q4,(신고 없음),
50641,Heath Bumgardner,Boeing Company,Boeing Company,사내,2023Q2–2024Q4,"Legislative Assistant, U.S. House",
68896,Lynn Williams,Boeing Company,Boeing Company,사내,2023Q2–2024Q4,(신고 없음),
71844,Matthew McCarthy,Boeing Company,Boeing Company,사내,2023Q2–2024Q4,(신고 없음),
143525,Matthew Washington,Boeing Company,Boeing Company,사내,2023Q2–2024Q4,(신고 없음),
73160,Megan Bell,Boeing Company,Boeing Company,사내,2023Q2–2024Q4,(신고 없음),
147011,Michael Schnabel,Boeing Company,Boeing Company,사내,2023Q2–2024Q4,(신고 없음),
53254,Michael Waclawski,Boeing Company,Boeing Company,사내,2023Q2–2024Q4,(신고 없음),
139885,Nicole Nason,Boeing Company,Boeing Company,사내,2023Q2–2024Q4,(신고 없음),
147008,Nicole Porreca,Boeing Company,Boeing Company,사내,2023Q2–2024Q4,(신고 없음),
68248,Rachel Lipsey,Boeing Company,Boeing Company,사내,2023Q2–2024Q4,(신고 없음),
43700,Steven Bachmann,Boeing Company,Boeing Company,사내,2023Q2–2024Q4,(신고 없음),
67686,Theodore Austell,Boeing Company,Boeing Company,사내,2023Q2–2024Q4,(신고 없음),
69412,Tom McLemore,Boeing Company,Boeing Company,사내,2023Q2–2024Q4,(신고 없음),
121862,Ziad Ojakli,Boeing Company,Boeing Company,사내,2023Q2–2024Q4,(신고 없음),
116583,Nicole Di Resta,Everfox LLC (FKA Forcepoint Federal LLC),Everfox LLC,사내,2024Q1–2024Q4,"Senate Committee on Appropriations, PSM, Sen &Cong. Schumer/LA, Rep. Markey/LA,LC/SA Lobbying Codes: BUD, DEF, CPI, FOR",세출위 직원 출신
141587,Matthew Reid Zweig,FDD Action,FDD Action,사내,2023Q3–2023Q4,"Professional Staff Member, U.S. House Foreign Affairs Committee, 2001-2018.",외교위 직원 출신
145330,Nicholas Stewart,FDD Action,FDD Action,사내,2023Q3–2023Q4,"Legislative Aide (2011-12), Sr. Policy Adv. (2014-16), Rep. Hanna; LD (2017), COS (2017, 2021-2023), Rep. Tenney; Special Asst. to the DIR, Policy Planning Staff (2017-18), COS, Iran Action Group (2018-20), Deputy COS for Policy, USUN (2020-21), DOS",의원실 직원 출신
145162,Toby Dershowitz,FDD Action,FDD Action,사내,2023Q3–2023Q4,(신고 없음),
71983,Tyler Stapleton,FDD Action,FDD Action,사내,2023Q3–2023Q4,"Legislative Assistant, Rep. Brian Higgins (2007-2013) National Security Advisor, Rep. Schneider (2013-2015)",의원실 직원 출신
47358,Joe Spata,Federal Business Group,Copper Alloys+,외부 로비회사,2023Q4–2023Q4,(신고 없음),
51394,Menda Fife,"FifeStrategies, LLC",General Dynamics,외부 로비회사,2023Q2–2024Q4,Pro. Staff Member - Senate Appropriations CommitteeLA - Sens. Kennedy & Feinstein & Cong. Corrine BrownLegislative Coorespondent/Mailroom Supervisor - Sen. Harkin,세출위 직원 출신
32400,David Marventano,Fluor Corporation,Fluor Corporation,사내,2024Q2–2024Q4,"SENIOR VP, GOVERNMENT RELATIONS",
37827,John Gallagher,Fluor Corporation,Fluor Corporation,사내,2024Q2–2024Q4,(신고 없음),
148056,Ramon Zertuche,Fluor Corporation,Fluor Corporation,사내,2024Q2–2024Q4,"Staff Director of House Committee on Foreign Affairs, Western Hemisphere Subcommittee",외교위 직원 출신
56737,Adam Paulson,General Dynamics Corp,General Dynamics Corp,사내,2023Q2–2024Q4,"Legislative Director, Rep. Peter King",의원실 직원 출신
89009,Brian Potts,General Dynamics Corp,General Dynamics Corp,사내,2023Q2–2024Q4,"Professional Staff Member, House Appropriations Committee, Military Construction Subcommittee",세출위 직원 출신
71659,David Gillies,General Dynamics Corp,General Dynamics Corp,사내,2023Q2–2024Q4,"Legislative Director, Congresswoman Debbie Stabenow (MI)",의원실 직원 출신
56909,David Morriss,General Dynamics Corp,General Dynamics Corp,사내,2023Q2–2024Q4,"Minority Staff Director, Senate Armed Services",군사위 직원 출신
27701,Douglas Ritter,General Dynamics Corp,General Dynamics Corp,사내,2023Q2–2024Q4,"Director, Government Relations",
63317,Elizabeth Schmid,General Dynamics Corp,General Dynamics Corp,사내,2023Q2–2024Q4,Research Associate-U.S. Commission on National Security,
66486,Erica Striebel,General Dynamics Corp,General Dynamics Corp,사내,2023Q2–2024Q4,Intern - U.S. Rep. Joe Scarborough,의원실 직원 출신
48552,Jennifer Navarro,General Dynamics Corp,General Dynamics Corp,사내,2023Q2–2024Q4,"Director, Government Relations",
146777,Patrick McGuigan,General Dynamics Corp,General Dynamics Corp,사내,2023Q2–2024Q4,"Senator John Boozman, Defense and Veterans Affairs Advisor Senate Veterans Affairs Committee, Professional Staff Member",의원실 직원 출신
58485,Robert Helm,General Dynamics Corp,General Dynamics Corp,사내,2023Q2–2024Q4,(신고 없음),
139262,Shana Chandler,General Dynamics Corp,General Dynamics Corp,사내,2023Q2–2024Q4,"2007-2022 - Chief of Staff, Rep. Adam Smith 2005-2007 - Legislative Director/Deputy Chief of Staff, Rep. Adam Smith 2001 - 2005 - Senior Legislative Assistant, Rep. Adam Smith",Adam Smith 의원 비서실장(2007–22) [L57]
46078,Teresa Gaines,General Dynamics Corp,General Dynamics Corp,사내,2023Q2–2024Q4,"Director, Government Relations",
55170,Christina Hamilton,Gephardt Group Government Affairs,Huntington Ingalls Industries,외부 로비회사,2024Q1–2024Q4,"Staff, House Appropriations Committee; Chief of Staff, Rep. Obey; Appropriations Coordinator, Rep. Obey; Administrative Assistant, Rep. Obey",세출위 직원 출신
47572,Janice O'Connell,Gephardt Group Government Affairs,Huntington Ingalls Industries,외부 로비회사,2024Q1–2024Q4,"Prof Staff, Senate Banking and Foreign Relations Committees",외교위 직원 출신
58508,Carolyn Apostolou,Huntington Ingalls Industries Incorporated,Huntington Ingalls Industries Incorporated,사내,2023Q3–2024Q4,"Clerk, Senate Energy & Water Appropriations",세출위 직원 출신
54227,Charles Hicks,Huntington Ingalls Industries Incorporated,Huntington Ingalls Industries Incorporated,사내,2023Q3–2024Q4,"Legis Director, Cong. Terry Everett, MLA, Cong. Jo Ann Davis",
146187,Elizabeth Bina Benedict,Huntington Ingalls Industries Incorporated,Huntington Ingalls Industries Incorporated,사내,2023Q3–2024Q4,(신고 없음),
60488,Peter Courtney,Huntington Ingalls Industries Incorporated,Huntington Ingalls Industries Incorporated,사내,2023Q3–2024Q4,(신고 없음),
54352,Roger West,Huntington Ingalls Industries Incorporated,Huntington Ingalls Industries Incorporated,사내,2023Q3–2024Q4,(신고 없음),
111523,Stewart Holmes,Huntington Ingalls Industries Incorporated,Huntington Ingalls Industries Incorporated,사내,2023Q3–2024Q4,"Clerk, Senate Defense Appropriations; Professional Staff Member, Senate Appropriations; Military Legislative Assistant, Senator Thad Cochran",세출위 직원 출신
51756,Carrie Desmond,Lockheed Martin Corporation,Lockheed Martin Corporation,사내,2023Q3–2023Q4,"(Office of the Finance Chair), Nov 96-Jan 97",의원실 직원 출신
64818,George Kampstra,Rolls-Royce North America and Its Affiliates,Rolls-Royce North America and Its Affiliates,사내,2024Q1–2024Q4,(신고 없음),
143276,Lindsay Ratliff,Rolls-Royce North America and Its Affiliates,Rolls-Royce North America and Its Affiliates,사내,2024Q1–2024Q4,"Deputy Chief of Staff, Legislative Director, Military Legislative Assistant, U.S. Rep. Jim Banks; Staff Assistant, U.S. Senate Armed Services Committee",군사위 직원 출신
72627,Nathaniel Bennett,Rolls-Royce North America and Its Affiliates,Rolls-Royce North America and Its Affiliates,사내,2024Q1–2024Q4,"Rep. Andre Carson: Dep. CoS/Leg. Dir. (2017-19); Leg. Dir (2011-16); Sr. Leg. Asst (2010-11); Leg. Asst/Dep. Comms. Dir. (2009-10); Leg. Corr./Staff Writer (2008-09); Staff Asst. (2008) Rep. Joe Donnelly, Dist. Scheduler (2007-08)",의원실 직원 출신
69914,Steven Wilson,Rolls-Royce North America and Its Affiliates,Rolls-Royce North America and Its Affiliates,사내,2024Q1–2024Q4,"U.S. House Committee on Appropriations, Associate Professional Staff; Representative Rodney P. Frelinghuysen, Senior Policy Advisor; Representative Marge Roukema, Chief of Staff",세출위 직원 출신
142503,Aidan Trummel,RTX Corporation and Affiliates,RTX Corporation and Affiliates,사내,2023Q3–2024Q4,(신고 없음),
139169,Art Cameron,RTX Corporation and Affiliates,RTX Corporation and Affiliates,사내,2023Q3–2024Q4,"Staff director, Sen. Appropriations Comm. Subcommittee on CJS (1/2008-2/2011); Professional staff, Sen. Appropriations Comm. (2/2006-1/2008); Dep. Asst. Sec. for Appropriations and Mgmt, Office of Leg. Affiars, US Dept of Treasury (1/1999-1/2006)",세출위 직원 출신
141399,Erica Lefaive,RTX Corporation and Affiliates,RTX Corporation and Affiliates,사내,2023Q3–2024Q4,"Leg. Asst., Office of Rep. Randy Weber (6/2017-5/2021)",의원실 직원 출신
121816,Jeff Shockey,RTX Corporation and Affiliates,RTX Corporation and Affiliates,사내,2023Q3–2024Q4,"Legislative Director, Rep. Jerry Lewis (1991-1999); Staff Director, House Appropriations Committee (2005-2011); Staff Director, House Permanent Select Committee on Intelligence (2015-2016)",세출위 직원 출신
139490,Jennifer Miller,RTX Corporation and Affiliates,RTX Corporation and Affiliates,사내,2023Q3–2024Q4,HAC-Subcom VA-HUD & Indep. Ags(1/01-12/04);House Approp. Comm(1/05-4/11); House Approp. Subcom on Defense (5/11-12/14); House Perm. Select Comm Intel(12/14 -3/15);House Approp Comm Surv/Investig Div(10/15-1/17);House Approp Subcom. Def(1/17 -1/19),세출위 직원 출신
139794,Jessica Calio,RTX Corporation and Affiliates,RTX Corporation and Affiliates,사내,2023Q3–2024Q4,"Schedule C, DOD (6/2017-2/2019); Leg. Asst., Rep. Michael R. Turner (2/2015-6/2017); Scheduler, Rep. Virginia Foxx (7/2012-9/2014)",의원실 직원 출신
147018,Katie Calhoun,RTX Corporation and Affiliates,RTX Corporation and Affiliates,사내,2023Q3–2024Q4,(신고 없음),
142504,Michelle Jelnicky,RTX Corporation and Affiliates,RTX Corporation and Affiliates,사내,2023Q3–2024Q4,"Leg. Dir., Office of Rep. Bergman (1/2017-1/2023); Leg. Dir., Office of Rep. Guinta (4/2015-1/2017); Leg. Asst., Office of Rep. Pittenger (1/2013-4/2015); Leg. Correspondent., Office of Rep. Myrick (1/2011-1/2013)",의원실 직원 출신
74500,Robert Neal,RTX Corporation and Affiliates,RTX Corporation and Affiliates,사내,2023Q3–2024Q4,"Appropriations Associate, Office of Representative George R. Nethercutt, Jr. 06/1995 - 01/2005",세출위 직원 출신
138742,Sally Sullivan,RTX Corporation and Affiliates,RTX Corporation and Affiliates,사내,2023Q3–2024Q4,(신고 없음),
146245,Taylor Garcia,RTX Corporation and Affiliates,RTX Corporation and Affiliates,사내,2023Q3–2024Q4,"Intern, Office of Rep. Scalise (4/2021-6/2021); Intern, Office of Rep. McHenry (6/2020-7/2020)",의원실 직원 출신
139289,Thomas Culligan,RTX Corporation and Affiliates,RTX Corporation and Affiliates,사내,2023Q3–2024Q4,"Leg. Dir., Office of Rep. Frank R. Wolf (9/2011-10/2014); Leg. Asst., Office of Rep. Frank R. Wolf (1/2008-9/2011); Leg. Asst., Office of Rep. Thomas E. Petri (7/2005-1/2008)",의원실 직원 출신
143610,Timothy Prince,RTX Corporation and Affiliates,RTX Corporation and Affiliates,사내,2023Q3–2024Q4,"Professional Staff Member, House Appropriations Committee (01/2007-01/2016)",세출위 직원 출신
62883,Darrel Thompson,"TheGroup DC, LLC",HII,외부 로비회사,2023Q4–2023Q4,Deputy Chief of Staff to Senate Majority Leader Harry Reid; Senior Advisor to Senate Minority Leader Harry Reid; Senior Policy Advisor and Director of Member Services to House Democratic Leader Richard Gephardt,의원실 직원 출신
