id,date,version,section,quote,summary,refs,quote_verified
C01,2023-05-02,"DoD legislative proposal (8th package, via CRS)",SEC. ___ (a)(1),the President may transfer not more than two Virginia class submarines from the inventory of the Navy to the Government of Australia on a sale basis under section 21 of the Arms Export Control Act (22 U.S.C. 2761).,"보유분 2척 이하, AECA 21조 판매. 기한·유예 없음. CNO 인증 면제, 수익은 해군장관 재량.","[{""source"": ""CRS1"", ""pdf_page"": 73, ""locator"": ""DoD proposal text"", ""url"": ""https://www.congress.gov/crs_external_products/RL/PDF/RL32418/RL32418.274.pdf""}]",yes
C02,2023-06-09,H.R. 3939 IH (Meeks),Sec. 3(a)(1),the President may transfer not more than two Vir- … ginia class submarines from the inventory of the Navy to the Government of Australia on a sale basis under section 21 of the Arms Export Control Act,DoD 안과 동일 구조(2척 이하).,"[{""source"": ""B3939"", ""pdf_page"": 3, ""locator"": ""Sec. 3(a)(1) start"", ""url"": ""https://www.govinfo.gov/content/pkg/BILLS-118hr3939ih/pdf/BILLS-118hr3939ih.pdf""}, {""source"": ""B3939"", ""pdf_page"": 4, ""locator"": ""cont."", ""url"": ""https://www.govinfo.gov/content/pkg/BILLS-118hr3939ih/pdf/BILLS-118hr3939ih.pdf""}]",yes
C03,2023-06-30,H.R. 2670 RH (HASC),—,(no submarine transfer authority),HASC 보고안에는 판매 승인 없음(sec.518 보고 조항만).,"[{""source"": ""RH"", ""pdf_page"": 184, ""locator"": ""Sec. 518 only"", ""url"": ""https://www.govinfo.gov/content/pkg/BILLS-118hr2670rh/pdf/BILLS-118hr2670rh.pdf""}]",n/a (absence; verified by full-text search)
C04,2023-07-11,S. 2226 RS (SASC),—,(no submarine transfer authority),SASC 원안에도 판매 승인 없음(sec.1253 고위관료 지정).,"[{""source"": ""SRS"", ""pdf_page"": 631, ""locator"": ""Sec. 1253"", ""url"": ""https://www.govinfo.gov/content/pkg/BILLS-118s2226rs/pdf/BILLS-118s2226rs.pdf""}]",n/a (absence; verified by full-text search)
C05,2023-07-13,H.R. 4619 IH (Huizenga),Sec. 3(a),"the President is authorized to transfer up to two Virginia Class submarines from the inventory of the Department of the Navy to the Government of Australia on a sale basis, during the 15-year period beginning on the date of the enactment of this Act","2척, 15년 기간, ""Notwithstanding any other provision of law""; 270일 인증 + 불승인 공동결의.","[{""source"": ""B4619"", ""pdf_page"": 3, ""locator"": ""Sec. 3(a)"", ""url"": ""https://www.govinfo.gov/content/pkg/BILLS-118hr4619ih/pdf/BILLS-118hr4619ih.pdf""}]",yes
C06,2023-07-13 (SFRC markup); text filed 2023-08-22,S. 2043 RS (SFRC) Title IX,Sec. 921(a)(1),transfer not more than two Virginia class submarines from the inventory of the United States Navy to the Government of Australia on a sale basis; and … transfer not more than one additional Virginia class submarine to the Government of Australia on a sale basis.,"처음으로 ""2척 + 추가 1척"" 구조 등장(현존 문서 기준). 60일 전 인증, MDA 전제, 추가판매 별도입법.","[{""source"": ""S2043"", ""pdf_page"": 331, ""locator"": ""Sec. 921(a)(1)"", ""url"": ""https://www.govinfo.gov/content/pkg/BILLS-118s2043rs/pdf/BILLS-118s2043rs.pdf""}]",yes
C07,2023-07-14,H.R. 2670 EH (House-passed),—,(no submarine transfer authority),하원 통과안에도 판매 승인 없음.,"[{""source"": ""EH"", ""pdf_page"": 250, ""locator"": ""Sec. 518"", ""url"": ""https://www.govinfo.gov/content/pkg/BILLS-118hr2670eh/pdf/BILLS-118hr2670eh.pdf""}]",n/a (absence; verified by full-text search)
C08,2023-07-19,SA 935 (Reed/Wicker substitute) / S. 2226 as passed,Div. E Sec. 6293,Not less than 60 days prior to transferring one or more Virginia class submarines from the inventory of the United States Navy to the Government of Australia,판매 승인 아님 — 이전 시 인증 조건만. Div. F Title LXVIII에는 훈련 조항(6823)만.,"[{""source"": ""SA935"", ""pdf_page"": 205, ""locator"": ""S3359"", ""url"": ""https://www.govinfo.gov/content/pkg/CREC-2023-07-19/pdf/CREC-2023-07-19-pt1-PgS3155-2.pdf""}, {""source"": ""EAS"", ""pdf_page"": 1624, ""locator"": ""Sec. 6293"", ""url"": ""https://www.govinfo.gov/content/pkg/BILLS-118hr2670eas/pdf/BILLS-118hr2670eas.pdf""}]",yes
C09,2023-07-25/26,"H.R. 4619 Huizenga ANS (HFAC, adopted 46-0)",Sec. 3(a),"the President is authorized to transfer up to two Virginia Class submarines from the inventory of the Department of the Navy to the Government of Australia on a sale basis, during the 15-year period beginning on the date of the enactment of this Act","수량·기간은 IH와 동일; 인증요건 일부 수정(HEU ""stockpiles""), 기여금 계정(sec.4) 추가.","[{""source"": ""ANS4619"", ""pdf_page"": 3, ""locator"": ""Sec. 3(a)"", ""url"": ""https://docs.house.gov/meetings/FA/FA00/20230726/116275/BILLS-118-4619-H001058-Amdt---U1.pdf""}]",yes
C10,2023-12-06,Conference report H. Rept. 118-301 (legislative text),Sec. 1352(a),"the President is authorized to transfer up to two Virginia Class submarines from the inventory of the Department of the Navy to the Government of Australia on a sale basis, and transfer not more than one additional Virginia Class submarine","2(보유분)+1(추가), 1년 유예, 20년 기간, AECA 36조·10 USC 8677 배제, 270일 인증, MDA 전제.","[{""source"": ""CONF"", ""pdf_page"": 430, ""locator"": ""Sec. 1352(a) printed p.382"", ""url"": ""https://www.govinfo.gov/content/pkg/CRPT-118hrpt301/pdf/CRPT-118hrpt301.pdf""}]",yes
C11,2023-12-22,P.L. 118-31 (enacted),Sec. 1352(a),"Effective beginning on the date that is one year after the date of the enactment of this Act, the President is authorized to transfer up to two Virginia Class submarines from the inventory of the Department of the Navy to the Government of Australia on a sale basis, and transfer not more than one additional Virginia Class submarine to the Government of Australia on a sale basis pursuant to section 21 of the Arms Export Control Act",최종 문안(ENR p.379와 동일 확인).,"[{""source"": ""PL"", ""pdf_page"": 380, ""locator"": ""137 Stat. 514"", ""url"": ""https://www.govinfo.gov/content/pkg/PLAW-118publ31/pdf/PLAW-118publ31.pdf""}, {""source"": ""ENR"", ""pdf_page"": 379, ""locator"": ""Sec. 1352(a)"", ""url"": ""https://www.govinfo.gov/content/pkg/BILLS-118hr2670enr/pdf/BILLS-118hr2670enr.pdf""}]",yes
