id,theme,claim,who,date,quote,translation,assessment,limit,level,refs,quote_verified
E01,조문,"P.L. 118-31 제13편(TITLE XIII) Subtitle B ""Matters Relating to the AUKUS Partnership""이 AUKUS 조항 묶음(1321·1331-1333·1341-1345·1351-1354조)이다.",Congress,2023-12-22,Subtitle B—Matters Relating to the AUKUS Partnership … Sec. 1321. Definitions.,Subtitle B—AUKUS 파트너십 관련 사항 … 제1321조 정의,목차상 구조 확인,목차 페이지 기준,직접 확인,"[{""source"": ""PL"", ""pdf_page"": 15, ""locator"": ""Table of contents, 137 Stat. 149"", ""url"": ""https://www.govinfo.gov/content/pkg/PLAW-118publ31/pdf/PLAW-118publ31.pdf""}]",yes
E02,조문,"제1351조: Part 3의 약칭은 ""AUKUS Submarine Transfer Authorization Act"".",Congress,2023-12-22,This part may be cited as the ‘‘AUKUS Submarine Transfer Authorization Act’’.,"이 Part는 ""AUKUS 잠수함 이전 승인법""으로 인용할 수 있다.",하원 단독법안(H.R.4619) 명칭이 Part 명칭으로 승계됨,,직접 확인,"[{""source"": ""PL"", ""pdf_page"": 380, ""locator"": ""Sec. 1351, 137 Stat. 514"", ""url"": ""https://www.govinfo.gov/content/pkg/PLAW-118publ31/pdf/PLAW-118publ31.pdf""}]",yes
E03,조문,"제1352조(a): 법 시행 1년 후부터 해군 보유분(inventory) 최대 2척 + 추가 1척 이하, 20년 기간 내 판매 방식 이전 승인.",Congress,2023-12-22,"Effective beginning on the date that is one year after the date of the enactment of this Act, the President is authorized to transfer up to two Virginia Class submarines from the inventory of the Department of the Navy to the Government of Australia on a sale basis, and transfer not more than one additional Virginia Class submarine to the Government of Australia on a sale basis pursuant to section 21 of the Arms Export Control Act","이 법 제정일로부터 1년이 되는 날부터, 대통령은 해군성 보유 버지니아급 잠수함 최대 2척을 판매 방식으로 호주 정부에 이전하고, 추가 버지니아급 잠수함 1척 이하를 무기수출통제법 제21조에 따라 판매 방식으로 이전할 권한을 가진다.","""추가 1척""에는 ""from the inventory"" 수식어가 없음(신조 가능성 해석 여지 — 해석은 추정)",20년 기간 문구는 다음 쪽(p.381)으로 이어짐,직접 확인,"[{""source"": ""PL"", ""pdf_page"": 380, ""locator"": ""Sec. 1352(a), 137 Stat. 514"", ""url"": ""https://www.govinfo.gov/content/pkg/PLAW-118publ31/pdf/PLAW-118publ31.pdf""}]",yes
E04,조문,제1352조(a): 이전 기간은 법 제정일부터 20년.,Congress,2023-12-22,"beginning on the date of the enactment of this Act, to implement the trilateral security partnership between Australia, the United Kingdom, and the United States","이 법 제정일부터 시작하여(20년 기간), 호주·영국·미국 3자 안보 파트너십을 이행하기 위해","""during the 20-year period""는 p.380 마지막 줄",,직접 확인,"[{""source"": ""PL"", ""pdf_page"": 381, ""locator"": ""Sec. 1352(a) cont., 137 Stat. 515"", ""url"": ""https://www.govinfo.gov/content/pkg/PLAW-118publ31/pdf/PLAW-118publ31.pdf""}, {""source"": ""PL"", ""pdf_page"": 380, ""locator"": ""Sec. 1352(a) \""during the 20-year period\"""", ""url"": ""https://www.govinfo.gov/content/pkg/PLAW-118publ31/pdf/PLAW-118publ31.pdf""}]",yes
E05,조문,제1352조(b): 이전은 무기수출통제법 제36조(의회 통보·불승인 절차) 및 10 U.S.C. 8677(함정 이전 법률 승인 요건)의 적용을 받지 않는다.,Congress,2023-12-22,"The transfer of a vessel authorized under subsection (a) shall not be subject to the requirements of … section 36 of the Arms Export Control Act … section 8677 of title 10, United States Code.",(a)에 따라 승인된 함정 이전은 무기수출통제법 제36조 … 및 미국법전 제10편 제8677조의 요건을 적용받지 아니한다.,하원 H.R.4619 원안의 공동결의 불승인(joint resolution of disapproval) 절차는 최종법에 없음,,직접 확인,"[{""source"": ""PL"", ""pdf_page"": 381, ""locator"": ""Sec. 1352(b)"", ""url"": ""https://www.govinfo.gov/content/pkg/PLAW-118publ31/pdf/PLAW-118publ31.pdf""}]",yes
E06,조문,"제1352조(d)(1): 이전 270일 전 대통령 인증(미 해저전력 저하 없음, 생산·정비 투자 충분, 호주의 자금 기여, 호주의 운용능력).",Congress,2023-12-22,"Not later than 270 days prior to the transfer of a vessel authorized under subsection (a), the President shall submit to the appropriate congressional committees and leadership a certification that … will not degrade the United States undersea capabilities … the United States is making sufficient submarine production and maintenance investments",(a)에 따른 함정 이전 270일 전까지 대통령은 해당 상임위·지도부에 다음을 인증해야 한다 … 미국의 해저 역량을 저하시키지 않음 … 미국이 충분한 잠수함 생산·정비 투자를 하고 있음,하원안(H.R.4619 IH)의 HEU 10년분 인증 요건은 최종법에서 빠짐,,직접 확인,"[{""source"": ""PL"", ""pdf_page"": 381, ""locator"": ""Sec. 1352(d)(1)(A)-(D)"", ""url"": ""https://www.govinfo.gov/content/pkg/PLAW-118publ31/pdf/PLAW-118publ31.pdf""}]",yes
E07,조문,"제1352조(d)(2): 해군참모총장(CNO)의 ""국방에 필수적이지 않음"" 인증(10 U.S.C. 8678) 면제.",Congress,2023-12-22,"The requirement for the Chief of Naval Operations to make a certification under section 8678 of title 10, United States Code, shall not apply to the transfer of a vessel authorized under subsection (a).",해군참모총장이 미국법전 제10편 제8678조에 따른 인증을 해야 하는 요건은 (a)에 따른 함정 이전에 적용되지 아니한다.,DoD 2023.5 입법제안(CRS 수록)에도 동일 취지 조항 있음,,직접 확인,"[{""source"": ""PL"", ""pdf_page"": 381, ""locator"": ""Sec. 1352(d)(2)"", ""url"": ""https://www.govinfo.gov/content/pkg/PLAW-118publ31/pdf/PLAW-118publ31.pdf""}]",yes
E08,조문,제1352조(d)(3): 미-호주 상호방위협정(MDA) 발효가 이전의 전제조건.,Congress,2023-12-22,The President may not provide for the transfer of a vessel authorized under subsection (a) unless the United States and Australia have entered into a mutual defense agreement,미국과 호주가 상호방위협정을 체결하지 않는 한 대통령은 (a)에 따른 함정 이전을 할 수 없다.,SFRC안(S.2043 sec.921(a)(4))에서 유래한 것으로 보임(문구 유사 — 계보 판단은 추정),,직접 확인,"[{""source"": ""PL"", ""pdf_page"": 381, ""locator"": ""Sec. 1352(d)(3)(A)"", ""url"": ""https://www.govinfo.gov/content/pkg/PLAW-118publ31/pdf/PLAW-118publ31.pdf""}]",yes
E09,조문,제1352조(d)(4): 3척을 넘는 추가 판매는 별도 법률의 명시적 승인 필요.,Congress,2023-12-22,may occur only if such transfer is explicitly authorized pursuant to a law enacted after the date of the enactment of this Act.,이 법 제정 이후 제정된 법률에 의해 명시적으로 승인된 경우에만 할 수 있다.,"2023.3 최적경로 발표의 ""최대 2척 추가""(총 5척)와 대비",,직접 확인,"[{""source"": ""PL"", ""pdf_page"": 382, ""locator"": ""Sec. 1352(d)(4)"", ""url"": ""https://www.govinfo.gov/content/pkg/PLAW-118publ31/pdf/PLAW-118publ31.pdf""}]",yes
E10,조문,제1352조(e): 판매대금은 원 조달계정·대체 조달 계정 또는 잠수함 산업기반 개선 계정에 대통령 재량으로 귀속.,Congress,2023-12-22,"any other appropriation, fund, or account available for the improvement of the United States submarine industrial base",미국 잠수함 산업기반 개선에 사용 가능한 기타 세출·기금·계정,,,직접 확인,"[{""source"": ""PL"", ""pdf_page"": 382, ""locator"": ""Sec. 1352(e)(1)(A)(iii)"", ""url"": ""https://www.govinfo.gov/content/pkg/PLAW-118publ31/pdf/PLAW-118publ31.pdf""}]",yes
E11,조문,"제1352조(e)(2)(A): 첫 인도 30일 전, SRF-West 완전운용능력(버지니아급 4척+아스튜트급 1척 순환배치 지원) 및 호주 주권적 초기운용능력 달성 통보.",Congress,2023-12-22,Submarine Rotational Forces-West full operational capability to support 4 rotationally deployed Virginia class submarines and one Astute class submarine,버지니아급 4척과 아스튜트급 1척의 순환배치를 지원하는 SRF-West 완전운용능력,"상원 수정안 sec.6293의 인증요건이 ""통보"" 형태로 흡수된 것으로 보임(JES는 ""elsewhere""로만 언급 — 연결은 추정)",,직접 확인,"[{""source"": ""PL"", ""pdf_page"": 382, ""locator"": ""Sec. 1352(e)(2)(A)(i)"", ""url"": ""https://www.govinfo.gov/content/pkg/PLAW-118publ31/pdf/PLAW-118publ31.pdf""}]",yes
E12,조문,제1352조(g): 10 U.S.C. 8680 개정 — 대통령이 미·호·영의 공공/민간 조선소 중 AUKUS 관련 미 잠수함 수리 장소를 결정(호·영 수리는 조건부).,Congress,2023-12-22,"the President shall determine the appropriate public or private shipyard in the United States, Australia, or the United Kingdom to perform any repair or refurbishment of a United States submarine",대통령은 미국 잠수함의 수리·개량을 수행할 미국·호주·영국의 적절한 공공 또는 민간 조선소를 결정한다,,,직접 확인,"[{""source"": ""PL"", ""pdf_page"": 383, ""locator"": ""Sec. 1352(g), new 10 U.S.C. 8680(c)(1)"", ""url"": ""https://www.govinfo.gov/content/pkg/PLAW-118publ31/pdf/PLAW-118publ31.pdf""}]",yes
E13,조문,제1352조(h): 이전·운용에 필요한 방산용역(defense services)을 호주·영국 정부 및 민간·공공부문 인력에 직접 수출 허용(인력 훈련 근거).,Congress,2023-12-22,may be directly exported to private and public-sector personnel of Australia or to private and public-sector personnel of the United Kingdom to support the development of the Australian submarine industrial base,호주 잠수함 산업기반 발전을 지원하기 위해 호주 또는 영국의 민간·공공부문 인력에게 직접 수출될 수 있다,상원 sec.6823(호주 민간인만)보다 범위 확대(영국·공공부문 포함),,직접 확인,"[{""source"": ""PL"", ""pdf_page"": 384, ""locator"": ""Sec. 1352(h)(2)"", ""url"": ""https://www.govinfo.gov/content/pkg/PLAW-118publ31/pdf/PLAW-118publ31.pdf""}]",yes
E14,조문,제1352조(i): 180일 내 및 이후 15년간 매년 분류(classified) 보고서.,Congress,2023-12-22,The report required by this subsection shall be submitted in classified form.,이 항에 따른 보고서는 비밀 형태로 제출한다.,,,직접 확인,"[{""source"": ""PL"", ""pdf_page"": 385, ""locator"": ""Sec. 1352(i)(2)"", ""url"": ""https://www.govinfo.gov/content/pkg/PLAW-118publ31/pdf/PLAW-118publ31.pdf""}]",yes
E15,조문,"제1353조: 대통령은 호주 정부의 비핵 분야 잠수함 안보활동 지원 기여금을 수령할 수 있으며, 재무부에 ""Submarine Security Activities Account""를 설치.",Congress,2023-12-22,The President may accept from the Government of Australia contributions of money made by the Government of Australia for use by the Department of Defense in support of non-nuclear related aspects of submarine security activities … Submarine Security Activities Account,대통령은 호·영·미 잠수함 안보활동 중 비핵 관련 측면 지원을 위해 국방부가 사용하도록 호주 정부가 낸 금전 기여를 수령할 수 있다 … 잠수함안보활동계정,"DoD 제안·H.R.3939는 국방장관(SecDef)에게 권한, 최종법은 대통령",,직접 확인,"[{""source"": ""PL"", ""pdf_page"": 385, ""locator"": ""Sec. 1353(a)-(b)"", ""url"": ""https://www.govinfo.gov/content/pkg/PLAW-118publ31/pdf/PLAW-118publ31.pdf""}]",yes
E16,조문,제1353조(c): 계정 자금은 조선소 인력 채용·훈련·유지 및 시설 개선 등에 사용 가능.,Congress,2023-12-22,"to develop and increase the submarine industrial base workforce by investing in recruiting, training, and",채용·훈련·(유지)에 투자하여 잠수함 산업기반 인력을 육성·확대하기 위해,,,직접 확인,"[{""source"": ""PL"", ""pdf_page"": 385, ""locator"": ""Sec. 1353(c)(1)(C)"", ""url"": ""https://www.govinfo.gov/content/pkg/PLAW-118publ31/pdf/PLAW-118publ31.pdf""}]",yes
E17,조문,"제1343조: 무기수출통제법 제38조에 (l)항 신설 — 대통령이 120일 내 호·영 수출통제의 비교가능성 판정·인증, 충족 시 즉시 ITAR 면허 면제.",Congress,2023-12-22,"Not later than 120 days after the date of the enactment of this subsection, the President shall determine and certify in writing",이 항 제정 후 120일 이내에 대통령은 서면으로 판정·인증해야 한다,,,직접 확인,"[{""source"": ""PL"", ""pdf_page"": 376, ""locator"": ""Sec. 1343(a), new AECA 38(l)(1)(A)"", ""url"": ""https://www.govinfo.gov/content/pkg/PLAW-118publ31/pdf/PLAW-118publ31.pdf""}]",yes
E18,조문,제1343조: 인증 시 미·영·호 간 방산물자·용역 수출의 면허 요건을 즉시 면제.,Congress,2023-12-22,the President shall immediately exempt from the licensing or other approval requirements of this section exports and transfers,대통령은 이 조의 면허 또는 기타 승인 요건으로부터 수출·이전을 즉시 면제한다,"상원안(EAS 6833)은 국무장관 재량(""may exempt"")이었음 → 최종은 대통령 의무(""shall"")",,직접 확인,"[{""source"": ""PL"", ""pdf_page"": 377, ""locator"": ""AECA 38(l)(2)"", ""url"": ""https://www.govinfo.gov/content/pkg/PLAW-118publ31/pdf/PLAW-118publ31.pdf""}]",yes
E19,조문,"제1343조: 면제는 15년 후 종료, 5년 갱신 가능.",Congress,2023-12-22,shall terminate on the date that is 15 years after the date of the enactment of this subsection,이 항 제정일로부터 15년이 되는 날 종료한다,,,직접 확인,"[{""source"": ""PL"", ""pdf_page"": 379, ""locator"": ""AECA 38(l)(7)"", ""url"": ""https://www.govinfo.gov/content/pkg/PLAW-118publ31/pdf/PLAW-118publ31.pdf""}]",yes
E20,조문,제1341조: AUKUS 관련 호·영 구매요청서(LOR)에 대만·우크라이나를 제외한 최우선 처리.,Congress,2023-12-22,to receive expedited consideration and processing relative to all other letters of request other than from Taiwan and Ukraine.,대만·우크라이나를 제외한 다른 모든 구매요청서보다 신속한 검토·처리를 받도록,,,직접 확인,"[{""source"": ""PL"", ""pdf_page"": 375, ""locator"": ""Sec. 1341(a)"", ""url"": ""https://www.govinfo.gov/content/pkg/PLAW-118publ31/pdf/PLAW-118publ31.pdf""}]",yes
E21,조문,"제1344조: 호·영·캐나다 수출면허 신속심사(정부간 협정 관련 30일, 기타 45일).",Congress,2023-12-22,"must be approved, returned, or denied within 30 days of submission … not later than 45 calendar days after the date of application",제출 후 30일 이내 승인·반려·거부 … 신청일 후 45일 이내,"""to the extent practicable"" 단서",,직접 확인,"[{""source"": ""PL"", ""pdf_page"": 380, ""locator"": ""Sec. 1344(c)"", ""url"": ""https://www.govinfo.gov/content/pkg/PLAW-118publ31/pdf/PLAW-118publ31.pdf""}]",yes
E22,조문,제1345조: AECA 38(f)(3)에 영국·호주 추가(캐나다와 동등한 인증·통보 면제).,Congress,2023-12-22,"is amended by inserting ‘‘, the United Kingdom, or Australia’’ after ‘‘Canada’’.","""캐나다"" 다음에 "", 영국 또는 호주""를 삽입한다",,,직접 확인,"[{""source"": ""PL"", ""pdf_page"": 380, ""locator"": ""Sec. 1345(a)"", ""url"": ""https://www.govinfo.gov/content/pkg/PLAW-118publ31/pdf/PLAW-118publ31.pdf""}]",yes
E23,조문,"제1331조: 국무장관은 AUKUS 이행을 총괄하는 국무부 고위자문관(Senior Advisor) 지정, AUKUS 태스크포스 설치(7년 일몰).",Congress,2023-12-22,The Secretary of State shall designate a senior advisor at the Department of State,국무장관은 국무부에 고위자문관을 지정해야 한다,,,직접 확인,"[{""source"": ""PL"", ""pdf_page"": 368, ""locator"": ""Sec. 1331(a)(1)(A)"", ""url"": ""https://www.govinfo.gov/content/pkg/PLAW-118publ31/pdf/PLAW-118publ31.pdf""}]",yes
E24,조문,제1332조: 국방장관은 90일 내 AUKUS 담당 고위 민간관료 지정 및 이행계획 제출(2029년까지 반기 브리핑).,Congress,2023-12-22,the Secretary of Defense shall designate a senior civilian official of the Department of Defense who shall be responsible for overseeing Department of Defense activities relating to the AUKUS partnership.,국방장관은 AUKUS 관련 국방부 활동을 감독할 고위 민간관료를 지정해야 한다,SASC 원안 sec.1253에서 유래,,직접 확인,"[{""source"": ""PL"", ""pdf_page"": 371, ""locator"": ""Sec. 1332(a)"", ""url"": ""https://www.govinfo.gov/content/pkg/PLAW-118publ31/pdf/PLAW-118publ31.pdf""}]",yes
E25,조문,"제1333조: 비구속적 문서(non-binding instrument) 30일 내 의회 제출, 격년 AUKUS 보고서(버지니아급 최대 5척 목표 진척 포함).",Congress,2023-12-22,its objectives of providing up to five Virginia Class submarines to Australia by the early to mid-2030,2030년대 초중반까지 호주에 버지니아급 최대 5척 제공이라는 목표,보고 요소로만 언급(승인 아님),,직접 확인,"[{""source"": ""PL"", ""pdf_page"": 374, ""locator"": ""Sec. 1333(b)(2)(B)(i)(V)(aa)"", ""url"": ""https://www.govinfo.gov/content/pkg/PLAW-118publ31/pdf/PLAW-118publ31.pdf""}]",yes
E26,조문,"제1354조: ""적절한 상임위·지도부""는 하원의장·HFAC·HASC·하원 세출위, 상원 다수당대표·SFRC·SASC·상원 세출위.",Congress,2023-12-22,"the Speaker of the House of Representatives and the Committee on Foreign Affairs, the Committee on Armed Services, and the Committee on Appropriations",하원의장 및 외교위·군사위·세출위,,,직접 확인,"[{""source"": ""PL"", ""pdf_page"": 388, ""locator"": ""Sec. 1354, 137 Stat. 522"", ""url"": ""https://www.govinfo.gov/content/pkg/PLAW-118publ31/pdf/PLAW-118publ31.pdf""}]",yes
E27,조문,제3133조(DOE 농축역량 계획) 보고요소에 AUKUS로 인한 HEU 수요 변화 포함.,Congress,2023-12-22,a description of any changes in the requirement of the Department of Defense for highly enriched uranium due to AUKUS,AUKUS로 인한 국방부 고농축우라늄 수요 변화 설명,,,직접 확인,"[{""source"": ""PL"", ""pdf_page"": 671, ""locator"": ""Sec. 3133(a)(5), 137 Stat. 805"", ""url"": ""https://www.govinfo.gov/content/pkg/PLAW-118publ31/pdf/PLAW-118publ31.pdf""}]",yes
E28,발의,"H.R. 4619 (AUKUS Submarine Transfer Authorization Act): 2023-07-13 Huizenga(R-MI) 발의, McCaul 원공동발의, HFAC·Rules·HASC 회부.",Rep. Bill Huizenga,2023-07-13,"Mr. HUIZENGA (for himself and Mr. MCCAUL) introduced the following bill; which was referred to the Committee on Foreign Affairs, and in addition to the Committees on Rules, and Armed Services","허이징가 의원(본인 및 매콜 의원)이 법안을 발의, 외교위 및 규칙위·군사위에 회부",공동발의자 34명(congress.gov API count),,직접 확인,"[{""source"": ""B4619"", ""pdf_page"": 1, ""locator"": ""p.1 caption"", ""url"": ""https://www.govinfo.gov/content/pkg/BILLS-118hr4619ih/pdf/BILLS-118hr4619ih.pdf""}, {""source"": ""API"", ""pdf_page"": null, ""locator"": ""api/hr_4619_cosp.json pagination.count=34"", ""url"": ""https://api.congress.gov/v3/bill/118/hr/4619/cosponsors""}]",yes
E29,발의,"H.R. 4619 원안: 보유분 최대 2척, 15년 기간, ""Notwithstanding any other provision of law"".",Rep. Bill Huizenga,2023-07-13,"the President is authorized to transfer up to two Virginia Class submarines from the inventory of the Department of the Navy to the Government of Australia on a sale basis, during the 15-year period beginning on the date of the enactment of this Act","대통령은 해군성 보유 버지니아급 최대 2척을 판매 방식으로 호주 정부에 이전할 권한이 있으며, 이 법 제정일부터 15년 기간 동안","최종법은 2+1척, 20년, 1년 유예로 변경",,직접 확인,"[{""source"": ""B4619"", ""pdf_page"": 3, ""locator"": ""Sec. 3(a)"", ""url"": ""https://www.govinfo.gov/content/pkg/BILLS-118hr4619ih/pdf/BILLS-118hr4619ih.pdf""}]",yes
E30,발의,H.R. 4619 원안: 의회가 270일 내 불승인 공동결의를 제정하면 이전 금지.,Rep. Bill Huizenga,2023-07-13,"The President may not transfer a vessel authorized under subsection (a) if, within the 270-day period prior to the proposed transfer, a joint resolution is enacted into law prohibiting the proposed transfer.",이전 예정일 전 270일 이내에 이전을 금지하는 공동결의가 법률로 제정되면 대통령은 이전할 수 없다.,최종법에는 이 장치 없음(270일 인증만 남음),,직접 확인,"[{""source"": ""B4619"", ""pdf_page"": 6, ""locator"": ""Sec. 3(d)(2)(A)"", ""url"": ""https://www.govinfo.gov/content/pkg/BILLS-118hr4619ih/pdf/BILLS-118hr4619ih.pdf""}]",yes
E31,발의,H.R. 4619 원안: 향후 10년 국방부 수요를 충족할 HEU 생산능력 인증 요건.,Rep. Bill Huizenga,2023-07-13,the United States has the capacity to produce enough highly enriched uranium to meet the needs of the Department of Defense for the next 10 years,미국이 향후 10년간 국방부 수요를 충족할 만큼의 고농축우라늄 생산능력을 보유,"ANS에서 ""sufficient stockpiles""로 완화, 최종법에서 삭제",,직접 확인,"[{""source"": ""B4619"", ""pdf_page"": 5, ""locator"": ""Sec. 3(d)(1)(C)"", ""url"": ""https://www.govinfo.gov/content/pkg/BILLS-118hr4619ih/pdf/BILLS-118hr4619ih.pdf""}]",yes
E32,발의,"HFAC 마크업(2023-07-26): Huizenga ANS — 수리·개량 조선소 결정권을 대통령에게, 제4조로 호주 기여금 수령 조항 추가.",Rep. Bill Huizenga,2023-07-25,the United States has sufficient stockpiles of highly enriched uranium to meet the needs of the Department of Defense for the next 10 years,미국이 향후 10년 국방부 수요를 충족할 충분한 HEU 비축량을 보유,ANS 문서 작성일 2023-07-25(XML 스탬프),ANS 채택 후 최종 보고안(reported version) 미발간 — govinfo에 RH 없음,직접 확인,"[{""source"": ""ANS4619"", ""pdf_page"": 5, ""locator"": ""Sec. 3(d)(1)(C)"", ""url"": ""https://docs.house.gov/meetings/FA/FA00/20230726/116275/BILLS-118-4619-H001058-Amdt---U1.pdf""}]",yes
E33,발의,HFAC는 Huizenga ANS를 46-0 기록표결로 채택.,HFAC,2023-07-26,Vote: Huizenga ANS to 4619 … Yeas [46] Nays [0],표결: H.R.4619에 대한 허이징가 대체수정안 … 찬성 46 반대 0,"congress.gov는 법안 보고 의결을 ""Voice Vote""로 기록",,직접 확인,"[{""source"": ""HFACV1"", ""pdf_page"": 1, ""locator"": ""vote sheet"", ""url"": ""https://docs.house.gov/meetings/FA/FA00/20230726/116275/CRPT-118-FA00-Vote001-20230726.pdf""}, {""source"": ""API"", ""pdf_page"": null, ""locator"": ""api/hr_4619_actions.json 2023-07-26"", ""url"": ""https://api.congress.gov/v3/bill/118/hr/4619/actions""}]",yes
E34,발의,Waltz 수정안 #87: 버지니아급 연간 건조능력이 FY2024 예산 프로그램을 초과하도록 충분한 투자가 이뤄졌다는 인증 추가 제안.,Rep. Michael Waltz,2023-07-26,sufficient investment has been made to ensure that the United States has the capacity to construct and deliver more Virginia class submarines,미국이 더 많은 버지니아급 잠수함을 건조·인도할 역량을 갖추도록 충분한 투자가 이루어졌음,"처리 결과(채택 여부) 미확인; 최종법 1352(d)(1)(B) ""sufficient submarine production and maintenance investments""와 취지 유사(연결은 추정)",표결지 없음,정황,"[{""source"": ""WALTZ"", ""pdf_page"": 1, ""locator"": ""Amdt #87"", ""url"": ""https://docs.house.gov/meetings/FA/FA00/20230726/116275/BILLS-118-4619-W000823-Amdt-87.pdf""}]",yes
E35,발의,"H.R. 3939 (AUKUS Undersea Defense Act): 2023-06-09 Meeks(D-NY) 발의(Bera, Courtney 원공동발의), ""최대 2척"" 판매·기여금 계정·훈련 조항 — DoD 5월 제안과 구조 동일.",Rep. Gregory Meeks,2023-06-09,To provide for the transfer of not more than two Virginia class submarines from the inventory of the Navy to the Government of Australia on a sale basis under section 21 of the Arms Export Control Act,해군 보유 버지니아급 2척 이하를 무기수출통제법 제21조에 따라 판매 방식으로 호주 정부에 이전하도록 규정하기 위한 법안,공동발의 10명(API); 위원회 조치 기록 없음(회부만),"DoD 제안과의 동일성은 CRS 수록 본문과 대조한 결과(문구 대조, 출처 동일성 자체는 추정)",직접 확인,"[{""source"": ""B3939"", ""pdf_page"": 1, ""locator"": ""long title"", ""url"": ""https://www.govinfo.gov/content/pkg/BILLS-118hr3939ih/pdf/BILLS-118hr3939ih.pdf""}, {""source"": ""CRS1"", ""pdf_page"": 73, ""locator"": ""DoD May 2023 package text"", ""url"": ""https://www.congress.gov/crs_external_products/RL/PDF/RL32418/RL32418.274.pdf""}]",yes
E36,발의,"S. 1471 (TORPEDO Act of 2023): 2023-05-04 Risch(R-ID)·Hagerty 발의, SFRC 회부 — ITAR 면제, 국무부 인력, 훈련(sec.15) 등.",Sen. James Risch,2023-05-04,Mr. RISCH (for himself and Mr. HAGERTY) introduced the following bill; which was read twice and referred to the Committee on Foreign Relations,"리시 의원(본인 및 해거티 의원)이 발의, 외교위 회부","공동발의 2명(Hagerty, Ernst; API); 위원회 조치 없음",,직접 확인,"[{""source"": ""S1471"", ""pdf_page"": 1, ""locator"": ""caption"", ""url"": ""https://www.govinfo.gov/content/pkg/BILLS-118s1471is/pdf/BILLS-118s1471is.pdf""}]",yes
E37,발의,"S. 2043 (State Dept Authorization Act of 2023, SFRC 보고안) Title IX sec.921: 보유분 2척 이하 + 추가 1척 이하, MDA 전제, 추가판매는 별도 입법 — 최종법 구조와 가장 가까운 선행 문안.",SFRC (Menendez/Risch),2023-08-22,transfer not more than two Virginia class submarines from the inventory of the United States Navy to the Government of Australia on a sale basis; and … transfer not more than one additional Virginia class submarine to the Government of Australia on a sale basis.,미 해군 보유 버지니아급 2척 이하를 판매 방식으로 호주 정부에 이전하고 … 추가 버지니아급 1척 이하를 판매 방식으로 이전,"SFRC 2023-07-13 의결(API). 단, 상원 통과 NDAA Division F에는 이 sec.921이 없음",RS 공식 보고일은 7/27 상원 명령에 따른 8/22,직접 확인,"[{""source"": ""S2043"", ""pdf_page"": 331, ""locator"": ""Title IX, Sec. 921(a)(1)"", ""url"": ""https://www.govinfo.gov/content/pkg/BILLS-118s2043rs/pdf/BILLS-118s2043rs.pdf""}]",yes
E38,발의,S. 2043 sec.921(a)(5): 추가 판매는 사후 입법으로 명시 승인 필요 — 최종법 1352(d)(4)와 같은 취지.,SFRC,2023-08-22,A sale of a Virginia class submarine that occurs after the sales described in paragraph (1) may occur only if such sale is explicitly authorized in legislation enacted after the date of the enactment of this Act.,(1)항의 판매 이후 이뤄지는 버지니아급 판매는 이 법 제정 후 제정된 법률로 명시 승인된 경우에만 가능,,,직접 확인,"[{""source"": ""S2043"", ""pdf_page"": 334, ""locator"": ""Sec. 921(a)(5)"", ""url"": ""https://www.govinfo.gov/content/pkg/BILLS-118s2043rs/pdf/BILLS-118s2043rs.pdf""}]",yes
E39,발의,"H.R. 1093: McCaul 발의(2023-02-17, Meeks 원공동), HFAC 2/28 구두표결 보고의결, 3/22 하원 정족수2/3 표결 393-4 통과, 상원 SFRC 회부.",Rep. Michael McCaul,2023-03-22,On Motion to Suspend the Rules and Pass,규칙정지 후 통과 동의,"공화 209-0, 민주 184-4 (Clerk XML 합산 393-4)",,직접 확인,"[{""source"": ""V144"", ""pdf_page"": null, ""locator"": ""roll 144 XML"", ""url"": ""https://clerk.house.gov/evs/2023/roll144.xml""}, {""source"": ""API"", ""pdf_page"": null, ""locator"": ""api/hr_1093_actions.json"", ""url"": ""https://api.congress.gov/v3/bill/118/hr/1093/actions""}]",n/a (xml/api/unsaved)
E40,발의,"H.R. 4725 (AUKUS Oversight and Accountability Act, McCaul 2023-07-19)·H.R.4716 KOALA(Young Kim)·H.R.4715 BRITS(Kean): HFAC 7/26 보고의결(4725: 49-0, 4716: 25-22, 4715: 26-23).",HFAC,2023-07-26,To conduct oversight and accountability of the State Department’s implementation of AUKUS,국무부의 AUKUS 이행에 대한 감독·책임성 확보를 위한 법안,표결수치는 congress.gov API actions 기록,최종법 1331조(국무부 Senior Advisor·Task Force)와 취지 유사 — 계보는 추정,직접 확인,"[{""source"": ""B4725"", ""pdf_page"": 1, ""locator"": ""long title"", ""url"": ""https://www.govinfo.gov/content/pkg/BILLS-118hr4725ih/pdf/BILLS-118hr4725ih.pdf""}, {""source"": ""API"", ""pdf_page"": null, ""locator"": ""api/hr_4725_actions.json, hr_4716_actions.json, hr_4715_actions.json"", ""url"": ""https://api.congress.gov/v3/bill/118/hr/4725/actions""}]",yes
E41,논의,"Reed(당시 SASC 위원장)·Inhofe(당시 간사) 2022-12-21 백악관 서한 — 잠수함 산업기반 ""breaking point"" 경고(언론 보도 인용).",Sen. Jack Reed; Sen. James Inhofe,2022-12-21,We believe current conditions require a sober assessment of the facts to avoid stressing the U.S. submarine industrial base to the breaking point.,현 상황은 미 잠수함 산업기반을 한계점까지 몰아붙이지 않도록 사실에 대한 냉정한 평가를 요구한다고 본다.,"서한 원문 미입수 — Breaking Defense(2023-01-05) 보도 인용. 사용자 가정의 ""Wicker/Reed""가 아니라 ""Reed/Inhofe""",원문 서한 미확인,정황,"[{""source"": ""W2"", ""pdf_page"": null, ""locator"": ""article body"", ""url"": ""https://breakingdefense.com/2023/01/exclusive-reed-inhofe-warn-biden-aukus-risks-becoming-zero-sum-game-for-us-navy/""}]",yes
E42,논의,"Courtney·Gallagher 등 하원 9명(Rogers·Smith 포함) 2023-01-10 대통령 서한: AUKUS는 ""제로섬""이 아니라고 반박.",Rep. Joe Courtney; Rep. Mike Gallagher,2023-01-10,"Far from a zero-sum game, the potential for the United States to provide or build new submarines under AUKUS","제로섬 게임이기는커녕, AUKUS 하에서 미국이 새 잠수함을 제공하거나 건조할 가능성은",참여 의원 명단은 HASC 보도자료(W1) 기준,서명 페이지 전체 미검토(p1만 인용),직접 확인,"[{""source"": ""LTR"", ""pdf_page"": 1, ""locator"": ""para 3"", ""url"": ""https://courtney.house.gov/sites/evo-subsites/courtney.house.gov/files/evo-media-document/1-10-23-jdc-aukus-sib-letter-to-biden.pdf""}, {""source"": ""W1"", ""pdf_page"": null, ""locator"": ""press release 2023-01-11"", ""url"": ""https://armedservices.house.gov/news/press-releases/far-zero-sum-game-rogers-joins-courtney-and-bipartisan-coalition-reiterate""}]",yes
E43,논의,"DoD가 2023-05-02 FY2024 NDAA용 8차 입법제안 패키지에 AUKUS 3개 조항(기여금 수령, 버지니아급 최대 2척 판매, 호주 민간인력 훈련)을 포함해 의회 송부.",Department of Defense,2023-05-02,"On May 2, 2023, DOD sent to Congress its eighth package of legislative proposals requested for inclusion in the FY2024 National Defense Authorization Act (NDAA).",2023년 5월 2일 국방부는 FY2024 NDAA 반영을 요청하는 8차 입법제안 패키지를 의회에 송부했다.,CRS 2차 인용. 원 출처 ogc.osd.mil은 403 차단,DoD 원문 미입수,직접 확인,"[{""source"": ""CRS1"", ""pdf_page"": 71, ""locator"": ""Legislative Activity section"", ""url"": ""https://www.congress.gov/crs_external_products/RL/PDF/RL32418/RL32418.274.pdf""}, {""source"": ""CRS1"", ""pdf_page"": 26, ""locator"": ""May 2023 DOD Legislative Package"", ""url"": ""https://www.congress.gov/crs_external_products/RL/PDF/RL32418/RL32418.274.pdf""}]",yes
E44,논의,해군 증언(2023-10-25 HASC 해양력 소위): FY2024 NDAA에서 4개 핵심 입법제안 통과 필요.,Erik Raven (Under Sec. of the Navy) et al.,2023-10-25,there are four critical legislative proposals that must be passed as part of the FY 2024 National Defense Authorization Act (NDAA),FY2024 NDAA의 일부로 반드시 통과돼야 할 4개의 핵심 입법제안이 있다,CRS가 공동 서면증언 pp.8-9를 인용,증언 원문 미입수,직접 확인,"[{""source"": ""CRS1"", ""pdf_page"": 29, ""locator"": ""quote of Joint Statement"", ""url"": ""https://www.congress.gov/crs_external_products/RL/PDF/RL32418/RL32418.274.pdf""}]",yes
E45,논의,"Gallagher, SIB-2025 연구보고서 원문 제출 요구(2023-10-25 청문회).",Rep. Mike Gallagher,2023-10-25,Could we get the actual report though itself?,보고서 원문 자체를 받을 수 있습니까?,CQ 전사본을 CRS가 인용,,직접 확인,"[{""source"": ""CRS1"", ""pdf_page"": 30, ""locator"": ""hearing exchange"", ""url"": ""https://www.congress.gov/crs_external_products/RL/PDF/RL32418/RL32418.274.pdf""}]",yes
E46,논의,Wicker·Shaheen·Sullivan·Blumenthal·Cramer·Kaine 2023-10-12 대통령 서한: SIB-25 비용추정 10/31까지 제출 요구.,Sen. Roger Wicker; Sen. Tim Kaine et al.,2023-10-12,"we ask the administration to provide the cost estimates contained within the SIB-25 study to Congress no later than October 31, 2023",SIB-25 연구의 비용추정을 2023년 10월 31일까지 의회에 제공할 것을 행정부에 요청한다,원문 PDF(wicker.senate.gov)는 403 — CRS 재인용,서한 원문 미입수,직접 확인,"[{""source"": ""CRS1"", ""pdf_page"": 31, ""locator"": ""letter quote"", ""url"": ""https://www.congress.gov/crs_external_products/RL/PDF/RL32418/RL32418.274.pdf""}]",yes
E47,논의,"H.R.1093 하원 토론(2023-03-22): McCaul ""AUKUS로 힘을 통한 평화"".",Rep. Michael McCaul,2023-03-22,"Mr. Speaker, with AUKUS, we seek peace through strength.","의장님, 우리는 AUKUS로 힘을 통한 평화를 추구합니다.",,,직접 확인,"[{""source"": ""CRH1309"", ""pdf_page"": 3, ""locator"": ""H1311"", ""url"": ""https://www.govinfo.gov/content/pkg/CREC-2023-03-22/pdf/CREC-2023-03-22-pt1-PgH1309-5.pdf""}]",yes
E48,논의,Courtney: 1958년 이후 처음으로 핵심기술 공유(H.R.1093 토론).,Rep. Joe Courtney,2023-03-22,it marked the first time since 1958 that the U.S. and the U.K. pledged to share critical technologies with another country,미국과 영국이 1958년 이후 처음으로 다른 나라와 핵심기술 공유를 약속한 것,,,직접 확인,"[{""source"": ""CRH1309"", ""pdf_page"": 2, ""locator"": ""H1310"", ""url"": ""https://www.govinfo.gov/content/pkg/CREC-2023-03-22/pdf/CREC-2023-03-22-pt1-PgH1309-5.pdf""}]",yes
E49,논의,SASC 보고서: 호주 조선소 개선 위한 미 공공조선소 지원 보고 요구(2024-01-30까지).,SASC,2023-07-12,"The committee strongly supports the trilateral security agreement between the United States, Australia, and the United Kingdom, known as AUKUS",위원회는 AUKUS로 알려진 미·호·영 3자 안보협정을 강력히 지지한다,,,직접 확인,"[{""source"": ""SR58"", ""pdf_page"": 302, ""locator"": ""printed p.268"", ""url"": ""https://www.govinfo.gov/content/pkg/CRPT-118srpt58/pdf/CRPT-118srpt58.pdf""}]",yes
E50,논의,HASC 보고서: sec.518(해외공개관·FMS 인력 보고) 설명.,HASC,2023-06-30,this section would require the Secretary of Defense to submit a report identifying gaps in the level of staffing to accomplish AUKUS-related efforts,이 조는 국방장관이 AUKUS 관련 업무 수행에 필요한 인력 격차를 식별하는 보고서를 제출하도록 한다,,,직접 확인,"[{""source"": ""HR125"", ""pdf_page"": 203, ""locator"": ""printed p.163"", ""url"": ""https://www.govinfo.gov/content/pkg/CRPT-118hrpt125/pdf/CRPT-118hrpt125.pdf""}]",yes
E51,논의,Wicker(미시시피) 상원 통과 직후 발언: 법안이 AUKUS 약속 이행을 가능케 함.,Sen. Roger Wicker,2023-07-27,"allows us to make good on our commitments to the United Kingdom and Australia, commonly referred to as the AUKUS agreement",흔히 AUKUS 협정이라 불리는 영국·호주에 대한 우리의 약속을 지킬 수 있게 한다,,,직접 확인,"[{""source"": ""CRS3730"", ""pdf_page"": 1, ""locator"": ""S3730"", ""url"": ""https://www.govinfo.gov/content/pkg/CREC-2023-07-27/pdf/CREC-2023-07-27-pt1-PgS3730.pdf""}]",yes
E52,논의,상원 본회의(2023-12-12) 발언: 협의회 보고서가 대통령의 3자 핵잠수함 합의를 승인.,(발언자 미확인 — 다수당 대표 Schumer로 추정),2023-12-12,"We are making major strides to outcompete the Chinese Government by approving President Biden’s trilateral U.S., U.K., and Australia nuclear submarine agreement.",바이든 대통령의 미·영·호 3자 핵잠수함 합의를 승인함으로써 중국 정부를 앞서는 큰 진전을 이루고 있다.,해당 granule에 발언자 표기 없음,발언자 미확인,정황,"[{""source"": ""CRS5903"", ""pdf_page"": 1, ""locator"": ""S5903"", ""url"": ""https://www.govinfo.gov/content/pkg/CREC-2023-12-12/pdf/CREC-2023-12-12-pt1-PgS5903.pdf""}]",yes
E53,논의,"Courtney 1분 발언(2023-12-14, 하원 표결 직전): 미국산 핵잠수함 3척 판매를 처음 허용.",Rep. Joe Courtney,2023-12-14,"It also allows for the first time ever the sale to Australia of U.S.-built nuclear submarines—three, to be exact.",또한 사상 처음으로 미국산 핵잠수함을 호주에 판매하는 것을 허용합니다 — 정확히 3척입니다.,,,직접 확인,"[{""source"": ""CRH6946"", ""pdf_page"": 1, ""locator"": ""H6946 \""Execution of AUKUS Agreement\"""", ""url"": ""https://www.govinfo.gov/content/pkg/CREC-2023-12-14/pdf/CREC-2023-12-14-pt1-PgH6946-3.pdf""}]",yes
E54,표결,"하원 군사위 보고안(RH) 및 하원 통과안(EH)에는 버지니아급 이전 승인 조항이 없음(AUKUS 관련은 sec.518, 1310, 1688, 3132, 1870 등 보고·의견 조항).",House,2023-07-14,SEC. 518. REPORT ON FOREIGN DISCLOSURE OFFICER AND,제518조 해외공개관 및 (FMS 관리관 직위)에 관한 보고,"EH 전문에서 ""Virginia class""+""Australia"" 동시 출현 페이지 0건, ""Submarine Security Activities"" 0건(자동 검색)",부정(absence) 확인은 텍스트 검색 기반,직접 확인,"[{""source"": ""EH"", ""pdf_page"": 250, ""locator"": ""Sec. 518"", ""url"": ""https://www.govinfo.gov/content/pkg/BILLS-118hr2670eh/pdf/BILLS-118hr2670eh.pdf""}]",yes
E55,표결,"하원 본회의 en bloc 3(HAMDT 218, 2023-07-12 구두표결)에 McCaul·Green·Self 수정안 165호(H.R.1093 문안) 포함 → EH sec.1870.",Rep. Michael McCaul; Rep. Mike Rogers (en bloc),2023-07-12,"McCaul (TX), Green (TN), Self (TX): Expresses a sense of Congress on the implementation of the Advanced Capabilities Pillar",매콜·그린·셀프: 첨단역량 필러 이행에 관한 의회 의견 표명,en bloc 포함 여부는 API(HAMDT 218 purpose 문자열) 확인,,직접 확인,"[{""source"": ""HR141"", ""pdf_page"": 15, ""locator"": ""Part B amendment 165"", ""url"": ""https://www.govinfo.gov/content/pkg/CRPT-118hrpt141/pdf/CRPT-118hrpt141.pdf""}, {""source"": ""EH"", ""pdf_page"": 1453, ""locator"": ""Sec. 1870"", ""url"": ""https://www.govinfo.gov/content/pkg/BILLS-118hr2670eh/pdf/BILLS-118hr2670eh.pdf""}, {""source"": ""API"", ""pdf_page"": null, ""locator"": ""HAMDT 218"", ""url"": ""https://api.congress.gov/v3/amendment/118/hamdt/218""}]",yes
E56,표결,하원 H.R.2670 통과: 2023-07-14 219-210 (Roll 328).,House,2023-07-14,On Passage,통과,"공화 215-4, 민주 4-206 (XML)",,직접 확인,"[{""source"": ""V328"", ""pdf_page"": null, ""locator"": ""roll 328 XML"", ""url"": ""https://clerk.house.gov/evs/2023/roll328.xml""}, {""source"": ""API"", ""pdf_page"": null, ""locator"": ""hr2670_actions.json"", ""url"": ""https://api.congress.gov/v3/bill/118/hr/2670/actions""}]",n/a (xml/api/unsaved)
E57,표결,SASC 원안 S.2226(RS)에는 판매 승인 없음; DoD 고위관료 지정은 sec.1253.,SASC,2023-07-11,SEC. 1253. DESIGNATION OF SENIOR OFFICIAL,제1253조 고위관료 지정,"RS 전문 자동검색: ""Virginia class""+""Australia"" 동시 출현 0건",,직접 확인,"[{""source"": ""SRS"", ""pdf_page"": 631, ""locator"": ""Sec. 1253"", ""url"": ""https://www.govinfo.gov/content/pkg/BILLS-118s2226rs/pdf/BILLS-118s2226rs.pdf""}]",yes
E58,표결,"SA 935(Reed/Wicker 대체수정안, Schumer가 7/19 제안)에 Division F(국무부수권법) Title LXVIII ""AUKUS Matters""와 Division E sec.6293(버지니아급 이전 인증)이 이미 포함.",Sen. Jack Reed; Sen. Roger Wicker,2023-07-19,SA 935. Mr. SCHUMER (for Mr. REED (for himself and Mr. WICKER)) proposed an amendment to the bill S. 2226,SA 935. 슈머 의원이 (리드 의원(본인 및 위커 의원)을 대신하여) S.2226에 대한 수정안을 제안했다,sec.6293의 원 발의자(개별 수정안) 미확인,,직접 확인,"[{""source"": ""SA935"", ""pdf_page"": 1, ""locator"": ""S3155"", ""url"": ""https://www.govinfo.gov/content/pkg/CREC-2023-07-19/pdf/CREC-2023-07-19-pt1-PgS3155-2.pdf""}, {""source"": ""SA935"", ""pdf_page"": 205, ""locator"": ""S3359 Sec. 6293"", ""url"": ""https://www.govinfo.gov/content/pkg/CREC-2023-07-19/pdf/CREC-2023-07-19-pt1-PgS3155-2.pdf""}, {""source"": ""SA935"", ""pdf_page"": 232, ""locator"": ""S3386 Title LXVIII"", ""url"": ""https://www.govinfo.gov/content/pkg/CREC-2023-07-19/pdf/CREC-2023-07-19-pt1-PgS3155-2.pdf""}]",yes
E59,표결,"상원 통과안(EAS) Title LXVIII Subtitle B ""Authorization for AUKUS Submarine Training""은 sec.6823(호주 민간인 대상 방산용역 수출)만 있고 판매 승인 조항은 없음.",Senate,2023-07-27,The President may transfer or export directly to private individuals in Australia defense services,대통령은 호주의 민간 개인에게 방산용역을 직접 이전·수출할 수 있다,SFRC안 S.2043 Subtitle B(sec.921·922·923) 중 923만 남은 형태(번호 6823 — 6821·6822 부재). 삭제 경위는 미확인(추정: SASC 관할 조정),삭제 이유에 대한 1차 자료 없음,직접 확인,"[{""source"": ""EAS"", ""pdf_page"": 1885, ""locator"": ""Sec. 6823"", ""url"": ""https://www.govinfo.gov/content/pkg/BILLS-118hr2670eas/pdf/BILLS-118hr2670eas.pdf""}, {""source"": ""S2043"", ""pdf_page"": 133, ""locator"": ""TOC Subtitle B secs. 921-923"", ""url"": ""https://www.govinfo.gov/content/pkg/BILLS-118s2043rs/pdf/BILLS-118s2043rs.pdf""}]",yes
E60,표결,"상원 통과안 sec.6293: 버지니아급 이전 60일 전 대통령 인증(공동안보 사용, SRF-West FOC, 호주 주권적 IOC).",Senate,2023-07-27,Not less than 60 days prior to transferring one or more Virginia class submarines from the inventory of the United States Navy to the Government of Australia,미 해군 보유 버지니아급 잠수함 1척 이상을 호주 정부에 이전하기 최소 60일 전,"판매 ""승인""이 아닌 ""인증 조건""만 규정",,직접 확인,"[{""source"": ""EAS"", ""pdf_page"": 1624, ""locator"": ""Div. E Sec. 6293"", ""url"": ""https://www.govinfo.gov/content/pkg/BILLS-118hr2670eas/pdf/BILLS-118hr2670eas.pdf""}]",yes
E61,표결,"상원 S.2226 통과 86-11(Vote 212, 2023-07-27), H.R.2670에 수정안으로 편입.",Senate,2023-07-27,"By 86 yeas … to 11 nays (Vote No. 212), Senate passed S. 2226",찬성 86 … 반대 11 (표결 212호)로 상원은 S.2226을 통과시켰다,senate.gov XML은 403 — Daily Digest 및 API로 확인,,직접 확인,"[{""source"": ""DD0727"", ""pdf_page"": 2, ""locator"": ""D802"", ""url"": ""https://www.govinfo.gov/content/pkg/CREC-2023-07-27/pdf/CREC-2023-07-27-pt1-PgD801.pdf""}, {""source"": ""API"", ""pdf_page"": null, ""locator"": ""s2226_actions.json"", ""url"": ""https://api.congress.gov/v3/bill/118/s/2226/actions""}]",yes
E62,표결,"협의회(JES): 상원 sec.6293은 상원 철회, ""버지니아급 이전은 이 법의 다른 곳에서 다룸"".",Conferees,2023-12-06,The Senate recedes. The conferees have dealt with Virginia-class submarine transfers elsewhere in this Act.,상원이 철회한다. 협의위원들은 버지니아급 잠수함 이전을 이 법의 다른 곳에서 다루었다.,,,직접 확인,"[{""source"": ""CONF"", ""pdf_page"": 1296, ""locator"": ""JES printed p.1248"", ""url"": ""https://www.govinfo.gov/content/pkg/CRPT-118hrpt301/pdf/CRPT-118hrpt301.pdf""}]",yes
E63,표결,"협의회(JES): Title XIII Subtitle B(1321-1354조)에 대해 조항별 설명 없이 ""합의안이 AUKUS 관련 조항을 포함""이라고만 기술.",Conferees,2023-12-06,The agreement includes provisions (Subtitle B—Matters Relating to the AUKUS Partnership) relating to the trilateral security partnership,합의안은 3자 안보 파트너십에 관한 조항(Subtitle B)을 포함한다,양원 원안 어디에도 없던 판매승인(1352조)이 협의 단계에서 신설됐으나 JES 설명은 이 한 문장뿐,,직접 확인,"[{""source"": ""CONF"", ""pdf_page"": 1311, ""locator"": ""JES printed p.1263"", ""url"": ""https://www.govinfo.gov/content/pkg/CRPT-118hrpt301/pdf/CRPT-118hrpt301.pdf""}]",yes
E64,표결,"협의회(JES): 상원 Division F(국무부수권법, 6001-6710조)는 하원 철회·수정 채택.",Conferees,2023-12-06,"The Senate amendment contained Division F that included the Department of State Authorization Act of 2023. The House bill contained no similar division or provision. The House recedes with technical, clarifying and other amendments.",상원 수정안은 국무부수권법을 담은 Division F를 포함했다 … 하원은 기술적·명확화 및 기타 수정을 붙여 철회한다.,Title LXVIII(68xx)는 별도로 Title XIII Subtitle B로 이동된 것으로 보임(추정),,직접 확인,"[{""source"": ""CONF"", ""pdf_page"": 1621, ""locator"": ""JES Division F"", ""url"": ""https://www.govinfo.gov/content/pkg/CRPT-118hrpt301/pdf/CRPT-118hrpt301.pdf""}]",yes
E65,표결,"협의회(JES): 하원 sec.1870(H.R.1093 문안)은 하원 철회; sec.518도 하원 철회(""다른 곳에서 다룸"").",Conferees,2023-12-06,The House bill contained a provision (sec. 1870) … The Senate amendment contained no similar provision. The House recedes.,하원안에 1870조가 있었고 … 상원안에는 유사 조항이 없었다. 하원이 철회한다.,,,직접 확인,"[{""source"": ""CONF"", ""pdf_page"": 1389, ""locator"": ""JES printed p.1341"", ""url"": ""https://www.govinfo.gov/content/pkg/CRPT-118hrpt301/pdf/CRPT-118hrpt301.pdf""}, {""source"": ""CONF"", ""pdf_page"": 1113, ""locator"": ""sec. 518 disposition"", ""url"": ""https://www.govinfo.gov/content/pkg/CRPT-118hrpt301/pdf/CRPT-118hrpt301.pdf""}]",yes
E66,표결,협의회(JES): 상원 sec.1080 — DPA Title III 국내원천 정의에 호주·영국 추가(하원 철회).,Conferees,2023-12-06,to add Australia and the United Kingdom to the definition of domestic sources for the purposes of title III of such Act,해당 법 제3편 목적상 국내 공급원 정의에 호주와 영국을 추가,,,직접 확인,"[{""source"": ""CONF"", ""pdf_page"": 1228, ""locator"": ""JES Sec. 1080"", ""url"": ""https://www.govinfo.gov/content/pkg/CRPT-118hrpt301/pdf/CRPT-118hrpt301.pdf""}]",yes
E67,표결,"협의회 보고서상 하원 외교위 협의위원: McCaul, McCormick, Meeks (상원 sec.6293·Division F 등 심의).",Conferees,2023-12-06,"secs. 1634, 6031, 6242, 6293, division F, and secs. 11104 and 11105 of the Senate amendment, and modifications committed to conference: MICHAEL T. MCCAUL, RICHARD MCCORMICK, GREGORY W. MEEKS","상원 수정안 … 6293조, Division F … 협의 회부: 매콜, 맥코믹, 믹스",,,직접 확인,"[{""source"": ""CONF"", ""pdf_page"": 1626, ""locator"": ""conferee list"", ""url"": ""https://www.govinfo.gov/content/pkg/CRPT-118hrpt301/pdf/CRPT-118hrpt301.pdf""}]",yes
E68,표결,"상원 협의회 보고서 동의 87-13(Vote 343, 2023-12-13).",Senate,2023-12-13,"By 87 yeas … to 13 nays (Vote No. 343), Senate agreed to the con",찬성 87 … 반대 13(표결 343호)으로 상원은 협의회 보고서에 동의,,,직접 확인,"[{""source"": ""DD1213"", ""pdf_page"": 2, ""locator"": ""D1298"", ""url"": ""https://www.govinfo.gov/content/pkg/CREC-2023-12-13/pdf/CREC-2023-12-13-pt1-PgD1297.pdf""}, {""source"": ""API"", ""pdf_page"": null, ""locator"": ""hr2670_actions.json"", ""url"": ""https://api.congress.gov/v3/bill/118/...""}]",yes
E69,표결,"하원 협의회 보고서 동의(규칙정지, 2/3) 310-118(Roll 723, 2023-12-14).",House,2023-12-14,"vote of 310 yeas to 118 nays, Roll No. … 723","찬성 310 대 반대 118, 기록표결 723호","공화 147-73, 민주 163-45 (XML)",,직접 확인,"[{""source"": ""DD1214"", ""pdf_page"": 1, ""locator"": ""D1308"", ""url"": ""https://www.govinfo.gov/content/pkg/CREC-2023-12-14/pdf/CREC-2023-12-14-pt1-PgD1308.pdf""}, {""source"": ""V723"", ""pdf_page"": null, ""locator"": ""roll 723 XML"", ""url"": ""https://clerk.house.gov/evs/2023/roll723.xml""}]",yes
E70,서명,"2023-12-22 대통령 서명(Approved December 22, 2023); 입법경과 요약.",President Biden,2023-12-22,"Approved December 22, 2023. … July 27, considered and passed Senate, amended. … Dec. 14, House agreed to conference report.",2023년 12월 22일 승인 … 7월 27일 상원 수정 통과 … 12월 14일 하원 협의회 보고서 동의,,,직접 확인,"[{""source"": ""PL"", ""pdf_page"": 974, ""locator"": ""Legislative history, 137 Stat. 1108"", ""url"": ""https://www.govinfo.gov/content/pkg/PLAW-118publ31/pdf/PLAW-118publ31.pdf""}]",yes
E71,서명,서명성명(DCPD-202301145)은 AUKUS·호주·잠수함을 언급하지 않음(관타나모·보고의무 등에 대한 우려 표명).,President Biden,2023-12-22,"Today, I have signed into law H.R. 2670",오늘 나는 H.R.2670에 서명하여 법률로 확정했다,부재 확인은 텍스트 검색(grep 0건),,직접 확인,"[{""source"": ""DCPD"", ""pdf_page"": 1, ""locator"": ""p.1"", ""url"": ""https://www.govinfo.gov/content/pkg/DCPD-202301145/pdf/DCPD-202301145.pdf""}]",yes
E72,배경,"2021-09-15 3국 정상 공동성명: AUKUS 첫 이니셔티브로 호주 핵추진잠수함 획득 지원, 18개월 최적경로 검토 착수.",3국 정상(서명자 이름은 원문 미검토),2021-09-15,"we commit to a shared ambition to support Australia in acquiring nuclear-powered submarines for the Royal Australian Navy. Today, we embark on a trilateral effort of 18 months to seek an optimal pathway",우리는 호주가 해군용 핵추진잠수함을 획득하도록 지원한다는 공동 목표를 약속한다. 오늘 우리는 최적경로 모색을 위한 18개월간의 3자 노력에 착수한다,정상 이름은 미확인으로 처리,,직접 확인,"[{""source"": ""W3"", ""pdf_page"": null, ""locator"": ""statement body"", ""url"": ""https://bidenwhitehouse.archives.gov/briefing-room/statements-releases/2021/09/15/joint-leaders-statement-on-aukus/""}]",yes
E73,배경,"2023-03-13 3국 정상 공동성명(최적경로): 2030년대 초부터 의회 승인 조건으로 버지니아급 3척 판매, 필요시 최대 2척 추가.",Biden; Albanese; Sunak,2023-03-13,"Starting in the early 2030s, pending Congressional approval, the United States intends to sell Australia three Virginia class submarines, with the potential to sell up to two more if needed.","2030년대 초부터 의회 승인을 전제로 미국은 호주에 버지니아급 3척을 판매할 계획이며, 필요시 최대 2척을 추가 판매할 수 있다.","""pending Congressional approval"" — 입법 필요성의 직접 근거",,직접 확인,"[{""source"": ""W4"", ""pdf_page"": null, ""locator"": ""statement body"", ""url"": ""https://bidenwhitehouse.archives.gov/briefing-room/statements-releases/2023/03/13/joint-leaders-statement-on-aukus-2/""}]",yes
E74,배경,2027년부터 미·영 SSN의 호주 순환배치(SRF-West) 계획.,AUKUS leaders,2023-03-13,"As early as 2027, the United States and United Kingdom plan to begin forward rotations of SSNs to Australia",이르면 2027년부터 미국과 영국은 호주로의 SSN 전방 순환배치를 시작할 계획,,,직접 확인,"[{""source"": ""W4"", ""pdf_page"": null, ""locator"": ""statement body"", ""url"": ""https://bidenwhitehouse.archives.gov/briefing-room/statements-releases/2023/03/13/joint-leaders-statement-on-aukus-2/""}]",yes
E75,이후,"FY2025 NDAA(P.L.118-159) Subtitle D ""Coordinating AUKUS Engagement With Japan""(1331-1334조) — 일본과의 Pillar 2 협력. 1352·1353조 개정은 텍스트 검색상 발견되지 않음.",Congress,2024-12-23,SEC. 1333. ENGAGEMENT WITH JAPAN ON AUKUS PILLAR TWO COOPERATION.,제1333조 AUKUS 필러2 협력에 관한 일본과의 관여,S.4279(2024-05-08) 명칭과 같음(계보는 추정),부재 판단은 키워드 검색(10431/10432/Submarine Security Activities 등) 기반,직접 확인,"[{""source"": ""PL159"", ""pdf_page"": 347, ""locator"": ""Sec. 1333, 138 Stat. 2119"", ""url"": ""https://www.govinfo.gov/content/pkg/PLAW-118publ159/pdf/PLAW-118publ159.pdf""}]",yes
E76,이후,"FY2026 NDAA(P.L.119-60) 제1085조 ""AUKUS Improvement Act of 2025"": AECA 38(l) 개정 — 면제 대상 수출에 AECA 36조(c)(d) 의회통보 미적용, 재수출 등 면제 추가.",Congress,2025-12-18,This section may be cited as the ‘‘AUKUS Improvement Act of 2025’’. … The congressional notification requirements of subsections (c) and (d) of section 36 shall not apply,"이 조는 ""AUKUS 개선법 2025""로 인용할 수 있다 … 제36조 (c)·(d)항의 의회통보 요건은 적용되지 않는다",,1352조(잠수함 판매) 자체 개정은 키워드 검색상 미발견,직접 확인,"[{""source"": ""PL60"", ""pdf_page"": 338, ""locator"": ""Sec. 1085, 139 Stat. 1054"", ""url"": ""https://www.govinfo.gov/content/pkg/PLAW-119publ60/pdf/PLAW-119publ60.pdf""}]",yes
E77,이후,국무부는 2024-08-15 서한으로 호·영 수출통제가 AECA 요건을 충족한다고 의회에 통보; 2024-08-20 ITAR 잠정규칙 공포.,Department of State,2024-08-15,"The State Department informed Congress in an August 15, 2024, letter that both the Australian and British export control systems satisfy these AECA requirements.",국무부는 2024년 8월 15일 서한으로 호주·영국 수출통제 체계가 AECA 요건을 충족한다고 의회에 통보했다.,CRS 2차 기술; 원 서한 미입수,,직접 확인,"[{""source"": ""CRS2"", ""pdf_page"": 2, ""locator"": ""Pillar Two Implementation"", ""url"": ""https://www.congress.gov/crs_external_products/IF/PDF/IF12483/IF12483.10.pdf""}]",yes
E78,이후,"2025년 국방부 AUKUS 재검토: 2025년 6월 공개, 2025년 12월 초 완료 — ""full steam ahead"" 성명(언론 보도).",DoD (Trump administration),2025-12-05,"Consistent with President Trump's guidance that AUKUS should move 'full steam ahead,' the review identified opportunities to put AUKUS on the strongest possible footing.","트럼프 대통령의 ""전속력 전진"" 지침에 따라, 검토는 AUKUS를 가장 견고한 기반 위에 올려놓을 기회를 식별했다.","WebFetch 요약 경유(원문 대조 미실시), 국방부 원 성명 미입수; USNI 403",1차 자료 미확인,미확인,"[{""source"": ""ABC"", ""pdf_page"": null, ""locator"": ""article (via WebFetch)"", ""url"": ""https://www.abc.net.au/news/2025-12-05/aukus-review-pentagon-donald-trump-administration/105588512""}]",n/a (xml/api/unsaved)
E79,조문,제1352조(c): 이전에 따른 미국 측 비용은 전부 호주 정부가 부담한다(대외원조법 제516조(e)의 비용 면제 규정에도 불구하고).,Congress,2023-12-22,(c) COSTS OF TRANSFERS.—Any expense incurred by the United States in connection with a transfer of a vessel authorized under subsection (a) shall be charged to the Government of Australia notwithstanding section 516(e) of the Foreign Assistance Act of 1961 (22 U.S.C. 2321j(e)).,(c) 이전 비용 — (a)항에 따라 승인된 함정 이전과 관련해 미국이 지출한 비용은 1961년 대외원조법 제516조(e)에도 불구하고 호주 정부에 청구한다.,조문 원문 확인,비용 산정 방식·규모는 조문에 없음,직접 확인,"[{""source"": ""PL"", ""pdf_page"": 381, ""locator"": ""Sec. 1352(c), 137 Stat. 515"", ""url"": ""https://www.govinfo.gov/content/pkg/PLAW-118publ31/pdf/PLAW-118publ31.pdf""}]",yes
E80,조문,"제1352조(f): 이전 함정의 원자로(이용시설)·특수핵물질 이전은 원자력법 제91조 절차를 따라야 하며, 대통령은 그 대금으로 대체 추진장치·핵연료를 조달할 수 있다.",Congress,2023-12-22,(f) APPLICABILITY OF EXISTING LAW TO TRANSFER OF SPECIAL NUCLEAR MATERIAL AND UTILIZATION FACILITIES FOR MILITARY APPLICATIONS.— (1) IN GENERAL.—… the transfer of such material or such facilities shall only occur in accordance with such section 91. (2) USE OF FUNDS.—The President may use proceeds from a transfer described in subparagraph (1) for the acquisition of submarine naval nuclear propulsion plants and the nuclear fuel to replace the propulsion plants and fuel transferred to the Government of Australia.,(f) 군사용 특수핵물질·이용시설 이전에 대한 기존 법 적용 — (1) 이전 함정 중 원자력법(1954) 제91조의 군사용 이용시설에 해당하는 부분과 특수핵물질은 제91조에 따라서만 이전한다. (2) 대통령은 그 이전 대금을 호주에 넘긴 추진장치·핵연료를 대체할 잠수함 원자로·핵연료 조달에 쓸 수 있다.,조문 원문 확인. 핵 관련 부분은 (b)의 적용 배제 대상이 아니라 기존 원자력법 절차를 그대로 거친다는 뜻,(2)의 'subparagraph (1)'은 조문 원표기(문맥상 paragraph (1)). 제91조 절차의 구체 내용은 이 조문에 없음,직접 확인,"[{""source"": ""PL"", ""pdf_page"": 383, ""locator"": ""Sec. 1352(f), 137 Stat. 517"", ""url"": ""https://www.govinfo.gov/content/pkg/PLAW-118publ31/pdf/PLAW-118publ31.pdf""}]",yes
E81,조문,"제1342조: 대통령은 90일 내, 이후 8년간 격년으로 호주·영국·캐나다에 구매요청서·면허 신청 접수 여부와 관계없이 FMS·DCS 판매가 사전 승인(pre-cleared)된 첨단 군사 플랫폼·기술·장비 목록을 상원 외교위·하원 외교위에 제출한다.",Congress,2023-12-22,"(a) IN GENERAL.—Not later than 90 days after the date of the enactment of this Act, and on a biennial basis thereafter for 8 years, the President shall submit … a report that includes a list of advanced military platforms, technologies, and equipment that are pre-cleared and prioritized for sale and release to Australia, the United Kingdom and Canada through the Foreign Military Sales and Direct Commercial Sales programs without regard to whether a letter of request or license to purchase such platforms, technologies, or equipment has been received from any of such country. (b) ADDITIONAL ITEMS.—Each list may include items that are not related to the AUKUS partnership but may not include items that are not covered by an exemption under the International Traffic in Arms Regulations except unmanned aerial or hypersonic systems.","(a) 대통령은 법 제정 후 90일 내, 이후 8년간 격년으로, 구매요청서나 구매 면허 신청 접수 여부와 관계없이 FMS·DCS를 통해 호주·영국·캐나다에 판매·공개하도록 사전 승인·우선 지정된 첨단 군사 플랫폼·기술·장비 목록을 담은 보고서를 상원 외교위원회와 하원 외교위원회에 제출한다. (b) 목록에는 AUKUS와 무관한 품목도 넣을 수 있으나, 무인항공·극초음속 체계를 제외하면 ITAR 면제 대상이 아닌 품목은 넣을 수 없다.",조문 원문 확인. 조 제목은 호주·영국만 적었으나 본문 (a)는 캐나다도 포함,목록 제출 실적은 미확인,직접 확인,"[{""source"": ""PL"", ""pdf_page"": 375, ""locator"": ""Sec. 1342(a), 137 Stat. 509; (b) 137 Stat. 510"", ""url"": ""https://www.govinfo.gov/content/pkg/PLAW-118publ31/pdf/PLAW-118publ31.pdf""}]",yes
