member,role_2023,background,district,money,institution,assessment
Courtney (D-CT-2),"2023-01 서한 주도, H.R.3939·4619 공동발의, 표결 직전 발언 (E42·E53)",특기할 것 없음,"**강함**: Groton EB, 본인이 반복 언급 [H05–H08]",GD PAC 상한(두 사이클) [L33]; 호주 NT정부 대리인이 의원실 면담(목적은 AUKUS 법안 아님) [L19]; GD가 Courtney 명예 행사비 1만 달러(2023-05) [L56]; 노던준주 FARA 대리인 면담 [L59],"군사위 해양력 소위 간사, Friends of Australia·AUKUS Working Group 공동의장 [H02][H03]",**지역구 + 제도**. 정책 기업가 역할. 근거 대부분이 본인실 자료라 자기서술 편향 감안
Gallagher (R-WI-8),"서한 공동서명, 청문회 산업기반 보고서 요구 (E42·E45), 2023-08 호주 방문","**강함**: 해병대 출신, 중국특위 위원장 [H18][H21]",약함: 지역구 조선소는 호위함 [H33],"GD 5,500·HII 7,500(2021–22), 2023–24 0; 2023-08 호주 방문은 공식 경비 [L61]","군사위 소위원장, 코커스 공동의장 [H19][H22]",**개인 배경(대중국) + 제도**. 법안 공동발의는 안 함
Meeks (D-NY-5),H.R.3939 발의 = 행정부안 (E35),특기할 것 없음,없음(퀸스) [H40],중앙값 이하,외교위 간사 [H34],**제도**: 민주당 행정부안의 하원 창구. 발의 경위 직접 자료는 미확인
Huizenga (R-MI-4),"H.R.4619 발의, ANS 46-0 (E28·E33)",약함(대중국 논리) [H43],없음; 지역 공급업체 ITAR 부담 언급(약한 단서) [H46],"중앙값 근처, HII·BWXT 0","외교위 위원(인도태평양 소위 아님), McCaul 원공동 [H42][H49]",**제도(다수당 위원장 지원)**. 왜 그가 발의자가 됐는지는 미확인
McCaul (R-TX-10),"외교위 AUKUS 법안 패키지 총괄, 협의위원 (E39·E67)",대중국 강경 [H49][H50],없음,중앙값 근처,외교위 위원장 [H48],**제도 + 개인 성향**
Rogers (R-AL-3),"서한 서명, 군사위원장",미확인,지역구엔 없음(같은 주 Mobile 하청) [H68],GD·BWXT 상한,군사위원장 [H56],**제도**. 2023년 본인 발언 미확인으로 근거 약함
Smith (D-WA-9),"서한 서명, 2022-04 호주 방문",미확인,지역구엔 없음(같은 주 Bremerton은 WA-6) [H63],GD 상한; GD의 AUKUS 로비스트가 전 비서실장(2007–22) [L57],군사위 간사 [H60],**제도**. 2023년 발언 1건뿐
Wittman (R-VA-1),"서한 서명, 2023-08 호주 방문",—,주 단위(Newport News는 VA-3) [H83],3사 PAC 모두 상한(두 사이클); 2023-08 호주 방문은 공식 경비 [L61],"군사위 부위원장, 조선 코커스(시점 미확인) [H76][H82]",제도 + 주 단위 이익. 회의론에서 조건부 지지로 이동
Kilmer (D-WA-6),서한 서명,—,**강함(정비)**: Bremerton 공창 [H87],GD 상한(2021–22); 영국 싱크탱크 FARA 면담(대외원조) [L60],"세출위, AUKUS WG 공동의장 [H85][H89]",지역구 + 코커스. 2023년 본인 발언 미확인
Kelly (R-MS-1),"서한 서명, H.R.4619 공동발의",—,없음,HII 상한(2021–22),**해양력 소위원장** [H65],제도
Norcross (D-NJ-1),"서한 서명, H.R.4619 공동발의",전기공·노조 간부 출신 [H71],미확인,GD 상한,해양력 소위 위원 [H74],개인 배경(노동) + 제도
