id,file,title,date,url,bytes,pages,sha256,kind,access_notes
PL,pdfs/2023-12-22_PL118-31_FY2024_NDAA.pdf,"Public Law 118-31, National Defense Authorization Act for Fiscal Year 2024 (137 Stat. 136)",2023-12-22,https://www.govinfo.gov/content/pkg/PLAW-118publ31/pdf/PLAW-118publ31.pdf,2684775,974,a8354786883aaa0934336186cb7a0949267cdde9ddecad695ac80369e0564fa9,primary,"govinfo curl OK. AUKUS = Title XIII Subtitle B, PDF pp.367-388"
ENR,pdfs/2023-12-15_HR2670_ENR_Enrolled.pdf,H.R. 2670 Enrolled Bill (ENR),2023-12-15,https://www.govinfo.gov/content/pkg/BILLS-118hr2670enr/pdf/BILLS-118hr2670enr.pdf,2409568,973,3d0fa50ea1b5fabddb1ea2da4ad94f311cd415550a29d064347e20c55598dea1,primary,govinfo dateIssued 2023-12-15
RH,pdfs/2023-06-30_HR2670_RH_HASC_Reported.pdf,"H.R. 2670 Reported in House (RH), HASC",2023-06-30,https://www.govinfo.gov/content/pkg/BILLS-118hr2670rh/pdf/BILLS-118hr2670rh.pdf,2424880,1236,59fd96a8097f959808694f651d1664da15d7db860277539de8412ce0bf8f167d,primary,
EH,pdfs/2023-07-14_HR2670_EH_House_Passed.pdf,H.R. 2670 Engrossed in House (EH),2023-07-14,https://www.govinfo.gov/content/pkg/BILLS-118hr2670eh/pdf/BILLS-118hr2670eh.pdf,2861264,1742,a3a8026a7d77b6114ceb685860c698c462e3614251b8dd4cc22170dc4682c813,primary,
EAS,pdfs/2023-07-27_HR2670_EAS_Senate_Amendment.pdf,H.R. 2670 Engrossed Amendment as Agreed to by Senate (EAS),2023-07-27,https://www.govinfo.gov/content/pkg/BILLS-118hr2670eas/pdf/BILLS-118hr2670eas.pdf,3068102,2330,02ed784126768d3b8a66820a898ee7bb3523968283efdbe3defef3061c149cde,primary,Senate text (S.2226 as passed) substituted into H.R.2670
SRS,pdfs/2023-07-11_S2226_RS_SASC_Reported.pdf,"S. 2226 Reported in Senate (RS), SASC original bill",2023-07-11,https://www.govinfo.gov/content/pkg/BILLS-118s2226rs/pdf/BILLS-118s2226rs.pdf,2376186,1234,b8249812c7c15a61050e060aee73b31ff9143a942fc4b404ead4bc4fcc7f16c3,primary,
SES,pdfs/2023-07-27_S2226_ES_Senate_Passed.pdf,S. 2226 Engrossed in Senate (ES),2023-07-27,https://www.govinfo.gov/content/pkg/BILLS-118s2226es/pdf/BILLS-118s2226es.pdf,3082580,2376,262c66a410e3f6ef92d3a668efb8c465e3e2eff36a790c3bc971754e3103e211,primary,parallel copy of EAS text (not page-checked separately)
CONF,pdfs/2023-12-06_HRpt118-301_Conference_Report_JES.pdf,"H. Rept. 118-301, Conference Report and Joint Explanatory Statement on H.R. 2670",2023-12-06,https://www.govinfo.gov/content/pkg/CRPT-118hrpt301/pdf/CRPT-118hrpt301.pdf,4003153,1627,17227065c766e2e72d9dfdba62c135c3bbee14c0cd5674d51ac02614344778b2,primary,printed page = PDF page - 48 in JES portion
HR125,pdfs/2023-06-30_HRpt118-125_HASC_Report.pdf,"H. Rept. 118-125, HASC report on H.R. 2670",2023-06-30,https://www.govinfo.gov/content/pkg/CRPT-118hrpt125/pdf/CRPT-118hrpt125.pdf,1709880,672,5f777aa98b4203a9a52e664e28fef407ed96f1e18d6e92f77de648f3b766ebf0,primary,
SR58,pdfs/2023-07-12_SRpt118-58_SASC_Report.pdf,"S. Rept. 118-58, SASC report on S. 2226",2023-07-12,https://www.govinfo.gov/content/pkg/CRPT-118srpt58/pdf/CRPT-118srpt58.pdf,1419242,602,20a0aa5b70a66565ab32a9e3e925be1ca80daef7d98bd491679257821d51e13b,primary,
HR141,pdfs/2023-07-12_HRpt118-141_Rules_Amendments.pdf,"H. Rept. 118-141, Rules Committee report (H.Res. 582) incl. amendments made in order",2023-07-12,https://www.govinfo.gov/content/pkg/CRPT-118hrpt141/pdf/CRPT-118hrpt141.pdf,757443,195,02b1f68829da7a6d6a9b6e7cd8174e30092d20af0e58831c8cd06f07fef229fd,primary,
SA935,pdfs/2023-07-19_CREC_S3155_SA935_Reed-Wicker_Substitute.pdf,"Congressional Record S3155-S3389 (Jul 19, 2023): text of SA 935 (Reed/Wicker substitute to S. 2226)",2023-07-19,https://www.govinfo.gov/content/pkg/CREC-2023-07-19/pdf/CREC-2023-07-19-pt1-PgS3155-2.pdf,3186286,242,ebe85e83f1a516e488f3f71b4cd8cb43273d3c1df74c02be914e4d7e98cbe6cd,primary,congress.gov API links this granule as SA 935 text
DD0727,pdfs/2023-07-27_CREC_D801_Daily_Digest_Senate_Passage.pdf,"Congressional Record Daily Digest D801ff (Jul 27, 2023)",2023-07-27,https://www.govinfo.gov/content/pkg/CREC-2023-07-27/pdf/CREC-2023-07-27-pt1-PgD801.pdf,288642,6,3c83c99ba0fdd00ccbb1b44300f608a0fb8dd4bf1421e356d7de2dc6c4f97fe2,primary,two-column layout; text interleaved in extraction
CRS3730,pdfs/2023-07-27_CREC_S3730_Wicker_Floor_Statement.pdf,"Congressional Record S3730-S3731 (Jul 27, 2023): Senate passage of H.R. 2670; Sen. Wicker statement",2023-07-27,https://www.govinfo.gov/content/pkg/CREC-2023-07-27/pdf/CREC-2023-07-27-pt1-PgS3730.pdf,228652,2,c50570e7baddda8c7f7fd6c805990fadda9aba7cc3d7c0f2480eb8ea3bed3e12,primary,
CRS5903,pdfs/2023-12-12_CREC_S5903_Senate_NDAA_Statement.pdf,"Congressional Record S5903 (Dec 12, 2023): NDAA statement (speaker name not on this granule)",2023-12-12,https://www.govinfo.gov/content/pkg/CREC-2023-12-12/pdf/CREC-2023-12-12-pt1-PgS5903.pdf,205684,1,230639d38598b24870412d34aeaba5af290e4b220becf79aa5ee7580bb2d3d8d,primary,speaker unidentified in granule
DD1213,pdfs/2023-12-13_CREC_D1297_Daily_Digest_Senate_Conf_Vote.pdf,"Congressional Record Daily Digest D1297ff (Dec 13, 2023)",2023-12-13,https://www.govinfo.gov/content/pkg/CREC-2023-12-13/pdf/CREC-2023-12-13-pt1-PgD1297.pdf,299485,3,8c3f1f1f7d6a985788dd399adc3697fc0682cb5f4951f8c4a140df2b80efc7a7,primary,two-column layout
DD1214,pdfs/2023-12-14_CREC_D1308_Daily_Digest_House_Conf_Vote.pdf,"Congressional Record Daily Digest D1308ff (Dec 14, 2023)",2023-12-14,https://www.govinfo.gov/content/pkg/CREC-2023-12-14/pdf/CREC-2023-12-14-pt1-PgD1308.pdf,284611,2,c5ff0e29999fba82ee29eb9c262447f1acaf28716dc0da9ce658446739add6ab,primary,two-column layout
CRH6946,pdfs/2023-12-14_CREC_H6946_Courtney_Execution_of_AUKUS.pdf,"Congressional Record H6946 (Dec 14, 2023): ""Execution of AUKUS Agreement"" (Rep. Courtney)",2023-12-14,https://www.govinfo.gov/content/pkg/CREC-2023-12-14/pdf/CREC-2023-12-14-pt1-PgH6946-3.pdf,244400,1,9c24f83cafc9b2ccf71a32af4c8ed2b7954e4b66d70b3903ea431d2725f922f3,primary,
CRH1309,pdfs/2023-03-22_CREC_H1309_HR1093_Debate.pdf,"Congressional Record H1309-H1311 (Mar 22, 2023): debate on H.R. 1093",2023-03-22,https://www.govinfo.gov/content/pkg/CREC-2023-03-22/pdf/CREC-2023-03-22-pt1-PgH1309-5.pdf,270211,3,75d2ee6c954ec9335ea3c834ccdfa354ff13e42ef85ccf882184641d65a36ca4,primary,
B1093I,pdfs/2023-02-17_HR1093_IH_McCaul.pdf,H.R. 1093 Introduced (McCaul) — AUKUS Pillar 2 State Dept report,2023-02-17,https://www.govinfo.gov/content/pkg/BILLS-118hr1093ih/pdf/BILLS-118hr1093ih.pdf,236047,7,8821bfba66bfd99832845d0382d772466df01e0ce81f67274bc6999b5f53bd77,primary,
B1093E,pdfs/2023-03-22_HR1093_EH_House_Passed.pdf,H.R. 1093 Engrossed in House,2023-03-22,https://www.govinfo.gov/content/pkg/BILLS-118hr1093eh/pdf/BILLS-118hr1093eh.pdf,116051,8,41edb809fd22a08122811d3b6494c4d6888270c15469f79b96b2f0a085b098ed,primary,
S1006,pdfs/2023-03-28_S1006_IS_Blumenthal.pdf,S. 1006 Introduced (Blumenthal) — Senate companion to H.R. 1093,2023-03-28,https://www.govinfo.gov/content/pkg/BILLS-118s1006is/pdf/BILLS-118s1006is.pdf,235990,7,479f5aae21be6678fa0f3fe4f2fdac7895c66db013f71dad13e08077789599f0,primary,
S1471,pdfs/2023-05-04_S1471_IS_TORPEDO_Act_Risch.pdf,S. 1471 Introduced (Risch) — TORPEDO Act of 2023,2023-05-04,https://www.govinfo.gov/content/pkg/BILLS-118s1471is/pdf/BILLS-118s1471is.pdf,284046,36,668ced0add4e2370b7fc328df2c4b621fa801e0221ab780fdb13319f35e8ca47,primary,
B3939,pdfs/2023-06-09_HR3939_IH_AUKUS_Undersea_Defense_Act_Meeks.pdf,H.R. 3939 Introduced (Meeks) — AUKUS Undersea Defense Act,2023-06-09,https://www.govinfo.gov/content/pkg/BILLS-118hr3939ih/pdf/BILLS-118hr3939ih.pdf,246904,12,85da034bd9d137796c3a8d620da561e6e1e31a369bcf5cfe663e914665b48fa4,primary,
B4619,pdfs/2023-07-13_HR4619_IH_AUKUS_Submarine_Transfer_Authorization_Act.pdf,H.R. 4619 Introduced (Huizenga) — AUKUS Submarine Transfer Authorization Act,2023-07-13,https://www.govinfo.gov/content/pkg/BILLS-118hr4619ih/pdf/BILLS-118hr4619ih.pdf,246697,12,410bad5b581b63642f245dc786ae8f129a8073294a407ffe073066444dd87b8c,primary,
ANS4619,pdfs/2023-07-25_HR4619_Huizenga_ANS_HFAC_Markup.pdf,Huizenga Amendment in the Nature of a Substitute to H.R. 4619 (HFAC markup document),2023-07-25,https://docs.house.gov/meetings/FA/FA00/20230726/116275/BILLS-118-4619-H001058-Amdt---U1.pdf,64164,15,58c32688a89ef9058fe8deb3b3b1c8864dda891002d3739a625e0a0e77ae5df2,primary,docs.house.gov; PDF creation date 2023-07-25; markup held 2023-07-26
WALTZ,pdfs/2023-07-26_HR4619_Waltz_Amdt87_HFAC_Markup.pdf,Waltz amendment #87 to H.R. 4619 (HFAC markup document),2023-07-26,https://docs.house.gov/meetings/FA/FA00/20230726/116275/BILLS-118-4619-W000823-Amdt-87.pdf,24443,1,f0acd73c6eb2a73cb6a14e46c30db10fdab50b11bae44e211174d753cf360346,primary,disposition not confirmed
HFACV1,pdfs/2023-07-26_HFAC_Vote001_Huizenga_ANS_HR4619.pdf,HFAC markup recorded vote 001: Huizenga ANS to H.R. 4619,2023-07-26,https://docs.house.gov/meetings/FA/FA00/20230726/116275/CRPT-118-FA00-Vote001-20230726.pdf,63785,1,3099c4c9fb84a32e19fe341af2c4b5d85339b098ee257b7870b329c4edc4fcbe,primary,
B4716,pdfs/2023-07-18_HR4716_IH_KOALA_Act.pdf,H.R. 4716 Introduced (Young Kim) — KOALA Act,2023-07-18,https://www.govinfo.gov/content/pkg/BILLS-118hr4716ih/pdf/BILLS-118hr4716ih.pdf,238480,7,6f462bc5719aeb3825406d6b5a00bb1d6372fb2eb5e81de339aa96221c5f31a9,primary,
B4715,pdfs/2023-07-18_HR4715_IH_BRITS_Act.pdf,H.R. 4715 Introduced (Kean) — BRITS Act,2023-07-18,https://www.govinfo.gov/content/pkg/BILLS-118hr4715ih/pdf/BILLS-118hr4715ih.pdf,238545,7,d7fea2342b13239423629e29864e76ec4b81ab73be4a0a6c5251956ee950fe85,primary,
B4725,pdfs/2023-07-19_HR4725_IH_AUKUS_Oversight_Accountability_Act.pdf,H.R. 4725 Introduced (McCaul) — AUKUS Oversight and Accountability Act,2023-07-19,https://www.govinfo.gov/content/pkg/BILLS-118hr4725ih/pdf/BILLS-118hr4725ih.pdf,248519,13,373c93e9ca406dc868d17dc8b19d555017184e69306028b01b10ab09ac3fdf71,primary,
S2043,pdfs/2023-08-22_S2043_RS_State_Dept_Authorization_SFRC.pdf,"S. 2043 Reported in Senate (SFRC) — Department of State Authorization Act of 2023, Title IX AUKUS Matters",2023-08-22,https://www.govinfo.gov/content/pkg/BILLS-118s2043rs/pdf/BILLS-118s2043rs.pdf,1163755,364,967616b7d2b48ada50e5911edc05766f5a06a93f7547413aea07585242ac2ba2,primary,SFRC ordered reported 2023-07-13; filed 2023-08-22
CRS1,pdfs/2024-02-16_CRS_RL32418_Virginia_AUKUS.pdf,"CRS RL32418 (O'Rourke), Navy Virginia-Class Submarine Program and AUKUS Submarine Proposal, Feb 16, 2024 version",2024-02-16,https://www.congress.gov/crs_external_products/RL/PDF/RL32418/RL32418.274.pdf,1838296,110,3f2eedaf001d1d1723172af948e685a93e75bf34e7f9209cacc7c88abf086891,CRS,congress.gov CRS PDF downloaded with curl (200)
CRS2,pdfs/2026-01-08_CRS_IF12483_Arms_Transfer_AUKUS.pdf,"CRS IF12483 (Kerr), U.S. Arms Transfer Restrictions and AUKUS Cooperation, updated Jan 8, 2026",2026-01-08,https://www.congress.gov/crs_external_products/IF/PDF/IF12483/IF12483.10.pdf,209452,3,c865d4895225c2435e891e9b799c09baef07bfcc3a5a0520527d6d858131b02a,CRS,
LTR,pdfs/2023-01-10_Courtney-Gallagher_Coalition_Letter_to_Biden.pdf,"Letter from Reps. Courtney, Gallagher et al. to President Biden (Jan 10, 2023)",2023-01-10,https://courtney.house.gov/sites/evo-subsites/courtney.house.gov/files/evo-media-document/1-10-23-jdc-aukus-sib-letter-to-biden.pdf,189244,3,a9e5a25e7db8f9be82c018e02a41789e805d0e98b49b22572c7f3e2a88ff5005,press,member-office PDF (primary letter)
DCPD,pdfs/2023-12-22_DCPD_Biden_Signing_Statement_FY2024_NDAA.pdf,"DCPD-202301145, Statement on Signing the NDAA for FY2024",2023-12-22,https://www.govinfo.gov/content/pkg/DCPD-202301145/pdf/DCPD-202301145.pdf,245010,2,1d0e1f0af353d3a13e3aca44c42cd2d1f87987324b8d7196ab04bd38cb522b5a,primary,contains no reference to AUKUS/Australia/submarine (grep=0)
PL159,pdfs/2024-12-23_PL118-159_FY2025_NDAA.pdf,"Public Law 118-159, FY2025 NDAA",2024-12-23,https://www.govinfo.gov/content/pkg/PLAW-118publ159/pdf/PLAW-118publ159.pdf,2207277,794,69a754e6e880d32549ac6411887b581844f9af9ba4755fc796b5fa90d7fc5f11,primary,
PL60,pdfs/2025-12-18_PL119-60_FY2026_NDAA.pdf,"Public Law 119-60, FY2026 NDAA",2025-12-18,https://www.govinfo.gov/content/pkg/PLAW-119publ60/pdf/PLAW-119publ60.pdf,3352712,1260,5e9498daff9caa63fd1bd9415501a4406c9525352236331e5aad37c19d099b27,primary,
W1,web/2023-01-11_HASC_Press_Rogers_Courtney_Zero-Sum.html,"HASC press release: ""Far from a Zero-Sum Game"": Rogers Joins Courtney and Bipartisan Coalition (Jan 11, 2023)",2023-01-11,https://armedservices.house.gov/news/press-releases/far-zero-sum-game-rogers-joins-courtney-and-bipartisan-coalition-reiterate,38853,,c0c535e1280936bfe129d115c9db8392d51556916a496ca41c8fa1c77063839b,press,saved HTML
W2,web/2023-01-05_BreakingDefense_Reed_Inhofe_Letter.html,"Breaking Defense: EXCLUSIVE: Reed, Inhofe warn Biden AUKUS risks becoming zero sum game (Jan 5, 2023)",2023-01-05,https://breakingdefense.com/2023/01/exclusive-reed-inhofe-warn-biden-aukus-risks-becoming-zero-sum-game-for-us-navy/,129431,,cb234215014e152b27b75e7f7cc98a49650ccce9e527f779d2180aec2947e65f,news,Reed-Inhofe letter itself NOT obtained; quotes are as reported
W3,web/2021-09-15_WhiteHouse_Joint_Leaders_Statement_AUKUS.html,"White House (archived), Joint Leaders Statement on AUKUS (Sep 15, 2021)",2021-09-15,https://bidenwhitehouse.archives.gov/briefing-room/statements-releases/2021/09/15/joint-leaders-statement-on-aukus/,137260,,026224f0fd5f0e04e4a3410667fe5dd431101c0e573590d6dd77ee3a958fcce2,primary,saved HTML
W4,web/2023-03-13_WhiteHouse_Joint_Leaders_Statement_AUKUS.html,"White House (archived), Joint Leaders Statement on AUKUS (Mar 13, 2023)",2023-03-13,https://bidenwhitehouse.archives.gov/briefing-room/statements-releases/2023/03/13/joint-leaders-statement-on-aukus-2/,139020,,d65cb6bcc7115a6d7c9adfcc64dfcbc582621b2a1a45e3addfd8de6ee0d2b5d7,primary,saved HTML
V144,votes/house_roll144.xml,"House Clerk roll call 144 (Mar 22, 2023) H.R. 1093",2023-03-22,https://clerk.house.gov/evs/2023/roll144.xml,83572,,3f5a394629f5f434880acb0ec4f1950b51afaba27c63dff86926f8541eddc06c,primary,XML
V328,votes/house_roll328.xml,"House Clerk roll call 328 (Jul 14, 2023) H.R. 2670 passage",2023-07-14,https://clerk.house.gov/evs/2023/roll328.xml,83126,,611f7563f6c0ef7b366e6ccaac6a6d2bf4cc816d6e0010edee99c897b85c004c,primary,XML
V723,votes/house_roll723.xml,"House Clerk roll call 723 (Dec 14, 2023) conference report",2023-12-14,https://clerk.house.gov/evs/2023/roll723.xml,83170,,ef1b7ab1140ca521136583ec3132a4fdfdd5a4779722138f3483426c8b34c11c,primary,XML
API,api/,"congress.gov API v3 JSON (bill metadata, actions, cosponsors, amendments) for H.R.2670, S.2226, H.R.1093, S.1006, S.1471, H.R.3939, H.R.4619, H.R.4715, H.R.4716, H.R.4725, S.2043",2026-10-01,https://api.congress.gov/v3/bill/118/...,,,,primary,retrieved 2026-10-01 with API key; folder of JSON files
ABC,,"ABC News (Australia): Pentagon AUKUS review finds areas to put pact on strongest possible footing (Dec 5, 2025)",2025-12-05,https://www.abc.net.au/news/2025-12-05/aukus-review-pentagon-donald-trump-administration/105588512,,,,news,read only via WebFetch model summary — quotes NOT verified verbatim; not saved
