group,actor,stance,basis,reason,conditions_concerns,evidence
행정부,Joe Biden,찬성,사실,2021-09 AUKUS 출범과 2023-03 최적경로(버지니아급 3척+최대 2척 판매)를 3국 정상으로 발표하고 FY2024 NDAA에 서명했다. 동맹을 통한 인도태평양 억지가 명분이다.,판매를 '의회 승인 전제'로 발표했다. 서명성명에는 AUKUS 언급이 없다.,E72;E73;E70;E71
행정부,Erik Raven,적극 찬성,사실,"해군 대표로 '4개 입법을 FY24 NDAA에서 반드시 통과'를 요구했다. FMS 계약, 2025년 기항 정비, 2025년 호주 기여금 일정 때문에 '올해' 승인이 필요하다고 했다.",판매 승인에 '호주의 확신을 흔들 문구'를 붙이지 말라고 요청했다. [추정] 의회가 거부권 같은 추가 조건을 다는 데 반대한다는 뜻이다.,E44;E82;E83;E84
행정부,William J. Houston (VADM),적극 찬성,사실,Raven과 같은 공동 서면증언에 서명했다(잠수함 사령관). SRF-West 설치와 정비 인력 통합 일정을 근거로 들었다.,위와 같다.,E44;E83
행정부,Jonathan Rucker (RDML),적극 찬성,사실,공동 서면증언에 서명했다(공격잠수함 사업단장). 산업기반 투자와 생산률 확대를 강조했다.,위와 같다.,E44;E88
행정부,Mara Karlin,찬성,사실,10/25 청문회에서 국방부 정책 대표로 Pillar 1 경로와 산업기반 보충예산을 지지하는 증언을 했다(CRS 기술).,의원들의 산업기반 비용추계(SIB-25) 요구에 답변했다. 세부 답변 내용은 미확인이다.,E45;CRS1
상원,Jack Reed,신중 → 조건부,사실(입장 변화의 해석은 추정),2022-12 Inhofe와 함께 '산업기반이 한계점까지 몰릴 수 있다'고 경고했다. 2023-07 그가 보고한 상원 국방수권법안에는 판매 승인을 넣지 않고 '이전 60일 전 인증'(SRF-West·호주 운용능력)만 요구했다.,미 해군 전력과 산업기반에 대한 부담을 우려했다. 그의 인증 요건은 최종법에서 '30일 전 통보'로 약해져 남았다. 최종 판매 승인에 대한 그의 공개 반대 기록은 찾지 못했다.,E41;E57;E58;E60;E86
상원,James Inhofe,신중,정황,2022-12 Reed와 공동 서한으로 산업기반 우려를 표명했다(언론 보도로만 확인). 2023-01 은퇴해 이후 입법에는 관여하지 않았다.,잠수함 산업기반 과부하를 우려했다.,E41
상원,Roger Wicker,찬성(정보 조건부),사실,상원 국방수권법안 통과 직후 'AUKUS 약속 이행을 가능케 한다'고 발언했다. 2023-10 초당 6인 서한으로 '올해 안에 서명되길 고대한다'고 밝혔다.,같은 서한에서 산업기반 비용추계(SIB-25)를 10/31까지 내라고 요구했다. 같은 주 Kelly 하원의원은 이 사안이 Wicker에게 '매우 중요'하다고 전했다.,E51;E46;H69
상원,Tim Kaine,찬성(정보 조건부),사실,2023-10 초당 6인 서한에 공동서명했고 2023-07 Rudd 대사와 Newport News 조선소를 함께 방문했다.,서한의 비용추계 요구에 동참했다. [추정] 버지니아주 조선소(HII) 지역 이익과 맞닿아 있다.,E46;L46
상원,James Risch,찬성,사실,S.2043(국무부수권법) 원공동발의자로 Title IX §921 '2+1척' 판매 승인에 참여했다. S.1471 TORPEDO Act(수출통제 완화)도 발의했다.,§921에 상호방위협정 전제와 3척 초과 시 별도 입법이라는 조건을 붙였다.,E36;E37;E38
상원,Robert Menendez,조건부 찬성,사실,S.2043 발의자로 상원 외교위에서 판매를 직접 승인한 유일한 문안(§921)을 의결했다.,조건으로 상호방위협정 전제와 추가 판매 별도 입법을 두었다. 이 조건은 최종법의 골격이 됐다.,E37;E38
상원,Richard Blumenthal,찬성,사실,H.R.1093 상원판 S.1006을 발의했고 2023-10 초당 6인 서한에 공동서명했다.,서한의 비용추계 요구에 동참했다. [추정] 코네티컷(Electric Boat) 지역 이익과 맞닿아 있다.,S1006;E46
상원,Bill Hagerty,찬성(수출통제 측면),사실(판매 자체에 대한 입장은 미확인),S.1471 TORPEDO Act 원공동발의자다. ITAR 면제 등 Pillar 2 수출통제 완화를 지지했다.,잠수함 판매 조항에 대한 그의 발언 기록은 찾지 못했다.,E36
하원,Joe Courtney,적극 찬성(주도),사실,2023-01 서한을 주도했고 H.R.3939·H.R.4619를 공동발의했다. 협의안 표결 직전 '처음으로 미국산 핵잠수함 3척 판매를 허용'이라고 발언했다. 인도태평양 억지를 명분으로 든다.,미 공격잠수함이 50척에서 46척(2028)으로 줄어드는 문제를 직접 언급했다. [추정] 지역구 Groton의 Electric Boat 생산·고용이 강한 동기다.,E42;E48;E53;H11;H13
하원,Mike Gallagher,찬성(투자 조건부),사실,'미 해군 소요와 호주 판매 사이에 선택은 없다. 둘 다 해야 한다'고 했다. 대중국 억지가 명분이다.,66척 소요 대비 49척에서 46척으로의 감소를 우려했다. 행정부 요청을 훨씬 넘는 수십억 달러 추가 투자가 필요하다고 했다. 청문회에서 산업기반 보고서 원문을 요구했다.,H25;H26;H27;E45
하원,Mike Rogers,찬성,사실(동기는 추정),군사위원장으로 2023-01 서한에 서명했다. 협의안을 하원 규칙정지 표결(310-118)로 처리할 때 동의안을 냈다.,2023년 본인의 직접 발언은 확보하지 못했다. 하원 국방수권법안에 판매를 넣지 않은 이유는 미확인이다.,E42;E54;E69
하원,Adam Smith,찬성,사실,군사위 간사로 2023-01 서한에 서명했다. 2023-03 청문회에서 AUKUS를 '억지를 강화하는 동반자 관계'로 꼽았다.,2023년 육성 발언은 1건뿐이다. [추정] 그의 전 비서실장이 GD의 AUKUS 로비스트로 일했다(관계만 확인).,E42;H61;L57
하원,Trent Kelly,찬성,사실,해양력 소위원장으로 'AUKUS 체계를 지지한다… 대중국 억지의 핵심 수단'이라고 발언했다. H.R.4619를 공동발의했다.,'산업기반이 최근 몇 년 어려움을 겪었다'고 인정했다.,H66;H67;H70
하원,Donald Norcross,찬성(노동 관점),사실,2023-01 서한에 서명했고 H.R.4619를 공동발의했다.,생산 물량의 '들쭉날쭉'이 조선 노동자에게 가장 큰 타격이라고 지적했다.,E42;H72
하원,Rob Wittman,회의 → 조건부 찬성,사실,2022-12에는 '호주가 미국 잠수함을 사는 일은 없을 것'이라 했다. 2023-03 최적경로 발표 뒤에는 '제로섬 아님'이라며 지지로 돌아섰다.,연 2척 건조와 66척 목표를 해쳐서는 안 되고 3국 합계 잠수함이 순증해야 한다는 조건을 달았다.,H77;H78;H79;H80
하원,Derek Kilmer,찬성,사실,AUKUS Working Group 공동의장이고 2023-01 서한 서명자다. H.R.4619를 공동발의했다. 호주 해군 장교 양성 파이프라인을 지지했다.,2023년 본인 발언은 미확인이다. [추정] 지역구 Bremerton 해군 공창(정비)과 연결된다.,E42;H90;H87
하원,Blake Moore,조건부 찬성,사실,AUKUS Working Group 공동의장이고 2023-01 서한 서명자다. 2023-08 민간 후원 런던 회의의 AUKUS 패널에 나섰다.,'비용 초과와 인도 지연 없이' 넘겨야 억지가 된다고 했다.,E42;H93;L62
하원,Michael McCaul,찬성,사실,외교위원장으로 AUKUS 법안 패키지를 총괄했다. 'AUKUS가 종이호랑이가 되게 할 수 없다'고 했고 Albanese 방문 때 '버지니아급 이전 승인'을 약속했다.,관심의 중심은 수출통제(ITAR) 개혁이다.,E39;E47;H49;H50;L42
하원,Gregory Meeks,찬성,사실,외교위 간사로 행정부안을 H.R.3939로 발의했다. Pillar 1이 대중국 억지와 부담 분담에 기여한다고 했다.,해군·조선능력에 악영향이 없도록 인증·보고 요건을 두는 Huizenga 법안을 지지했다.,E35;H36;H37
하원,Bill Huizenga,조건부 찬성,사실,H.R.4619를 발의했다. 남중국해 억지가 명분이다.,'우리의 수요가 먼저 충족됐다고 만족할 때만'이라는 조건을 달았다. 원안에 270일 인증과 의회 불승인 공동결의(거부권)를 넣었다. 거부권은 최종법에서 빠졌다.,H43;H45;E29;E30;E87
하원,Young Kim,찬성(수출통제 측면),사실,KOALA Act(호주 ITAR 예외)를 발의했고 H.R.4619를 공동발의했다.,판매에 대한 본인 발언은 확보하지 못했다.,E40;H100
하원,Thomas Kean Jr.,찬성(수출통제 측면),사실,BRITS Act(영국 ITAR 예외)를 발의했고 H.R.4619를 공동발의했다.,판매에 대한 본인 발언은 확보하지 못했다.,E40;H100
하원,Michael Waltz,조건부(우려 제기),사실,H.R.4619 마크업에서 '버지니아급 건조능력이 FY2024 계획보다 많도록 투자했다'는 인증을 추가하자는 수정안을 냈다가 '문안 합의를 계속하겠다'며 철회했다.,미 해군 66척 목표 대비 건조능력 부족을 우려했다.,E34;H96
하원,Richard McCormick,찬성,사실(동기는 미확인),H.R.4619를 공동발의했고 협의회에서 외교위 협의위원을 맡았다.,본인 발언은 확보하지 못했다.,E67;H100
호주측,Anthony Albanese,적극 찬성(직접 로비),사실,2023-10-26 워싱턴에서 의회 지도부 조찬과 60여 명 리셉션을 열고 하원의장을 만나 'AUKUS에 필요한 중요한 입법'을 요청했다.,—,L41;L43
호주측,Kevin Rudd,적극 찬성(직접 로비),사실,2023-03 부임 후 상·하원 위원장·간사들과 반복해서 접촉했다고 본인이 밝혔다. Courtney는 2023년 입법에 '끈질긴 의회 활동'이 필요했다고 회고했다.,외교관의 의회 접촉은 FARA 신고 대상이 아니라서 접촉 기록은 본인 발언과 보도로만 확인된다.,L44;L45;L46
호주측,Arthur Sinodinos,찬성,추정,AUKUS 출범(2021)과 의회 AUKUS Working Group 결성 시기에 대사로 재임했다. Courtney가 이임 발언에서 그 시기 협력을 기렸다.,본인의 입법 관련 발언은 확보하지 못했다.,L65
호주측,Richard Marles,찬성,사실,2023-12 NDAA 통과를 환영하는 성명을 냈다.,대만 유사시 지원을 약속하지 않았다고 밝혔다(CRS). 미 의회의 '억지 효과' 논쟁에서 회의론의 근거로 인용된다.,L48;CRS1
호주측,Scott Morrison,찬성(출범 주도),사실,2021-09 AUKUS 출범을 3국 정상으로 발표했다. 총리 명의로 전 미 해군장관 Winter를 AUKUS 자문(FARA 등록)으로 고용했다.,2022-05 총선에서 실각해 이후 입법에는 관여하지 않았다.,E72;L14
호주측,Northern Territory Government,간접 관심,추정,FARA 대리인을 통해 2023-06 의원실 14곳과 면담하며 노던준주의 역량과 미국 이익 지원을 소개했다.,AUKUS 법안을 언급한 기록은 없다. [추정] 미군 순환배치·투자 유치가 목적이다.,L19;L59
산업계,General Dynamics (Electric Boat),찬성(이해관계 직접),사실(동기는 추정),2023 Q2부터 'AUKUS partnership and Virginia Class Submarines'를 로비 이슈로 신고했다. 사내 로비와 외부 회사(FifeStrategies)를 함께 썼다.,[추정] 판매 승인과 호주의 미 산업기반 기여금은 버지니아급 원청사인 이 회사의 생산 확대와 직결된다. Courtney 수상 만찬 후원은 오랜 관계를 보여 준다.,L52;L56;L64;L33
산업계,Huntington Ingalls Industries,찬성(이해관계 직접),사실(동기는 추정),2023 Q3부터 'AUKUS related legislation'을 신고했다(사내와 TheGroup DC·Gephardt Group). Rudd·Kaine의 조선소 방문을 주최했다.,[추정] 버지니아급 공동 건조사로 산업기반 투자와 물량 확대의 수혜자다.,L53;L46
산업계,RTX (Raytheon),찬성(수출통제 중심),사실,AUKUS 법안 목록에 H.R.4619를 명시해 신고했다. 활동의 초점은 FMS와 수출통제 개혁이다.,—,L54
산업계,Boeing · Lockheed Martin · BAE Systems · Rolls-Royce,찬성(수출통제 중심),사실(입장은 추정),AUKUS를 주로 수출통제(Pillar 2) 이슈로 신고했다.,[추정] 3국 간 방산 거래의 ITAR 면허 면제가 관심사이고 잠수함 판매 자체와는 거리가 있다.,L51
산업계,Aerospace Industries Association,찬성(수출통제 중심),사실(입장은 추정),2023 Q1부터 AUKUS 수출통제 로비(TRD) 10건을 신고했다.,[추정] 업계 전체의 ITAR 면제 확대 요구다.,L51
산업계,PMB Defence,간접 관심,추정,호주 잠수함 배터리 업체로 2024년 Baker Donelson을 통해 버지니아급·호주 관련 로비를 신고했다.,판매 승인 이후의 공급망 참여가 목적으로 보인다(추정). 2023년 입법 과정과는 시기가 다르다.,L51
로비스트,"FifeStrategies, LLC",의뢰인 입장 대리(찬성),사실(입장은 의뢰인 기준),General Dynamics를 위해 2023 Q2–2024 AUKUS·국방수권법 로비를 신고했다.,로비스트는 전 상원 세출위 직원이다. 개인 입장은 기록이 없다.,L51
로비스트,Gephardt Group · TheGroup DC,의뢰인 입장 대리(찬성),사실(입장은 의뢰인 기준),HII를 위해 AUKUS 로비를 신고했다(TheGroup DC 2023 Q4·Gephardt Group 2024).,개인 입장은 기록이 없다.,L51
로비스트,Baker Donelson,의뢰인 입장 대리,사실(입장은 의뢰인 기준),호주 업체 PMB Defence를 위해 2024년 로비를 신고했다.,판매 승인 이후 시기다.,L51
로비스트,Shana Chandler,의뢰인 입장 대리(찬성),사실(입장은 의뢰인 기준),GD의 AUKUS 공시에 이름이 오른 사내 로비스트다. 2007–2022년 Adam Smith 의원 비서실장을 지냈다.,[추정] 군사위 간사실과의 회전문 경로를 보여 준다. 실제 접촉이나 영향은 확인되지 않는다.,L57
로비스트,Donald C. Winter,찬성(호주 정부 자문),사실,2021-09 호주 총리를 외국 본인으로 FARA에 등록하고 18개월 최적경로 연구를 지원하는 자문을 맡았다(일당 6천 달러).,후속 보고에 '대의회 활동 없음'으로 적었다. 의회 로비 기록은 없다.,L14;L15;L16
로비스트,John E. Wissler 외,의뢰인 입장 대리(간접),사실,노던준주 정부 대리인으로 2023-06 의원실 14곳을 면담했다.,AUKUS 법안 언급은 없다.,L19;L59
