thread,version,date,section,quote,diff_ko,source_url,locator,quote_verified
USFK 병력·전작권 제한,FY2026 NDAA(P.L. 119-60) 기준선,2025-12-18,§1268(a),"Amounts authorized to be appropriated by this Act may not be obligated or expended to reduce the approximate total number of members of the Armed Forces that are permanently stationed in, or deployed to, the Republic of Korea below 28,500, or to complete the transition of wartime operational control of the United States-Republic of Korea Combined Forces Command from United States-led command to Republic of Korea-led command in a manner which deviates from a bilaterally agreed plan to effectuate such a transition","기준선: 28,500 하한 + '양자 합의 계획에서 벗어나는' 전작권 전환 제한, 60일 대기. 재원 범위는 'this Act'(FY2026)만",https://www.govinfo.gov/content/pkg/PLAW-119publ60/html/PLAW-119publ60.htm,data/raw/plaw/PLAW-119publ60.htm :: 139 Stat. 1121-1122,yes
USFK 병력·전작권 제한,H.R. 8800 IH,2026-05-13,없음,,제출본(IH)은 4개 조만 있는 껍데기 법안 — 한국 조항 없음(원문 'Korea' 0회),https://www.congress.gov/119/bills/hr8800/BILLS-119hr8800ih.xml,data/raw/bills/hr8800_ih.xml :: data/raw/bills/hr8800_ih.xml 전체,n/a
USFK 병력·전작권 제한,H.R. 8800 RH,2026-06-15,§1247,None of the amounts authorized to be appropriated by this Act or otherwise made available for fiscal years 2026 or 2027 may be obligated or expended,독립 조문 대신 FY2026 §1268 개정 방식. 재원 범위를 FY2026·2027 '다른 법률 재원'까지 확대. 전작권 단서 등 본문은 §1268 그대로 유지,https://www.congress.gov/119/bills/hr8800/BILLS-119hr8800rh.xml,data/raw/bills/hr8800_rh.xml :: §1247,yes
USFK 병력·전작권 제한,H.R. 8800 EH,2026-07-22,§1247,None of the amounts authorized to be appropriated by this Act or otherwise made available for fiscal years 2026 or 2027 may be obligated or expended,RH와 문자 일치 — 본회의 수정 없음. 한국 조항 별도 기명표결 없음,https://www.congress.gov/119/bills/hr8800/BILLS-119hr8800eh.xml,data/raw/bills/hr8800_eh.xml :: §1247,yes
USFK 병력·전작권 제한,OMB SAP (H.R. 8800),2026-07-21,"§§1231-1233, 1247 언급","The Administration strongly opposes sections 1231, 1232, 1233, and 1247 which purport to restrict the President and the Secretary of War’s decision-making ability with regard to U.S. global force posture at large",행정부가 §1247을 유럽 태세 조항과 묶어 '강력 반대'. 헌법 제2조 언급은 §903 항목에만 있음,https://www.whitehouse.gov/wp-content/uploads/2026/07/SAP-HR8800.pdf,site_research/current/sources/SAP-HR8800.txt :: SAP p.3 'Oversight of United States Military Posture Abroad',yes
USFK 병력·전작권 제한,S. 4784 RS,2026-06-15,§1235(a),"to reduce the approximate total number of members of the Armed Forces that are permanently stationed in, or deployed to, the Republic of Korea to below 28,500, or to complete the transition of wartime operational control of the United States-Republic of Korea Combined Forces Command from United States-led command to Republic of Korea-led command, until the date that is 60 days after",독립 조문. 재원은 'this Act'(FY2027)만(하원보다 좁음). FY2026의 '양자 합의 계획 이탈' 단서 삭제 → 합의된 전환이라도 완료 자체가 제한 대상(더 엄격). (e) 분기별 전작권 로드맵 보고(2027-03-01~2030) 신설. 보고서는 90일로 오기,https://www.congress.gov/119/bills/s4784/BILLS-119s4784rs.xml,data/raw/bills/s4784_rs.xml :: §1235,yes
USFK 병력·전작권 제한,최종(협의·제정),2026-10-03 기준,없음,,"협의안·등록본·공법 없음(Congress.gov 텍스트 목록 IH/RH/EH/RS만, 2026-10-03 확인)",https://www.congress.gov/119/bills/hr8800/BILLS-119hr8800eh.xml,data/raw/bills/hr8800_eh.xml :: data/raw/bills/update_20261003/*_text_20261003.json,n/a
인태 동맹 의회 의사(한국 항),FY2026 NDAA(P.L. 119-60) 기준선,2025-12-18,§1255(2),"(2) reinforcing the United States alliance with South Korea, including by maintaining the presence of approximately 28,500 members of the United States Armed Forces deployed to South Korea, enhancing mutual defense base cooperation","기준선: 'South Korea' 표기, '상호 방위기지 협력'",https://www.govinfo.gov/content/pkg/PLAW-119publ60/html/PLAW-119publ60.htm,data/raw/plaw/PLAW-119publ60.htm :: 139 Stat. 1117,yes
인태 동맹 의회 의사(한국 항),H.R. 8800 RH·EH,2026-06-15 / 2026-07-22,§1241(2),"reinforcing the United States alliance with the Republic of Korea, including by maintaining the presence of approximately 28,500 members of the United States Armed Forces deployed to the Republic of Korea, enhancing mutual defense base cooperation, and affirming the United States extended deterrence commitment",FY2026 문안과 사실상 동일('South Korea'→'Republic of Korea'만 변경). 전작권 언급 없음. RH=EH,https://www.congress.gov/119/bills/hr8800/BILLS-119hr8800eh.xml,data/raw/bills/hr8800_eh.xml :: §1241(2),yes
인태 동맹 의회 의사(한국 항),S. 4784 RS,2026-06-15,§1251(2),"enhancing mutual defense industrial base cooperation, responsibly implementing the conditions-based transition of wartime operational control, and affirming the United States extended deterrence commitment","'방위기지'→'방위산업기반' 협력, '조건기반 전작권 전환의 책임 있는 이행' 추가, 일본 항(1)에 한국과의 다자협력 추가",https://www.congress.gov/119/bills/s4784/BILLS-119s4784rs.xml,data/raw/bills/s4784_rs.xml :: §1251(1)-(2),yes
인태 동맹 의회 의사(한국 항),최종(협의·제정),2026-10-03 기준,없음,,협의안 없음,https://www.congress.gov/119/bills/hr8800/BILLS-119hr8800eh.xml,data/raw/bills/hr8800_eh.xml :: -,n/a
한국 부담 건설사업,FY2026 NDAA(P.L. 119-60) 기준선,2025-12-18,§2511,"Pursuant to agreement with the Republic of Korea for required in- kind contributions, the Secretary of Defense may accept military construction projects",기준선: 험프리스 출입통제소·활주로 등(사업 구성 상이),https://www.govinfo.gov/content/pkg/PLAW-119publ60/html/PLAW-119publ60.htm,data/raw/plaw/PLAW-119publ60.htm :: 139 Stat. 1284,yes
한국 부담 건설사업,H.R. 8800 RH·EH,2026-06-15 / 2026-07-22,§2511,"Air Force Osan Air Base Consolidated Aircraft Maintenance Facility, Phase 1 $78,000,000","7개 사업(오산 2·캠프워커·험프리스 송유관·무적·예천·진해), 보고서 기준 $416.5M. RH=EH",https://www.congress.gov/119/bills/hr8800/BILLS-119hr8800eh.xml,data/raw/bills/hr8800_eh.xml :: §2511 표,yes
한국 부담 건설사업,S. 4784 RS,2026-06-15,§2511,"Air Force Osan Air Base Consolidated Aircraft Maintenance Facility, Phase 1 $78,000,000",하원과 문자 일치(양원 차이 없음 → 최종안 반영 가능성 높음 [추정]),https://www.congress.gov/119/bills/s4784/BILLS-119s4784rs.xml,data/raw/bills/s4784_rs.xml :: §2511 표,yes
해외 조선소 건조·정비,H.R. 8800 RH·EH,2026-06-15 / 2026-07-22,§1025,None of the funds authorized to be appropriated by this Act for fiscal year 2027 for the Department of the Navy may be obligated or expended to enter into a contract for the procurement of a battle force ship to be built a foreign shipyard,"전투함(USS 취역) 해외건조 조달 금지(1년 한시, 재원 제한). 보조함은 미적용. §1018(e)는 MRO에 8680 해외정비 제한 적용",https://www.congress.gov/119/bills/hr8800/BILLS-119hr8800eh.xml,data/raw/bills/hr8800_eh.xml :: §1025,yes
해외 조선소 건조·정비,OMB SAP (H.R. 8800),2026-07-21,§1025 언급,"The Administration strongly opposes section 1025, which would prohibit the use of funds for procurement of initial battle force ships to be built in a foreign shipyard",행정부는 수상전투함 2척+비전투 보조함 2척 해외건조 권한(입법제안)을 요구하며 §1025에 강력 반대,https://www.whitehouse.gov/wp-content/uploads/2026/07/SAP-HR8800.pdf,site_research/current/sources/SAP-HR8800.txt :: SAP p.2 'Foreign Shipbuilding and Direct Investment in Domestic Shipyards',yes
해외 조선소 건조·정비,S. 4784 RS,2026-06-15,§1019,the Secretary of Defense may construct not more than two vessels for each class of covered vessels in a foreign shipyard,"8679조 대통령 면제권 삭제 + 조약동맹국에서 비전투함(유류·해상수송) 급별 2척 허용. 행정부 요구(전투함 포함)보다 좁고, 하원(금지만)보다 넓음",https://www.congress.gov/119/bills/s4784/BILLS-119s4784rs.xml,data/raw/bills/s4784_rs.xml :: §1019(b)(1),yes
해외 조선소 건조·정비,H.R. 8800 EH 추가분,2026-07-22,Div.C Title XXXVI (SHIPS for America Act of 2026),seek mutually beneficial relationships with treaty allies and strategic partners to grow the domestic shipping and shipbuilding industries of the United States,본회의 en bloc No.5(#313)로 SHIPS for America 조항 확대. 조약동맹 협력은 의회 의사 수준,https://www.congress.gov/119/bills/hr8800/BILLS-119hr8800eh.xml,data/raw/bills/hr8800_eh.xml :: §3603(24),yes
해외 조선소 건조·정비,최종(협의·제정),2026-10-03 기준,없음,,협의안 없음,https://www.congress.gov/119/bills/hr8800/BILLS-119hr8800eh.xml,data/raw/bills/hr8800_eh.xml :: -,n/a
한국 핵추진잠수함 협력,S.Rept. 119-127,2026-06-15,ISI p.262,"Defines the scope of bilateral cooperation in developing a nuclear powered, conventionally armed submarine for South Korea","상원 보고서 지시사항(법조문 아님): 협력 범위·작업반·지역안정·비용(전작권 영향 포함)·확산위험 보고, 2027-02-01까지",https://www.govinfo.gov/content/pkg/CRPT-119srpt127/html/CRPT-119srpt127.htm,data/raw/reports/CRPT-119srpt127.htm :: p.262(목차 기준),yes
한국 핵추진잠수함 협력,H.R. 8800 RH·EH / H.Rept. 119-698,2026-07-22,없음,,하원 법안·보고서에서 한국 핵잠 언급 미발견(정규식 'Korea' 전수 검색). 유사 사례로 EH §1249A(AUKUS 버지니아급 이전 3척)만 존재,https://www.congress.gov/119/bills/hr8800/BILLS-119hr8800eh.xml,data/raw/bills/hr8800_eh.xml :: -,n/a
한국 핵추진잠수함 협력,S. 4784 RS (법조문),2026-06-15,없음,,상원 법조문에는 한국 핵잠 조항 없음 — 보고서 지시사항으로만 존재,https://www.congress.gov/119/bills/s4784/BILLS-119s4784rs.xml,data/raw/bills/s4784_rs.xml :: -,n/a
