year,group,n_clients,n_registrants,reports,reported_amount_usd,defense_related_reports,defense_related_amount_usd,ndaa_reports
2017,LG,2,2,6,200000,0,0,0
2017,SK,1,1,2,0,0,0,0
2017,기타 한국 기관·기업,1,1,2,200000,0,0,0
2017,기타 한국계 기업(한국 지분),7,7,9,180000,0,0,0
2017,롯데,1,1,4,0,0,0,0
2017,삼성,4,8,36,5970000,0,0,0
2017,제외: 한국 회원사가 있는 미국 단체 등,2,2,5,40000,0,0,0
2017,포스코,2,2,7,685000,0,0,0
2017,한화,1,1,3,240000,0,0,0
2017,현대차그룹,4,6,24,2170000,0,0,0
2018,LG,2,2,6,160000,0,0,0
2018,SK,1,3,7,1520000,0,0,0
2018,기타 한국계 기업(한국 지분),7,7,15,440000,0,0,0
2018,롯데,1,1,4,0,0,0,0
2018,삼성,4,7,34,5510000,4,280000,4
2018,제외: 한국 회원사가 있는 미국 단체 등,1,1,4,40000,0,0,0
2018,포스코,2,3,12,828000,0,0,0
2018,한화,1,1,2,50000,0,0,0
2018,현대차그룹,5,8,27,2480000,0,0,0
2019,LG,2,2,8,225000,1,30000,0
2019,SK,2,4,14,2980000,0,0,0
2019,기타 한국계 기업(한국 지분),9,9,20,660000,0,0,0
2019,롯데,1,1,3,150000,0,0,0
2019,삼성,4,6,32,4860000,9,2070000,9
2019,제외: 한국 회원사가 있는 미국 단체 등,1,1,4,40000,0,0,0
2019,포스코,2,3,12,830000,0,0,0
2019,한화,1,1,4,320000,0,0,0
2019,현대차그룹,5,8,32,2620000,0,0,0
2020,LG,7,8,22,651666,4,120000,0
2020,SK,5,7,18,5100000,0,0,0
2020,기타 한국계 기업(한국 지분),8,5,22,825000,0,0,0
2020,두산,1,1,1,0,0,0,0
2020,롯데,1,1,2,0,0,0,0
2020,삼성,4,7,33,5120000,8,3570000,8
2020,제외: 한국 회원사가 있는 미국 단체 등,2,2,5,0,0,0,0
2020,포스코,3,4,12,780000,0,0,0
2020,한화,1,2,5,450000,0,0,0
2020,현대차그룹,5,8,30,2920000,2,80000,2
2021,CJ,1,1,1,0,0,0,0
2021,LG,10,11,27,1843000,2,60000,2
2021,SK,6,9,30,7335000,4,2010000,4
2021,기타 한국계 기업(한국 지분),11,9,25,610000,0,0,0
2021,두산,1,1,4,30000,0,0,0
2021,삼성,4,6,32,5560000,4,260000,1
2021,제외: 한국 회원사가 있는 미국 단체 등,1,1,4,0,0,0,0
2021,포스코,3,3,12,790000,0,0,0
2021,한화,3,4,12,690000,3,50000,0
2021,현대차그룹,6,9,30,3310000,4,830000,4
2022,LG,4,4,16,1210000,2,60000,2
2022,SK,5,8,30,6770000,6,2830000,6
2022,기타 한국 기관·기업,2,2,8,400000,0,0,0
2022,기타 한국계 기업(한국 지분),8,7,18,280000,1,0,1
2022,두산,2,2,8,150000,0,0,0
2022,삼성,7,12,50,7660000,7,2850000,6
2022,제외: 한국 회원사가 있는 미국 단체 등,2,2,5,850000,1,820000,1
2022,포스코,3,3,12,830000,0,0,0
2022,한화,3,4,16,940000,4,40000,0
2022,현대차그룹,6,8,29,3900000,2,120000,2
2023,LG,8,9,25,785000,0,0,0
2023,SK,3,6,28,6020000,6,2590000,6
2023,기타 한국 기관·기업,3,6,16,450000,0,0,0
2023,기타 한국계 기업(한국 지분),8,7,20,340000,0,0,0
2023,두산,2,2,8,200000,0,0,0
2023,삼성,8,14,63,8050000,8,5150000,5
2023,제외: 한국 회원사가 있는 미국 단체 등,1,1,1,60000,0,0,0
2023,포스코,4,4,13,780000,0,0,0
2023,한화,2,6,17,2310000,5,80000,0
2023,현대차그룹,7,9,36,3610000,0,0,0
2024,LG,7,9,33,1480000,1,10000,1
2024,SK,5,7,15,2620000,1,70000,1
2024,기타 한국 기관·기업,6,9,33,1577855,0,0,0
2024,기타 한국계 기업(한국 지분),10,8,20,440000,0,0,0
2024,두산,2,2,5,170000,0,0,0
2024,삼성,8,14,66,8560000,11,6090000,7
2024,셀트리온,1,1,1,0,0,0,0
2024,제외: 한국 회원사가 있는 미국 단체 등,2,2,4,130000,0,0,0
2024,포스코,5,3,17,880000,0,0,0
2024,한화,4,11,35,6260000,21,3520000,13
2024,현대차그룹,7,10,35,3540000,0,0,0
2025,HD현대,1,1,4,120000,0,0,0
2025,LG,7,9,37,2920000,4,110000,4
2025,LIG,1,1,4,240000,3,240000,0
2025,기타 한국 기관·기업,6,11,40,3670313,0,0,0
2025,기타 한국계 기업(한국 지분),12,11,27,740000,1,0,0
2025,두산,2,2,8,700000,0,0,0
2025,삼성,9,15,67,9350000,7,6050000,5
2025,셀트리온,1,1,4,0,0,0,0
2025,제외: 한국 회원사가 있는 미국 단체 등,3,3,6,130000,0,0,0
2025,포스코,5,3,20,1366900,0,0,0
2025,한화,5,14,47,6195000,28,4390000,14
2025,현대차그룹,7,9,31,5005000,0,0,0
2026,HD현대,1,1,2,40000,0,0,0
2026,LG,6,8,18,1230000,0,0,0
2026,LIG,1,1,2,90000,1,90000,0
2026,SK,1,2,2,0,0,0,0
2026,기타 한국 기관·기업,7,12,22,2830400,1,300000,0
2026,기타 한국계 기업(한국 지분),12,12,19,1035000,3,95000,0
2026,두산,2,2,4,390000,0,0,0
2026,삼성,8,12,30,4680000,4,2900000,3
2026,셀트리온,1,1,2,0,0,0,0
2026,제외: 한국 회원사가 있는 미국 단체 등,2,2,3,0,0,0,0
2026,포스코,5,3,10,876900,0,0,0
2026,한화,8,13,25,3724000,12,3334000,10
2026,현대차그룹,6,8,14,2700000,0,0,0
