filing_uuid,year,period,filing_type,dt_posted,client,registrant,income,expenses,issue_code,activity,government_entities,names_fy27_ndaa,url
9c067e88-5254-4f41-b782-d4f8d38ad973,2025,fourth_quarter,4th Quarter - Report,2026-01-20,"HANWHA AEROSPACE CO., LTD.","HANWHA AEROSPACE CO., LTD.",,580000.00,MAN,Issues related to commercial shipbuilding.,"Commerce, Dept of (DOC); HOUSE OF REPRESENTATIVES; SENATE; State, Dept of (DOS); Treasury, Dept of; U.S. Trade Representative (USTR)",,https://lda.gov/filings/public/filing/9c067e88-5254-4f41-b782-d4f8d38ad973/print/
9c067e88-5254-4f41-b782-d4f8d38ad973,2025,fourth_quarter,4th Quarter - Report,2026-01-20,"HANWHA AEROSPACE CO., LTD.","HANWHA AEROSPACE CO., LTD.",,580000.00,MAR,Issues related to commercial shipbuilding and shipping.,"Commerce, Dept of (DOC); Homeland Security, Dept of (DHS); HOUSE OF REPRESENTATIVES; SENATE; State, Dept of (DOS); Treasury, Dept of; U.S. Trade Representative (USTR)",,https://lda.gov/filings/public/filing/9c067e88-5254-4f41-b782-d4f8d38ad973/print/
9c067e88-5254-4f41-b782-d4f8d38ad973,2025,fourth_quarter,4th Quarter - Report,2026-01-20,"HANWHA AEROSPACE CO., LTD.","HANWHA AEROSPACE CO., LTD.",,580000.00,DEF,"Issues related to shipbuilding, army ground systems, and defense authorization.","Defense, Dept of (DOD); HOUSE OF REPRESENTATIVES; SENATE",,https://lda.gov/filings/public/filing/9c067e88-5254-4f41-b782-d4f8d38ad973/print/
bb7d1eb2-b768-4f63-9dcc-490bd0ff3f57,2025,third_quarter,Registration,2025-10-20,"HANWHA AEROSPACE CO., LTD.","HANWHA AEROSPACE CO., LTD.",,,MAR,"Issues related to commercial shipbuilding and shipping, including SHIPS Act (S. 1541, HR 3151); army ground systems; defense authorization.",,,https://lda.gov/filings/public/filing/bb7d1eb2-b768-4f63-9dcc-490bd0ff3f57/print/
bb7d1eb2-b768-4f63-9dcc-490bd0ff3f57,2025,third_quarter,Registration,2025-10-20,"HANWHA AEROSPACE CO., LTD.","HANWHA AEROSPACE CO., LTD.",,,DEF,"Issues related to commercial shipbuilding and shipping, including SHIPS Act (S. 1541, HR 3151); army ground systems; defense authorization.",,,https://lda.gov/filings/public/filing/bb7d1eb2-b768-4f63-9dcc-490bd0ff3f57/print/
bb7d1eb2-b768-4f63-9dcc-490bd0ff3f57,2025,third_quarter,Registration,2025-10-20,"HANWHA AEROSPACE CO., LTD.","HANWHA AEROSPACE CO., LTD.",,,MAN,"Issues related to commercial shipbuilding and shipping, including SHIPS Act (S. 1541, HR 3151); army ground systems; defense authorization.",,,https://lda.gov/filings/public/filing/bb7d1eb2-b768-4f63-9dcc-490bd0ff3f57/print/
b39b5d76-62d4-4550-aeec-93f7bdc437eb,2025,third_quarter,3rd Quarter - Report,2025-10-21,"HANWHA AEROSPACE CO., LTD.","HANWHA AEROSPACE CO., LTD.",,80000.00,DEF,"Issues related to shipbuilding, army ground systems, and defense authorization.","Defense, Dept of (DOD); HOUSE OF REPRESENTATIVES; SENATE",,https://lda.gov/filings/public/filing/b39b5d76-62d4-4550-aeec-93f7bdc437eb/print/
b39b5d76-62d4-4550-aeec-93f7bdc437eb,2025,third_quarter,3rd Quarter - Report,2025-10-21,"HANWHA AEROSPACE CO., LTD.","HANWHA AEROSPACE CO., LTD.",,80000.00,MAN,Issues related to commercial shipbuilding.,"Commerce, Dept of (DOC); HOUSE OF REPRESENTATIVES; SENATE; State, Dept of (DOS); Treasury, Dept of; U.S. Trade Representative (USTR)",,https://lda.gov/filings/public/filing/b39b5d76-62d4-4550-aeec-93f7bdc437eb/print/
b39b5d76-62d4-4550-aeec-93f7bdc437eb,2025,third_quarter,3rd Quarter - Report,2025-10-21,"HANWHA AEROSPACE CO., LTD.","HANWHA AEROSPACE CO., LTD.",,80000.00,MAR,Issues related to commercial shipbuilding and shipping.,"Commerce, Dept of (DOC); Homeland Security, Dept of (DHS); HOUSE OF REPRESENTATIVES; SENATE; State, Dept of (DOS); Treasury, Dept of; U.S. Trade Representative (USTR)",,https://lda.gov/filings/public/filing/b39b5d76-62d4-4550-aeec-93f7bdc437eb/print/
6597d917-5d83-40aa-b94e-daa583abdcd1,2026,first_quarter,1st Quarter - Report,2026-04-20,"HANWHA AEROSPACE CO., LTD.","HANWHA AEROSPACE CO., LTD.",,1420000.00,DEF,"Issues related to shipbuilding, army ground systems, strategic missiles, and defense authorization (FY 2027 NDAA & FY 2027 appropriations bills.)","Defense, Dept of (DOD); HOUSE OF REPRESENTATIVES; SENATE; State, Dept of (DOS)",Y,https://lda.gov/filings/public/filing/6597d917-5d83-40aa-b94e-daa583abdcd1/print/
6597d917-5d83-40aa-b94e-daa583abdcd1,2026,first_quarter,1st Quarter - Report,2026-04-20,"HANWHA AEROSPACE CO., LTD.","HANWHA AEROSPACE CO., LTD.",,1420000.00,MAN,Issues related to commercial shipbuilding. (FY 2027 NDAA & FY 2027 appropriations bills.),"Commerce, Dept of (DOC); HOUSE OF REPRESENTATIVES; SENATE; State, Dept of (DOS); Treasury, Dept of; U.S. Trade Representative (USTR)",Y,https://lda.gov/filings/public/filing/6597d917-5d83-40aa-b94e-daa583abdcd1/print/
6597d917-5d83-40aa-b94e-daa583abdcd1,2026,first_quarter,1st Quarter - Report,2026-04-20,"HANWHA AEROSPACE CO., LTD.","HANWHA AEROSPACE CO., LTD.",,1420000.00,MAR,Issues related to commercial shipbuilding and shipping. (FY 2027 NDAA & FY 2027 appropriations bills.),"Commerce, Dept of (DOC); Homeland Security, Dept of (DHS); HOUSE OF REPRESENTATIVES; SENATE; State, Dept of (DOS); Treasury, Dept of; U.S. Trade Representative (USTR)",Y,https://lda.gov/filings/public/filing/6597d917-5d83-40aa-b94e-daa583abdcd1/print/
ddff6dec-893d-438f-8a8d-f567342ac8ed,2026,second_quarter,2nd Quarter - Report,2026-07-20,"HANWHA AEROSPACE CO., LTD.","HANWHA AEROSPACE CO., LTD.",,774000.00,MAN,Issues related to commercial shipbuilding. (FY 2027 NDAA & FY 2027 appropriations bills.),"Commerce, Dept of (DOC); HOUSE OF REPRESENTATIVES; SENATE; State, Dept of (DOS); Treasury, Dept of; U.S. Trade Representative (USTR)",Y,https://lda.gov/filings/public/filing/ddff6dec-893d-438f-8a8d-f567342ac8ed/print/
ddff6dec-893d-438f-8a8d-f567342ac8ed,2026,second_quarter,2nd Quarter - Report,2026-07-20,"HANWHA AEROSPACE CO., LTD.","HANWHA AEROSPACE CO., LTD.",,774000.00,MAR,Issues related to commercial shipbuilding and shipping. (FY 2027 NDAA & FY 2027 appropriations bills.),"Commerce, Dept of (DOC); Homeland Security, Dept of (DHS); HOUSE OF REPRESENTATIVES; SENATE; State, Dept of (DOS); Treasury, Dept of; U.S. Trade Representative (USTR)",Y,https://lda.gov/filings/public/filing/ddff6dec-893d-438f-8a8d-f567342ac8ed/print/
ddff6dec-893d-438f-8a8d-f567342ac8ed,2026,second_quarter,2nd Quarter - Report,2026-07-20,"HANWHA AEROSPACE CO., LTD.","HANWHA AEROSPACE CO., LTD.",,774000.00,DEF,"Issues related to shipbuilding, army ground systems, strategic missiles, and defense authorization (FY 2027 NDAA & FY 2027 appropriations bills.)","Defense, Dept of (DOD); HOUSE OF REPRESENTATIVES; SENATE; State, Dept of (DOS)",Y,https://lda.gov/filings/public/filing/ddff6dec-893d-438f-8a8d-f567342ac8ed/print/
a9ad41f6-6d63-44c1-aaf6-580e179814fc,2026,first_quarter,Registration,2026-02-13,"HANWHA DEFENSE USA, INC.","VENTURE GOVERNMENT STRATEGIES, LLC (FKA HOBART HALLAWAY & QUAYLE VENTURES, LLC)",,,BUD,"Funding issues related to shipbuilding, ground systems, and munitions.",,,https://lda.gov/filings/public/filing/a9ad41f6-6d63-44c1-aaf6-580e179814fc/print/
79c3c027-e49e-4f70-9fdd-0d8f29271eac,2026,first_quarter,1st Quarter - Report,2026-04-20,"HANWHA DEFENSE USA, INC.","VENTURE GOVERNMENT STRATEGIES, LLC (FKA HOBART HALLAWAY & QUAYLE VENTURES, LLC)",40000.00,,BUD,"Funding issues related to shipbuilding, ground systems, and munitions; FY27 National Defense Authorization Act; FY27 Department of Defense Appropriations.","Defense, Dept of (DOD); HOUSE OF REPRESENTATIVES; Natl Economic Council (NEC); Office of Management & Budget (OMB); SENATE",Y,https://lda.gov/filings/public/filing/79c3c027-e49e-4f70-9fdd-0d8f29271eac/print/
8ebab26c-447f-477b-b2e5-41a19ce0bf2f,2026,first_quarter,1st Quarter - Report,2026-04-21,"HANWHA DEFENSE USA, INC.","THE NICKLES GROUP, LLC",40000.00,,DEF,Defense procurement issues in FY27 National Defense Authorization Act and FY27 Defense Appropriations Act.,SENATE,Y,https://lda.gov/filings/public/filing/8ebab26c-447f-477b-b2e5-41a19ce0bf2f/print/
c7b54826-a02c-4a4d-b201-b287bbab5fe9,2026,second_quarter,2nd Quarter - Report,2026-07-17,"HANWHA DEFENSE USA, INC.","VENTURE GOVERNMENT STRATEGIES, LLC (FKA HOBART HALLAWAY & QUAYLE VENTURES, LLC)",40000.00,,BUD,"Funding issues related to shipbuilding, ground systems, and munitions; FY27 National Defense Authorization Act (H.R.8800/S.4784); FY27 Department of Defense Appropriations Act (H.R.9495).","Defense, Dept of (DOD); HOUSE OF REPRESENTATIVES; Natl Economic Council (NEC); Office of Management & Budget (OMB); SENATE",Y,https://lda.gov/filings/public/filing/c7b54826-a02c-4a4d-b201-b287bbab5fe9/print/
23ed999e-407c-427d-8efb-45ab30c325f8,2026,second_quarter,2nd Quarter - Report,2026-07-20,"HANWHA DEFENSE USA, INC.","THE NICKLES GROUP, LLC",40000.00,,DEF,"Defense procurement issues H.R. 8800 / S. 4784, the FY27 National Defense Authorization Act and H.R. 9495, FY27 Department of Defense Appropriations Act, 2027.",HOUSE OF REPRESENTATIVES; SENATE,Y,https://lda.gov/filings/public/filing/23ed999e-407c-427d-8efb-45ab30c325f8/print/
adff2fb1-3dfb-4428-9f99-9909371fe87b,2025,first_quarter,1st Quarter - Report,2025-04-20,HANWHA PHILLY SHIPYARD (FORMERLY KNOWN AS PHILLY SHIPYARD),HARVEY RUN STRATEGIES LLC,10000.00,,BUD,National Multimission Service appropriations Shipyard and Small Shipyard Capital investment,HOUSE OF REPRESENTATIVES; SENATE,,https://lda.gov/filings/public/filing/adff2fb1-3dfb-4428-9f99-9909371fe87b/print/
39517fcc-68ea-44bd-8529-81d83089b08f,2025,fourth_quarter,4th Quarter - Report,2026-01-13,HANWHA PHILLY SHIPYARD (FORMERLY KNOWN AS PHILLY SHIPYARD),HARVEY RUN STRATEGIES LLC,10000.00,,BUD,National Multimission Service appropriations Shipyard and Small Shipyard Capital investment,HOUSE OF REPRESENTATIVES; SENATE,,https://lda.gov/filings/public/filing/39517fcc-68ea-44bd-8529-81d83089b08f/print/
8265e6c6-013a-446f-a8fe-a7be379a4f44,2025,second_quarter,2nd Quarter - Report,2025-07-17,HANWHA PHILLY SHIPYARD (FORMERLY KNOWN AS PHILLY SHIPYARD),HARVEY RUN STRATEGIES LLC,10000.00,,BUD,National Multimission Service appropriations Shipyard and Small Shipyard Capital investment,HOUSE OF REPRESENTATIVES; SENATE,,https://lda.gov/filings/public/filing/8265e6c6-013a-446f-a8fe-a7be379a4f44/print/
c72e656c-6803-4a92-ad76-bcd90bc6da06,2025,third_quarter,3rd Quarter - Report,2025-10-19,HANWHA PHILLY SHIPYARD (FORMERLY KNOWN AS PHILLY SHIPYARD),HARVEY RUN STRATEGIES LLC,10000.00,,BUD,National Multimission Service appropriations Shipyard and Small Shipyard Capital investment,HOUSE OF REPRESENTATIVES; SENATE,,https://lda.gov/filings/public/filing/c72e656c-6803-4a92-ad76-bcd90bc6da06/print/
2eb95758-0b3e-407f-ad97-6333507dfbf2,2025,fourth_quarter,4th Quarter - Report,2026-01-20,SAMSUNG HEAVY INDUSTRIES,ARNOLD & PORTER KAYE SCHOLER LLP,120000.00,,DEF,Issues related to shipbuilding.,HOUSE OF REPRESENTATIVES; SENATE,,https://lda.gov/filings/public/filing/2eb95758-0b3e-407f-ad97-6333507dfbf2/print/
2eb95758-0b3e-407f-ad97-6333507dfbf2,2025,fourth_quarter,4th Quarter - Report,2026-01-20,SAMSUNG HEAVY INDUSTRIES,ARNOLD & PORTER KAYE SCHOLER LLP,120000.00,,BUD,Issues related to shipbuilding.,HOUSE OF REPRESENTATIVES; SENATE,,https://lda.gov/filings/public/filing/2eb95758-0b3e-407f-ad97-6333507dfbf2/print/
2eb95758-0b3e-407f-ad97-6333507dfbf2,2025,fourth_quarter,4th Quarter - Report,2026-01-20,SAMSUNG HEAVY INDUSTRIES,ARNOLD & PORTER KAYE SCHOLER LLP,120000.00,,MAR,Issues related to shipbuilding.,HOUSE OF REPRESENTATIVES; SENATE,,https://lda.gov/filings/public/filing/2eb95758-0b3e-407f-ad97-6333507dfbf2/print/
2eb95758-0b3e-407f-ad97-6333507dfbf2,2025,fourth_quarter,4th Quarter - Report,2026-01-20,SAMSUNG HEAVY INDUSTRIES,ARNOLD & PORTER KAYE SCHOLER LLP,120000.00,,TRA,Issues related to shipbuilding.,HOUSE OF REPRESENTATIVES; SENATE,,https://lda.gov/filings/public/filing/2eb95758-0b3e-407f-ad97-6333507dfbf2/print/
2eb95758-0b3e-407f-ad97-6333507dfbf2,2025,fourth_quarter,4th Quarter - Report,2026-01-20,SAMSUNG HEAVY INDUSTRIES,ARNOLD & PORTER KAYE SCHOLER LLP,120000.00,,TRD,Issues related to shipbuilding.,HOUSE OF REPRESENTATIVES; SENATE,,https://lda.gov/filings/public/filing/2eb95758-0b3e-407f-ad97-6333507dfbf2/print/
6a4ffa30-4232-4b3f-ac93-a6ea5cd2e1aa,2025,third_quarter,Registration,2025-10-10,SAMSUNG HEAVY INDUSTRIES,ARNOLD & PORTER KAYE SCHOLER LLP,,,DEF,Issues related to shipbuilding.,,,https://lda.gov/filings/public/filing/6a4ffa30-4232-4b3f-ac93-a6ea5cd2e1aa/print/
6a4ffa30-4232-4b3f-ac93-a6ea5cd2e1aa,2025,third_quarter,Registration,2025-10-10,SAMSUNG HEAVY INDUSTRIES,ARNOLD & PORTER KAYE SCHOLER LLP,,,BUD,Issues related to shipbuilding.,,,https://lda.gov/filings/public/filing/6a4ffa30-4232-4b3f-ac93-a6ea5cd2e1aa/print/
6a4ffa30-4232-4b3f-ac93-a6ea5cd2e1aa,2025,third_quarter,Registration,2025-10-10,SAMSUNG HEAVY INDUSTRIES,ARNOLD & PORTER KAYE SCHOLER LLP,,,MAR,Issues related to shipbuilding.,,,https://lda.gov/filings/public/filing/6a4ffa30-4232-4b3f-ac93-a6ea5cd2e1aa/print/
6a4ffa30-4232-4b3f-ac93-a6ea5cd2e1aa,2025,third_quarter,Registration,2025-10-10,SAMSUNG HEAVY INDUSTRIES,ARNOLD & PORTER KAYE SCHOLER LLP,,,TRD,Issues related to shipbuilding.,,,https://lda.gov/filings/public/filing/6a4ffa30-4232-4b3f-ac93-a6ea5cd2e1aa/print/
6a4ffa30-4232-4b3f-ac93-a6ea5cd2e1aa,2025,third_quarter,Registration,2025-10-10,SAMSUNG HEAVY INDUSTRIES,ARNOLD & PORTER KAYE SCHOLER LLP,,,TRA,Issues related to shipbuilding.,,,https://lda.gov/filings/public/filing/6a4ffa30-4232-4b3f-ac93-a6ea5cd2e1aa/print/
57781f68-06b0-4026-8323-571f9647c84c,2025,third_quarter,3rd Quarter - Report,2025-10-20,SAMSUNG HEAVY INDUSTRIES,ARNOLD & PORTER KAYE SCHOLER LLP,50000.00,,DEF,Issues related to shipbuilding.,HOUSE OF REPRESENTATIVES; SENATE,,https://lda.gov/filings/public/filing/57781f68-06b0-4026-8323-571f9647c84c/print/
57781f68-06b0-4026-8323-571f9647c84c,2025,third_quarter,3rd Quarter - Report,2025-10-20,SAMSUNG HEAVY INDUSTRIES,ARNOLD & PORTER KAYE SCHOLER LLP,50000.00,,BUD,Issues related to shipbuilding.,HOUSE OF REPRESENTATIVES; SENATE,,https://lda.gov/filings/public/filing/57781f68-06b0-4026-8323-571f9647c84c/print/
57781f68-06b0-4026-8323-571f9647c84c,2025,third_quarter,3rd Quarter - Report,2025-10-20,SAMSUNG HEAVY INDUSTRIES,ARNOLD & PORTER KAYE SCHOLER LLP,50000.00,,MAR,Issues related to shipbuilding.,HOUSE OF REPRESENTATIVES; SENATE,,https://lda.gov/filings/public/filing/57781f68-06b0-4026-8323-571f9647c84c/print/
57781f68-06b0-4026-8323-571f9647c84c,2025,third_quarter,3rd Quarter - Report,2025-10-20,SAMSUNG HEAVY INDUSTRIES,ARNOLD & PORTER KAYE SCHOLER LLP,50000.00,,TRA,Issues related to shipbuilding.,HOUSE OF REPRESENTATIVES; SENATE,,https://lda.gov/filings/public/filing/57781f68-06b0-4026-8323-571f9647c84c/print/
57781f68-06b0-4026-8323-571f9647c84c,2025,third_quarter,3rd Quarter - Report,2025-10-20,SAMSUNG HEAVY INDUSTRIES,ARNOLD & PORTER KAYE SCHOLER LLP,50000.00,,TRD,Issues related to shipbuilding.,HOUSE OF REPRESENTATIVES; SENATE,,https://lda.gov/filings/public/filing/57781f68-06b0-4026-8323-571f9647c84c/print/
d531f5f5-ce32-4ba5-8d71-ee54c9d03f93,2026,first_quarter,1st Quarter - Report,2026-04-20,SAMSUNG HEAVY INDUSTRIES,ARNOLD & PORTER KAYE SCHOLER LLP,120000.00,,DEF,Issues related to shipbuilding.,HOUSE OF REPRESENTATIVES; SENATE,,https://lda.gov/filings/public/filing/d531f5f5-ce32-4ba5-8d71-ee54c9d03f93/print/
d531f5f5-ce32-4ba5-8d71-ee54c9d03f93,2026,first_quarter,1st Quarter - Report,2026-04-20,SAMSUNG HEAVY INDUSTRIES,ARNOLD & PORTER KAYE SCHOLER LLP,120000.00,,BUD,Issues related to shipbuilding.,HOUSE OF REPRESENTATIVES; SENATE,,https://lda.gov/filings/public/filing/d531f5f5-ce32-4ba5-8d71-ee54c9d03f93/print/
d531f5f5-ce32-4ba5-8d71-ee54c9d03f93,2026,first_quarter,1st Quarter - Report,2026-04-20,SAMSUNG HEAVY INDUSTRIES,ARNOLD & PORTER KAYE SCHOLER LLP,120000.00,,MAR,Issues related to shipbuilding.,HOUSE OF REPRESENTATIVES; SENATE,,https://lda.gov/filings/public/filing/d531f5f5-ce32-4ba5-8d71-ee54c9d03f93/print/
d531f5f5-ce32-4ba5-8d71-ee54c9d03f93,2026,first_quarter,1st Quarter - Report,2026-04-20,SAMSUNG HEAVY INDUSTRIES,ARNOLD & PORTER KAYE SCHOLER LLP,120000.00,,TRA,Issues related to shipbuilding.,HOUSE OF REPRESENTATIVES; SENATE,,https://lda.gov/filings/public/filing/d531f5f5-ce32-4ba5-8d71-ee54c9d03f93/print/
d531f5f5-ce32-4ba5-8d71-ee54c9d03f93,2026,first_quarter,1st Quarter - Report,2026-04-20,SAMSUNG HEAVY INDUSTRIES,ARNOLD & PORTER KAYE SCHOLER LLP,120000.00,,TRD,Issues related to shipbuilding.,HOUSE OF REPRESENTATIVES; SENATE,,https://lda.gov/filings/public/filing/d531f5f5-ce32-4ba5-8d71-ee54c9d03f93/print/
7c3da94f-56bf-47a8-ba14-129d90c1cefb,2026,second_quarter,2nd Quarter - Report,2026-07-20,SAMSUNG HEAVY INDUSTRIES,ARNOLD & PORTER KAYE SCHOLER LLP,120000.00,,DEF,"Policy and funding issues related to shipbuilding, including the FY 2027 National Defense Authorization Act (S. 4784/H.R. 8800), the FY 2027 Defense appropriations bill (H.R. 9495), and the SHIPS for America Act (S. 1541/H.R. 3151).",HOUSE OF REPRESENTATIVES; SENATE,Y,https://lda.gov/filings/public/filing/7c3da94f-56bf-47a8-ba14-129d90c1cefb/print/
7c3da94f-56bf-47a8-ba14-129d90c1cefb,2026,second_quarter,2nd Quarter - Report,2026-07-20,SAMSUNG HEAVY INDUSTRIES,ARNOLD & PORTER KAYE SCHOLER LLP,120000.00,,BUD,"Policy and funding issues related to shipbuilding, including the FY 2027 National Defense Authorization Act (S. 4784/H.R. 8800), the FY 2027 Defense appropriations bill (H.R. 9495), the FY 2027 Labor-HHS-Education appropriations bill (H.R. 9260), the FY 2027 Commerce-Justice-Science appropriations bill (H.R. 8845), and the SHIPS for America Act (S. 1541/H.R. 3151).",HOUSE OF REPRESENTATIVES; SENATE,Y,https://lda.gov/filings/public/filing/7c3da94f-56bf-47a8-ba14-129d90c1cefb/print/
7c3da94f-56bf-47a8-ba14-129d90c1cefb,2026,second_quarter,2nd Quarter - Report,2026-07-20,SAMSUNG HEAVY INDUSTRIES,ARNOLD & PORTER KAYE SCHOLER LLP,120000.00,,MAR,"Policy and funding issues related to shipbuilding, including the FY 2027 National Defense Authorization Act (S. 4784/H.R. 8800), the FY 2027 Defense appropriations bill (H.R. 9495), the FY 2027 Labor-HHS-Education appropriations bill (H.R. 9260), the FY 2027 Commerce-Justice-Science appropriations bill (H.R. 8845), and the SHIPS for America Act (S. 1541/H.R. 3151).",HOUSE OF REPRESENTATIVES; SENATE,Y,https://lda.gov/filings/public/filing/7c3da94f-56bf-47a8-ba14-129d90c1cefb/print/
7c3da94f-56bf-47a8-ba14-129d90c1cefb,2026,second_quarter,2nd Quarter - Report,2026-07-20,SAMSUNG HEAVY INDUSTRIES,ARNOLD & PORTER KAYE SCHOLER LLP,120000.00,,TRA,"Policy and funding issues related to shipbuilding, including the FY 2027 Labor-HHS-Education appropriations bill (H.R. 9260), the FY 2027 Commerce-Justice-Science appropriations bill (H.R. 8845), and the SHIPS for America Act (S. 1541/H.R. 3151).",HOUSE OF REPRESENTATIVES; SENATE,,https://lda.gov/filings/public/filing/7c3da94f-56bf-47a8-ba14-129d90c1cefb/print/
7c3da94f-56bf-47a8-ba14-129d90c1cefb,2026,second_quarter,2nd Quarter - Report,2026-07-20,SAMSUNG HEAVY INDUSTRIES,ARNOLD & PORTER KAYE SCHOLER LLP,120000.00,,TRD,"Policy and funding issues related to shipbuilding, including the FY 2027 Labor-HHS-Education appropriations bill (H.R. 9260), the FY 2027 Commerce-Justice-Science appropriations bill (H.R. 8845), and the SHIPS for America Act (S. 1541/H.R. 3151).",HOUSE OF REPRESENTATIVES; SENATE,,https://lda.gov/filings/public/filing/7c3da94f-56bf-47a8-ba14-129d90c1cefb/print/
