actor_name,issue,why_ko,factors,basis,evidence
Office of Management and Budget (White House),주한미군 감축 제한,SAP는 §§1231–1233·1247이 '대통령과 전쟁부 장관의 전 세계 태세 결정권'을 제한한다는 이유로 반대했다. 즉 반대 논리는 한국 정책이 아니라 행정부 권한 방어다. 같은 논리는 트럼프 1기 FY2021 거부권 메시지(철수 제한은 위헌)에도 있었다. [추정] 동맹이 '제 몫을 하게(do their part)' 하겠다는 Colby의 'America First' 우선순위가 병력 수치 고정을 꺼리는 배경이다.,정당·행정부 관계;조직 이해;동맹관,사실,S01;S04;S60;https://www.whitehouse.gov/wp-content/uploads/2026/07/SAP-HR8800.pdf;data/raw/hearings/CHRG-119shrg62908.htm l.1764–1775
Office of Management and Budget (White House),해외 조선소/한국 조선 협력,"SAP는 해외 건조 4척 허용이 '국내 조선소로 대규모 외국인 직접투자를 끌어들이기 위한 것'이라고 이유를 밝혔다. 2026-08-13 대통령 각서('Finland Model')도 같은 조건을 건다. 외국 업체가 초기 함정을 해외에서 짓는 대신 미국 내 조선소를 새로 짓거나 지분을 인수해야 한다. §1025는 이 행정부 계획과 정면으로 충돌한다. [추정] 각서에 국가명은 없지만, 미국 조선소를 이미 소유한 한화(필리조선소) 같은 한국 업체가 이 조건에 가장 잘 맞는다.",정당·행정부 관계;조직 이해;한국 기업 투자,사실,S02;S03;https://www.whitehouse.gov/wp-content/uploads/2026/07/SAP-HR8800.pdf;https://www.whitehouse.gov/presidential-actions/2026/08/rebuilding-the-united-states-navy-and-americas-shipbuilding-industrial-base/;https://www.navalnews.com/naval-news/2024/12/hanwha-closes-100-million-philly-shipyard-acquisition/
Donald J. Trump,주한미군 감축 제한,1기 FY2021 거부권 메시지에서 한국 등지의 철수 제한을 대통령 권한 침해로 규정했다. 2기에서는 2026-08-13 각서로 해외 건조를 허용하는 등 동맹 자원 활용을 행정부 재량으로 추진하고 있다. [추정] 병력 감축 제한에 반대하는 이유는 동맹 자체를 부정해서가 아니라 행정부 재량을 지키고 비용 분담을 지렛대로 쓰려는 데 있다.,정당·행정부 관계;동맹관,사실,S04;https://www.whitehouse.gov/presidential-actions/2026/08/rebuilding-the-united-states-navy-and-americas-shipbuilding-industrial-base/
Elbridge A. Colby,주한미군 감축 제한,"인준 서면답변에서 위협 간 우선순위를 정하지 않으면 '과잉확장'과 '결정적 장소에서의 약화'를 부른다고 했다. 'America First' 접근에 따라 동맹이 '제 몫을 하도록(do their part)' 유도해야 한다고도 밝혔다. 한국에 대해서는 동맹 '조정(adapt)'과 한국 역할 강화를 지지했다. [추정] 28,500을 고정하면 대중국 우선순위에 따른 재배치 여지가 줄어들기 때문에 수치 약속을 피했다. 청문회 소개자는 그의 저서 『The Strategy of Denial』을 대중국 억지 전략서로 소개했다.",대중국 전략관;정당·행정부 관계;개인 경력,사실,S60;S61;data/raw/hearings/CHRG-119shrg62908.htm l.1764–1775;data/raw/hearings/CHRG-119shrg62908.htm l.618–622
Elbridge A. Colby,확장억제,"한국과의 전략 협력 확대가 '지금' 필요하다고 답하면서, 그 이유로 '중국과 북한 모두 핵전력을 급격히 늘리고 있다'는 점을 직접 들었다. [추정] 재래식 방위의 1차 책임은 한국에 넘기고, 핵 억제는 미국이 보장한다는 분업 구상과 맞는다.",대중국 전략관;동맹관,사실,S62;data/raw/hearings/CHRG-119shrg62908.htm l.1764–1775
Elbridge A. Colby,한미일,"한미일 협력이 고무적이라고 하면서도, 최근 6–8개월의 한국 국내정치를 보면 지속성이 분명하지 않다고 했다. 회의적인 이유가 한국 국내정치의 변동성이라고 본인이 밝힌 것이다.",동맹관;대중국 전략관,사실,S63
Xavier T. Brunson (Gen.),주한미군 감축 제한,한반도가 미국 국익과 직결되며 주한미군이 한반도·지역 평화 유지를 전적으로 책임진다고 증언했다(후자는 보도로만 확인). 증언 당시 UNC/CFC/USFK 사령관이었다. [추정] 지휘하는 전력의 규모·임무를 지키는 것이 직책상 조직 이해와 일치한다.,조직 이해;동맹관,정황,S47;S49;data/raw/hearings/CHRG-119hhrg61487.htm l.101–102
Xavier T. Brunson (Gen.),방위비,"Smith 간사가 한미동맹이 상호 호혜적인지, 한국이 미국을 이용하는지 묻자 '상호 호혜적'이라고 답했다. [추정] 연합사령관으로서 한국 측 기여(현물 군사건설 등)와 연합 태세를 직접 관리하는 위치라 무임승차론에 반대할 유인이 있다.",조직 이해;동맹관,사실,S45;S48;S15
John Noh,해외 조선소/한국 조선 협력,"증언 당시 인태안보차관보 직무대행(Performing the Duties)이었고, Wilson 의원의 서면질의에 미군 자산 정비·군수 분야의 한미 방산협력 확대를 확인했다. [추정] 부처 정책 집행 현황을 보고한 성격이 강하고, 동아시아 담당 실무 책임자로서 조직 이해에 부합한다. 2025-12 상원 인준(보도)으로 같은 업무의 정식 책임자가 됐다.",조직 이해;동맹관,추정,S53;data/raw/hearings/CHRG-119hhrg61487.htm l.97;https://www.koreatimes.co.kr/foreignaffairs/20251220/senate-confirms-korean-american-official-as-assistant-secretary-of-defense-for-indo-pacific-security
House Armed Services Committee,주한미군 감축 제한,"§1247은 FY2026 §1268의 재원 금지를 FY2027로 연장하고, 범위를 다른 법률 재원까지 넓혔다. [추정] 위원장(공화)안 원문에 들어 있었고 간사(민주)가 유일 공동발의자이며 한국 조항에 기록표결이 없었다. 이 점에서 당파 쟁점이 아니라 의회 재정권으로 행정부의 태세 결정을 견제하려는 위원회 차원의 합의로 보인다.",위원회 직책;조직 이해;동맹관,추정,S05;S06;S07;S08
Mike Rogers,주한미군 감축 제한,"HASC 위원장으로서 §1243(→§1247) 확대 문안을 위원장안에 처음부터 넣었다. 2025 청문회에서는 '중국이 1차 적국이나 북한도 커지는 위협'이라고 했다. [추정] 위원장의 입법 주도권과 의회 재정권 방어가 핵심이며, 같은 당 행정부의 SAP 반대 후에도 본회의에서 조항을 고치지 않은 점이 이를 뒷받침한다. 지역구 AL-3에는 해당 조선소가 없다.",위원회 직책;동맹관;대중국 전략관,추정,S05;S44;https://unitedstates.github.io/congress-legislators/committee-membership-current.json;site_research/profiles/sources/census_geocoder_shipyards.json
Mike Rogers,해외 조선소/한국 조선 협력,위원장 en bloc으로 Golden의 해외 건조 금지(EB5)와 Wilson의 한국 조선협력 의회의사(EB3)를 함께 채택했다. 본인의 입장 진술은 없다. [추정] 위원장은 양쪽 요구를 모두 담는 중재자 역할을 했다. 앨라배마의 해군 조선소 Austal USA(모빌)는 AL-1에 있어 Rogers의 지역구(AL-3) 이해와는 직접 연결되지 않는다(센서스 지오코더 확인).,위원회 직책;기타,추정,S09;S12;site_research/profiles/sources/census_geocoder_shipyards.json
Adam Smith,방위비,2025 청문회에서 NATO와 한국에서 '손해 본다'는 식의 동맹 폄하를 직접 비판하고 동맹 호혜성을 물었다. [추정] 야당 간사로서 트럼프 행정부의 동맹 비용론에 맞서는 당파적 위치와 본인의 동맹관이 겹친다.,동맹관;정당·행정부 관계;위원회 직책,사실,S45;S46
Adam Smith,주한미군 감축 제한,[추정] H.R.8800의 유일 공동발의자(간사)로서 §1247을 포함한 위원장안 전체를 공동 책임졌다. 조항 자체에 대한 개인 발언은 확인하지 못했다. 동맹 폄하 비판(S46)과 일관된다.,위원회 직책;정당·행정부 관계;동맹관,추정,S05;S46
Joe Wilson,주한미군 감축 제한,"Wilson은 본인을 '의회 한국 코커스(Congressional Caucus on Korea) 수석 공동의장(Lead Co-Chair)'이라고 의사록에 밝혔고, 2025 청문회에서 평양 정권의 불안정성을 이유로 한국 방어 공약을 '철통'같이 유지해야 한다고 했다. 31년 군 복무(육군 법무관, 대령 예편) 경력이 있고, 네 아들도 모두 군 복무를 했다(공식 약력). HASC 다수당 서열 2위다.",개인 경력;동맹관;위원회 직책;기타,사실,S08;S55;data/raw/crec/CREC-2026-07-21.zip::CREC-2026-07-21-pt1-PgE717-6.htm;https://joewilson.house.gov/about/biography;https://unitedstates.github.io/congress-legislators/committee-membership-current.json
Joe Wilson,해외 조선소/한국 조선 협력,§1241(12) 문안이 이유를 직접 담고 있다. 한국과의 조선 협력이 '미국의 조선 능력과 인력을 강화하고 방산 기반을 보강'한다는 것이다. KITA 축하 발언에서는 지역구 SC-2가 '우리 주에 들어온 투자를 통해 한국과 연결돼 있다'고 했다. 다만 구체적 기업·금액은 밝히지 않았다(미확인). [추정] 한국 투자 유치라는 지역 이익과 코커스 활동이 겹친다.,한국 기업 투자;동맹관;기타,사실,S09;S10;data/raw/crec/CREC-2026-07-21.zip::CREC-2026-07-21-pt1-PgE717-6.htm
Jared Golden,해외 조선소/한국 조선 협력,"보도자료에서 이유를 '미국 군사비는 미국 일자리를 지원해야 한다'고 밝혔다. 같은 마크업에서 Bath Iron Works(BIW)의 DDG-51 1척 추가 건조 예산 5억 달러 증액안도 통과시켰다. 주의할 점은 BIW가 있는 Bath시(Sagadahoc 카운티)가 센서스 지오코더상 ME-1이며, Golden의 ME-2가 아니라는 것이다. [추정] BIW 노동자의 거주지가 ME-2에 걸쳐 있고 메인주 전체의 대표 산업이라는 점이 동기일 수 있으나, 거주 분포는 확인하지 못했다. 해병대 보병으로 아프간·이라크에 파병됐다(공식 약력).",지역구 산업·고용;개인 경력;기타,사실,S11;S12;https://golden.house.gov/media/press-releases/golden-wins-ndaa-amendment-to-block-pentagon-from-sending-us-shipbuilding-jobs-overseas;site_research/profiles/sources/census_geocoder_shipyards.json;https://golden.house.gov/about
Joe Courtney,해외 조선소/한국 조선 협력,[추정] 잠수함을 짓는 General Dynamics Electric Boat의 Groton 조선소가 지역구 CT-2 안에 있다(센서스 지오코더 확인). 본인은 HASC 해양력·전력투사(SPF) 소위 간사다. 해외 조선소 전투함 건조를 허용하면 국내 조선소의 수주·인력 계획과 경쟁하게 되므로 Golden안을 공동발의했다고 볼 수 있다. 본인 발언 원문은 확인하지 못했다. 같은 저자의 AUKUS 사이트도 Courtney를 '지역구(EB)+제도' 유형으로 분류했다.,지역구 산업·고용;위원회 직책,추정,S12;site_research/profiles/sources/census_geocoder_shipyards.json;https://unitedstates.github.io/congress-legislators/committee-membership-current.json;gitpages/us_legislature/aukus/data/house-members.csv (Courtney 행)
Ronny Jackson,대중국 경쟁 중 한국,"[추정] Jackson은 HASC 정보·특수작전 소위원장이자 HPSCI 감독·조사 소위원장이다. 그의 요구(한국 내 중국공산당 영향력이 주한미군에 주는 인적정보(HUMINT)·방위 위험 평가)는 정보 감독 직책의 관할과 정확히 겹친다. 해군 군의관으로 25년 복무했고(소장 예편) 백악관 주치의를 지냈다(공식 약력). 신원은 HASC 명단에 Jackson이 Ronny Jackson 한 명뿐이라는 점과 마크업 로그의 'Jackson, Ronny' 표기로 확인했다.",위원회 직책;대중국 전략관;개인 경력,추정,S13;S14;https://unitedstates.github.io/congress-legislators/committee-membership-current.json;https://jackson.house.gov/about
Pat Fallon,주한미군 감축 제한,2025 청문회에서 한반도와 오키나와 주둔 확대를 바라며 '전략적으로 중요하고 필수적'이라고 직접 이유를 밝혔다. [추정] 한반도를 대중국 전진 거점으로 보는 시각이다. HASC 군인사 소위원장이며 공군 장교로 복무했다(공식 약력).,대중국 전략관;위원회 직책;개인 경력,사실,S54;https://unitedstates.github.io/congress-legislators/committee-membership-current.json;https://fallon.house.gov/about
Seth Moulton,해외 조선소/한국 조선 협력,"많은 고위 해군 장교들이 한국·일본 같은 동맹국에서 함정 수리를 원하는데 왜 허용하지 않느냐고 물었다. 함정 정비 적체와 즉응태세를 이유로 든 것이다. [추정] 수리(MRO)를 겨냥한 주장으로, 신조(新造) 금지인 Golden안과는 범위가 다르다.",동맹관;대중국 전략관,사실,S57;https://unitedstates.github.io/congress-legislators/committee-membership-current.json
Seth Moulton,주한미군 감축 제한,"[추정] 주한 패트리엇 포대의 중동 전환을 비판했다. 미사일방어를 관할하는 전략군 소위 간사라는 직책과, 행정부의 전력 유출로 한반도 방어가 약해지는 데 대한 우려가 결합한 것으로 보인다. 야당 의원으로서 행정부 결정을 견제하는 성격도 있다.",위원회 직책;정당·행정부 관계;동맹관,추정,S56;https://unitedstates.github.io/congress-legislators/committee-membership-current.json
Brian Mast / Ami Bera,한미일,"Bera는 H.R.3429 발의자로 한미일을 '가장 전략적으로 중요한 파트너십'이라 했다. 그는 HFAC 동아시아·태평양 소위 간사, 의회 한국 코커스 공동의장, 한국 의회 연구모임(CSGK) 하원 공동의장을 맡고 있다. Mast는 HFAC 위원장으로서 한·일을 인태 핵심 조약동맹이라고 했다. [추정] 위원장의 법안 관리 역할과 Bera의 코커스·소위 직책이 결합한 지지다.",위원회 직책;동맹관;기타,사실,S20;S21;https://unitedstates.github.io/congress-legislators/committee-membership-current.json;https://bera.house.gov/news/press-releases/statement-from-the-co-chairs-of-the-congressional-korea-caucus-on-the-passing-of-congressman-gerry-connolly;https://www.usafmc.org/csg-cochairs
Zachary Nunn,한미일,"[추정] 수정안 #223 문안에는 이유가 없다. 다만 Nunn은 중국특위 위원이고, 공군 정보장교로 러시아·중국 연안 정찰비행을 했다(공식 약력). 대만 유사시 한국 등 동맹의 대응을 미리 평가하려는 요구는 대중국 억지 관점과 맞는다. HASC 위원은 아니다(119대 명단).",대중국 전략관;개인 경력,추정,S16;https://unitedstates.github.io/congress-legislators/committee-membership-current.json;https://nunn.house.gov/about
Senate Armed Services Committee,주한미군 감축 제한,"§1235는 28,500 미만 감축과 전작권 전환 완료에 대해 국방장관의 인증·평가 제출 후 60일까지 재원 사용을 금지한다. [추정] 감축을 막는 대신 '인증하면 풀리는' 유예형 구조다. 동맹 안심과 행정부 재량을 절충한 것이며, 공화당 위원장이 같은 당 행정부와의 충돌을 줄이는 설계로 보인다. 18-9 보고, 한국 조항에 대한 기록표결은 없었다.",위원회 직책;정당·행정부 관계;동맹관,추정,S23;S24;S31
Senate Armed Services Committee,해외 조선소/한국 조선 협력,"§1019는 해외 건조 금지에 대한 대통령 면제권을 없앴다. 대신 조약 동맹국 조선소에서 보조함 2개 급, 각 2척까지만 허용하고 국내 투자와 4번함까지의 국내 이전을 조건으로 달았다. 전투함은 허용 대상이 아니다. [추정] 위원장 Wicker의 미시시피에 있는 Ingalls(구축함·상륙함 건조)처럼 국내 전투함 조선소를 보호하면서 동맹 조선 능력은 제한적으로 쓰려는 절충이다. 한국은 조약 동맹이라 대상이 될 수 있다.",위원회 직책;지역구 산업·고용;동맹관,추정,S25;S26;https://www.hii.com/ingalls-shipbuilding
Senate Armed Services Committee,확장억제,보고서는 2025-11-13 트럼프-이재명 공동 팩트시트를 인용하며 한국과의 잠수함 제조 협력을 지지했다. 이유로는 '인도태평양 안정과 안보에 대한 긍정적 함의'를 들었다. 동시에 확산 위험 평가도 요구했다.,동맹관;대중국 전략관;위원회 직책,사실,S27;S28
Roger Wicker,주한미군 감축 제한,[추정] SASC 위원장이자 S.4784 발의·보고자로서 §1235 문안을 책임진다. 개인 발언 원문은 확인하지 못했다(wicker.senate.gov 403). 인증 조건부 유예 구조는 같은 당 행정부와의 마찰을 줄이면서 의회 관여를 유지하는 위원장의 절충으로 보인다.,위원회 직책;정당·행정부 관계,추정,S24;https://unitedstates.github.io/congress-legislators/committee-membership-current.json
Jack Reed,주한미군 감축 제한,2025 청문회에서 국방부가 주한미군을 줄이거나 대중국 임무로 바꿀 것이라는 소문을 제기했다(보도). 2021년에는 태평양억지구상(PDI)을 동맹 강화 수단으로 옹호했다. [추정] 야당 간사로서 행정부를 견제하는 역할을 한다. 웨스트포인트 졸업 후 82공수사단에서 복무한 경력(보도·검색 자료)도 동맹 태세 중시와 연결된다.,위원회 직책;정당·행정부 관계;동맹관;개인 경력,정황,S50;S67;S31;https://web.uri.edu/rotc/meet/jack-reed/
Jack Reed,확장억제,유럽 핵태세 변화가 '핵우산의 신뢰성에 의존하는' 한국 같은 아시아 동맹에 보낼 신호를 우려한다고 직접 밝혔다.,동맹관;위원회 직책,사실,S51
Dan Sullivan,주한미군 감축 제한,"Colby 인준 서면질의에서 28,500을 '공약의 가장 분명한 표시'라고 직접 규정했다. 한국 의회 연구모임(CSGK) 상원 공동의장이다(FMC). [추정] 30년간 해병대(예비역 대령)로 복무하며 대만해협·남중국해에 배치된 경력(보도·검색 자료)이 인태 전진배치 중시와 맞닿아 있다. 2026-09-30 발표된 한국의 알래스카 LNG 540억 달러 투자는 이 발언 이후의 일이므로 원인으로 볼 수 없으나, 향후 대한(對韓) 관계의 지역 이익이 된다.",동맹관;개인 경력;기타;한국 기업 투자,사실,S59;https://www.usafmc.org/csg-cochairs;https://www.adn.com/business-economy/energy/2026/09/30/trump-to-announce-south-korean-investment-in-alaska-natural-gas-pipeline/;https://www.alaskasnewssource.com/2024/02/15/sen-dan-sullivan-celebrated-3-decades-service-marine-corps/
Dan Sullivan,해외 조선소/한국 조선 협력,본인 팀이 해외 함정 수리 접근 확대 조항을 추진했으나 크게 축소됐다고 밝혔다(준비태세 소위 청문회 QFR). [추정] Sullivan은 SASC 준비태세·관리지원 소위원장이자 상무위 해안경비대·해양 소위원장이어서 함정 정비 적체가 직책상 관할 문제다. 국가명은 명시하지 않았다.,위원회 직책;동맹관,추정,S58;https://unitedstates.github.io/congress-legislators/committee-membership-current.json
Tim Kaine,북한,[추정] SA 5957(북한인권법 재승인)은 SFRC 위원이자 인권 관할 소위(서반구·민주주의·인권) 간사라는 직책과 맞는다. 본인 설명 발언은 확인하지 못했다. NDAA 수정안 형식은 미처리 법안을 실어 보내는 관행으로 보인다.,위원회 직책;기타,추정,S32;https://unitedstates.github.io/congress-legislators/committee-membership-current.json
Tom Cotton,한미일,[추정] SA 6373은 SSCI 위원장 Cotton과 부위원장 Warner가 공동 제출한 정보수권안 성격의 수정안이다. 한미일 3자 정보공유 촉진은 정보위 지도부의 위원회 산물로 보는 것이 자연스럽다. 개인 동기 발언은 확인하지 못했다.,위원회 직책;대중국 전략관,추정,S34;https://unitedstates.github.io/congress-legislators/committee-membership-current.json
David McCormick,해외 조선소/한국 조선 협력,"[추정] SA 5901은 조선이 아니라 무인체계 공동생산에 관한 수정안이다. McCormick은 SFRC 동아시아·태평양 소위 위원이다. 펜실베이니아에는 한화가 인수한 필리조선소(PA-5)가 있고, 한화가 50억 달러 투자를 발표(2025-08-27)했다. 같은 주 Fetterman과의 초당적 공동제안이라는 점에서 한국 방산·조선 투자를 반기는 주(州) 이익이 배경일 수 있으나, 수정안과의 직접 연결 근거는 없다.",한국 기업 투자;지역구 산업·고용;대중국 전략관,추정,S35;site_research/profiles/sources/census_geocoder_shipyards.json;https://www.hanwha.com/newsroom/news/press-releases/hanwha-announces-5-billion-philly-shipyard-investment-as-part-of-south-koreas-commitment-to-us-shipbuilding-growth.do;https://unitedstates.github.io/congress-legislators/committee-membership-current.json
ROK Ministry of National Defense,주한미군 감축 제한,트럼프의 주독미군 감축 검토 발언 직후 '감축 논의 없음'과 '안정적 주둔 협의'를 밝혔다(보도). [추정] 동맹 불안이 국내로 번지는 것을 막고 연합방위 태세가 지속된다는 신호를 주려는 정부 조직의 이해에 따른 대응이다. NDAA 조항에 대한 공식 논평은 찾지 못했다.,조직 이해;동맹관,정황,S68;S69
Daniel Choi (CMS 게재 기고),해외 조선소/한국 조선 협력,"기고문은 Golden안이 미국의 해양행동계획·'브리지 전략'(동맹 조선소 활용)과 한미 조선협력(MASGA)에 역행한다고 이유를 밝혔다. 다만 저자 Daniel Choi는 Pacific Forum 연구 인턴이자 Pomona College 학부생이며, 기고문에는 'CMS 입장이 아니다'라는 면책 문구가 있다. 따라서 이 입장을 CMS 기관 입장으로 보는 것은 과하다. CMS는 해군연맹(Navy League)이 후원하는 해양 연구기관이다.",동맹관;대중국 전략관;조직 이해,사실,S70;site_research/actors/sources/cms_choi_2026-06-17.html;https://centerformaritimestrategy.org/about/
Hanwha,해외 조선소/한국 조선 협력,[추정] 한화는 필리조선소를 인수(2024-12 완료)했고 50억 달러 투자를 발표하며 '장기적으로 미국 조선소에서 해군 함정 건조'를 목표로 내걸었다. 이 때문에 해외 건조를 허용하는 행정부 'Finland Model'(미국 조선소 소유·투자 조건)의 수혜 후보다. 반면 §1025는 '해외 조선소' 건조만 막으므로 미국 내 필리조선소 건조는 직접 대상이 아닐 수 있다. 한국 본토 조선소 건조는 막힌다. 공개 입장·LDA 공시는 확보하지 못했다.,조직 이해;한국 기업 투자,추정,S65;https://www.hanwha.com/newsroom/news/press-releases/hanwha-announces-5-billion-philly-shipyard-investment-as-part-of-south-koreas-commitment-to-us-shipbuilding-growth.do;https://www.navalnews.com/naval-news/2024/12/hanwha-closes-100-million-philly-shipyard-acquisition/;https://www.whitehouse.gov/presidential-actions/2026/08/rebuilding-the-united-states-navy-and-americas-shipbuilding-industrial-base/
