id,bill,version,section,heading,relation,category,quote,summary_ko,korea_link,source_url,locator,basis,quote_verified
P01,H.R. 8800,RH·EH,§1241,Sense of Congress on defense alliances and partnerships in the Indo-Pacific region,직접,K1;K2;K6,"(2) reinforcing the United States alliance with the Republic of Korea, including by maintaining the presence of approximately 28,500 members of the United States Armed Forces deployed to the Republic of Korea, enhancing mutual defense base cooperation, and affirming the United States extended deterrence commitment using the full range of United States defense capabilities, consistent with the Mutual Defense Treaty Between the United States and the Republic of Korea, signed at Washington, October 1, 1953, in support of the shared objective of a peaceful and stable Korean Peninsula;","인태 동맹 의회 의사(구속력 없음). 주한미군 약 28,500명 유지·상호 방위기지 협력·확장억제 공약 재확인. RH와 EH 문자 일치","28,500명·확장억제·1953 상호방위조약 명시",https://www.congress.gov/119/bills/hr8800/BILLS-119hr8800eh.xml,data/raw/bills/hr8800_eh.xml :: Div.A Title XII §1241(2) (+data/raw/bills/hr8800_rh.xml),사실,yes
P02,H.R. 8800,RH·EH,§1247,Oversight of United States military posture on the Korean peninsula,직접,K1,Section 1268 of the National Defense Authorization Act for Fiscal Year 2026 (Public Law 119–60) is amended by striking Amounts authorized to be appropriated by this Act may not be obligated or expended and inserting None of the amounts authorized to be appropriated by this Act or otherwise made available for fiscal years 2026 or 2027 may be obligated or expended .,"FY2026 §1268(주한미군 28,500 하한·전작권 전환 제한)의 재원 범위를 'FY2026·2027 다른 법률 재원'까지 확대하는 개정 조문. RH와 EH 문자 일치. OMB SAP가 반대 명시",주한미군 감축·전작권 전환 완료에 대한 재원 제한 연장·확대,https://www.congress.gov/119/bills/hr8800/BILLS-119hr8800eh.xml,data/raw/bills/hr8800_eh.xml :: Div.A Title XII §1247 (+data/raw/bills/hr8800_rh.xml),사실,yes
P03,H.R. 8800,RH·EH,§2511,Republic of Korea funded construction projects,직접,K3,"Pursuant to agreement with the Republic of Korea for required in-kind contributions, the Secretary of Defense may accept military construction projects for the installations or locations in the Republic of Korea, and in the amounts, set forth in the following table:","한국 현물지원(방위비분담 일부) 군사건설 7건 수용 승인: 오산 2건, 캠프 워커, 험프리스 송유관, 캠프 무적, 예천, 진해. 보고서 기준 총 $416.5M",한국 부담 건설사업 승인(SMA 현물지원),https://www.congress.gov/119/bills/hr8800/BILLS-119hr8800eh.xml,data/raw/bills/hr8800_eh.xml :: Div.B Title XXV §2511 (+data/raw/bills/hr8800_rh.xml),사실,yes
P04,H.R. 8800,RH·EH,§2401,Authorized Defense Agencies construction and land acquisition projects,직접,K3,"Korea Kunsan Air Base $65,000,000",국방기관 해외 건설사업 표에 군산 공군기지 $65M 포함(상원 §2401 동일 금액),주한 미군기지(군산) 건설 승인,https://www.congress.gov/119/bills/hr8800/BILLS-119hr8800eh.xml,data/raw/bills/hr8800_eh.xml :: Div.B §2401(b) 표 (+data/raw/bills/hr8800_rh.xml),사실,yes
P05,H.R. 8800,RH·EH,§4601,Military construction (funding table),직접,K3,"Korea Def-Wide Kunsan Air Base Ambulatory Care Center Replacement 65,000 65,000","군사건설 예산표: 군산 공군기지 외래진료센터 교체 요청 65,000(천달러)=승인 65,000",주한 미군기지 의료시설 예산,https://www.congress.gov/119/bills/hr8800/BILLS-119hr8800eh.xml,data/raw/bills/hr8800_eh.xml :: Div.D §4601 표 (+data/raw/bills/hr8800_rh.xml),사실,yes
P06,H.R. 8800,RH·EH,§4301,Operation and maintenance (funding table),직접,K1,"190 US FORCES KOREA 77,775 77,775","운영유지비 표 line 190 주한미군(USFK) 요청 77,775 = 하원 승인 77,775(천달러, 변경 없음)",USFK 운영유지 예산 라인,https://www.congress.gov/119/bills/hr8800/BILLS-119hr8800eh.xml,data/raw/bills/hr8800_eh.xml :: Div.D §4301 표 line 190 (+data/raw/bills/hr8800_rh.xml),사실,yes
P07,H.R. 8800,RH·EH,§1245,Extension and modification of annual report on military and security developments involving the People’s Republic of China,직접(북한),K5;K7,"(14) An assessment of the character, extent, trajectory, and consequences of security cooperation between the People’s Republic of China and the Russian Federation, the Islamic Republic of Iran, and North Korea",중국군사력 보고서에 중국-러시아·이란·북한 안보협력 평가 항목 추가,중·북 안보협력 평가,https://www.congress.gov/119/bills/hr8800/BILLS-119hr8800eh.xml,data/raw/bills/hr8800_eh.xml :: Div.A §1245 (+data/raw/bills/hr8800_rh.xml),사실,yes
P08,H.R. 8800,RH·EH,§1058,Prohibition on Department of Defense contracts with certain foreign-owned online tutoring services,직접(북한),K5,"(b) Country of concern defined In this section, the term country of concern means any of the following: (1) China. (2) Russia. (3) Iran. (4) North Korea.",온라인 튜터링 계약 금지 대상 '우려국'에 북한 포함,북한을 우려국으로 정의(일반 조항),https://www.congress.gov/119/bills/hr8800/BILLS-119hr8800eh.xml,data/raw/bills/hr8800_eh.xml :: Div.A §1058 (+data/raw/bills/hr8800_rh.xml),사실,yes
P09,H.R. 8800,RH·EH,§1803,Critical materials: tiered sourcing restrictions and requirements,직접(북한),K5;K4,(5) The term covered nation means— (A) the Democratic People’s Republic of North Korea; (B) the People’s Republic of China; (C) the Russian Federation; and (D) the Islamic Republic of Iran.,핵심광물 조달 단계별 제한의 '대상국'에 북한 포함,공급망 제한 대상국 정의(북한),https://www.congress.gov/119/bills/hr8800/BILLS-119hr8800eh.xml,data/raw/bills/hr8800_eh.xml :: Div.A §1803 (+data/raw/bills/hr8800_rh.xml),사실,yes
P10,H.R. 8800,RH·EH,§1835,Additional guidance related to advanced manufacturing,직접(북한),K5,"risk-based policies and best practices to prevent the dissemination of information or capabilities that enable influence of entities located in China, Russia, Iran, or North Korea over the production of parts",첨단제조 지침에 중·러·이란·북한 영향 차단 정책 포함,북한 언급(일반 조항),https://www.congress.gov/119/bills/hr8800/BILLS-119hr8800eh.xml,data/raw/bills/hr8800_eh.xml :: Div.A §1835 (+data/raw/bills/hr8800_rh.xml),사실,yes
P11,H.R. 8800,RH·EH,§2825,Restrictions on data facility equipment placed on facilities leased from the Department of Defense,직접(북한),K5,The term covered nation shall mean— (A) China; (B) Russia; (C) Iran; or (D) North Korea.,국방부 임대부지 데이터시설 장비 제한 대상국에 북한 포함(SAP는 §2825 재검토 요구),북한 언급(일반 조항),https://www.congress.gov/119/bills/hr8800/BILLS-119hr8800eh.xml,data/raw/bills/hr8800_eh.xml :: Div.B §2825 (+data/raw/bills/hr8800_rh.xml),사실,yes
P12,H.R. 8800,RH·EH,§2866,Annual report on effects of extreme weather on Department of Defense military installations and combatant commander requirements,직접(북한),K5,"An assessment of how adapting to extreme weather affects the readiness of the Armed Forces to address the threats posed by Russia, China, Iran, North Korea, and violent extremism.",극한기상 보고서에 북한 위협 대응태세 평가 포함,북한 언급(일반 조항),https://www.congress.gov/119/bills/hr8800/BILLS-119hr8800eh.xml,data/raw/bills/hr8800_eh.xml :: Div.B §2866(b)(7) (+data/raw/bills/hr8800_rh.xml),사실,yes
P13,H.R. 8800,EH,§1255,Annual report on Taiwan capabilities and intelligence support,직접,K6,"(16) An assessment regarding how Japan, the Republic of Korea, the Philippines, Vietnam, and Australia would likely respond to contingencies, including— (A) a military strike or invasion of Taiwan","대만 역량 연례보고서에 대만 유사시 한국·일본 등의 대응 전망 평가 추가. RH에 없고 EH에만 있음(H.Rept.119-755 Part A #223, en bloc No.4로 채택)",대만 유사시 한국 대응 평가 의무,https://www.congress.gov/119/bills/hr8800/BILLS-119hr8800eh.xml,data/raw/bills/hr8800_eh.xml :: Div.A §1255(16),사실,yes
P14,H.R. 8800,EH,§878,"Elimination of use of certain payment processing equipment, systems, or services",직접(북한),K5,The term country of concern means— (A) China; (B) Russia; (C) the Islamic Republic of Iran; (D) North Korea;,"결제단말 등 우려국 장비 사용 금지. EH에만 있음(H.Rept.119-755 #105, en bloc No.2)",북한 언급(일반 조항),https://www.congress.gov/119/bills/hr8800/BILLS-119hr8800eh.xml,data/raw/bills/hr8800_eh.xml :: Div.A §878(e)(1),사실,yes
P15,H.R. 8800,EH,§2829,Report on counterintelligence risks associated with real property transactions near military installations,직접(북한),K5,(D) the Government of the Democratic People’s Republic of Korea;,"미군기지 인근 부동산 거래 방첩위험 보고서. 대상에 북한 정부 포함. EH에만 있음(H.Rept.119-755 #38, en bloc No.1)",북한 언급(일반 조항),https://www.congress.gov/119/bills/hr8800/BILLS-119hr8800eh.xml,data/raw/bills/hr8800_eh.xml :: Div.B §2829,사실,yes
P16,H.R. 8800,RH·EH,§1025,Limitation on use of funds for procurement of a battle force ship,간접,K4,None of the funds authorized to be appropriated by this Act for fiscal year 2027 for the Department of the Navy may be obligated or expended to enter into a contract for the procurement of a battle force ship to be built a foreign shipyard that is to be commissioned a United States Ship (USS) warship.,해외 조선소 건조 전투함(USS 취역 대상) 조달 계약에 FY2027 재원 사용 금지. 보조함은 대상 아님. OMB SAP가 '강력 반대',[추정] 한국 조선소(HD현대·한화오션·삼성중공업)의 미 해군 전투함 건조 참여 가능성을 차단. 한국 명시는 없음,https://www.congress.gov/119/bills/hr8800/BILLS-119hr8800eh.xml,data/raw/bills/hr8800_eh.xml :: Div.A §1025 (+data/raw/bills/hr8800_rh.xml),추정,yes
P17,H.R. 8800,RH·EH,§1018,"Contracting reform for surface ship maintenance, repair, and overhaul",간접,K4,"(e) Applicability of foreign shipyard restrictions The limitations under section 8680 of title 10, United States Code, shall apply with respect to the maintenance, repair, and overhaul of covered vessels pursuant to any task order issued under the contract required under subsection (a)(1).","수상함 MRO IDIQ 계약 신설, 해외 조선소 정비 제한(10 U.S.C. 8680)을 그대로 적용",[추정] 한국 조선소의 미 해군 함정 MRO 확대에 제약 유지 신호. 한국 명시 없음,https://www.congress.gov/119/bills/hr8800/BILLS-119hr8800eh.xml,data/raw/bills/hr8800_eh.xml :: Div.A §1018(e) (+data/raw/bills/hr8800_rh.xml),추정,yes
P18,H.R. 8800,RH·EH,§1242,Extension of Pacific Deterrence Initiative,간접,K6,by striking the National Defense Authorization Act for Fiscal Year 2026 and inserting the National Defense Authorization Act for Fiscal Year 2027,태평양억지구상(PDI) 재원 근거를 FY2027로 연장(상원 §1232와 달리 USFK 명시 없음),[추정] 인태 태세 재원 프레임. 한국 명시 없음,https://www.congress.gov/119/bills/hr8800/BILLS-119hr8800eh.xml,data/raw/bills/hr8800_eh.xml :: Div.A §1242(a) (+data/raw/bills/hr8800_rh.xml),추정,yes
P19,H.R. 8800,RH·EH,§903,Oversight of geographic combatant commands,간접,K1,Section 916(a) of the National Defense Authorization Act for Fiscal Year 2026 (Public Law 119–60 ; 139 Stat. 1022) is amended by inserting or fiscal year 2027 after fiscal year 2026 .,지역 전투사령부 변경·통합 사전보고 의무(FY2026 §916)를 FY2027로 연장. SAP가 강력 반대,[추정] 인도태평양사령부·주한미군 지휘구조 개편 시 의회 사전통보 요건으로 작용할 수 있음,https://www.congress.gov/119/bills/hr8800/BILLS-119hr8800eh.xml,data/raw/bills/hr8800_eh.xml :: Div.A §903 (+data/raw/bills/hr8800_rh.xml),추정,yes
P20,H.R. 8800,RH·EH,§1232,Extension and modification of oversight of United States military posture in Europe,간접,K1,"Section 1249 of the National Defense Authorization Act for Fiscal Year 2026 (Public Law 119–60) is amended— (1) in subsection (a), by inserting or fiscal year 2027 after fiscal year 2026",유럽 주둔 미군 태세 감독 조항 연장. SAP가 §§1231·1232·1233·1247을 묶어 '대통령의 글로벌 태세 결정권 제약'으로 반대,[추정] 해외 주둔 감축 제한 조항군의 일부로 한국 조항(§1247)과 같은 논리로 묶여 행정부 반대를 받음,https://www.congress.gov/119/bills/hr8800/BILLS-119hr8800eh.xml,data/raw/bills/hr8800_eh.xml :: Div.A §1232 (+data/raw/bills/hr8800_rh.xml),추정,yes
P21,H.R. 8800,EH,§3603,Sense of Congress (SHIPS for America Act of 2026),간접,K4,(24) seek mutually beneficial relationships with treaty allies and strategic partners to grow the domestic shipping and shipbuilding industries of the United States,EH Div.C Title XXXVI에 'SHIPS for America Act of 2026' 수록(RH에는 일부만). 조약동맹과의 조선 협력 의회 의사,[추정] 한국은 조약동맹으로 대상 범주에 해당. 한국 명시 없음,https://www.congress.gov/119/bills/hr8800/BILLS-119hr8800eh.xml,data/raw/bills/hr8800_eh.xml :: Div.C §3603(24),추정,yes
P22,H.R. 8800,EH,§3631,Sealift capability,간접,K4,(3) Vessels of countries that are defense treaty allies of the United States.,전략해상수송 선박 확보 우선순위 3순위에 방위조약 동맹국 선박,[추정] 한국 선박이 3순위 범주에 포함될 수 있음. 한국 명시 없음,https://www.congress.gov/119/bills/hr8800/BILLS-119hr8800eh.xml,data/raw/bills/hr8800_eh.xml :: Div.C §3631(46 U.S.C. 59103),추정,yes
P23,H.R. 8800,EH,§3665,Assessment of the use of commercial best practices for Navy shipbuilding,간접,K4,including best practices used by commercial shipyards in foreign allied countries,해군 조선에 동맹국 상업 조선소 모범사례 활용 평가,[추정] 한국 조선소가 사실상 벤치마크 대상. 한국 명시 없음,https://www.congress.gov/119/bills/hr8800/BILLS-119hr8800eh.xml,data/raw/bills/hr8800_eh.xml :: Div.C §3665(a)(2)(A),추정,yes
P24,S. 4784,RS,§1235,Oversight of United States military posture on the Korean Peninsula,직접,K1,"Amounts authorized to be appropriated by this Act may not be obligated or expended to reduce the approximate total number of members of the Armed Forces that are permanently stationed in, or deployed to, the Republic of Korea to below 28,500, or to complete the transition of wartime operational control of the United States-Republic of Korea Combined Forces Command from United States-led command to Republic of Korea-led command, until the date that is 60 days after the date on which the certification described in subsection (b) and the applicable assessment described in subsection (c) are submitted to the appropriate committees of Congress.","상원판 독립 조문: 28,500 미만 감축·전작권 전환 완료에 재원 사용 금지, 인증·평가 제출 후 60일 경과 시 해제. FY2026 §1268의 '양자 합의 계획 이탈' 단서 삭제, 분기별 전작권 로드맵 보고(2030년까지) 신설",주한미군 하한·전작권,https://www.congress.gov/119/bills/s4784/BILLS-119s4784rs.xml,data/raw/bills/s4784_rs.xml :: Div.A Title XII §1235(a),사실,yes
P25,S. 4784,RS,§1251,Sense of Congress on defense alliances and partnerships in the Indo-Pacific region,직접,K1;K2;K6,"(2) reinforcing the United States alliance with the Republic of Korea, including by maintaining the presence of approximately 28,500 members of the United States Armed Forces deployed to the Republic of Korea, enhancing mutual defense industrial base cooperation, responsibly implementing the conditions-based transition of wartime operational control, and affirming the United States extended deterrence commitment using the full range of United States defense capabilities","상원판 의회 의사: 28,500·'방위산업기반' 협력·조건기반 전작권 전환·확장억제. (1)항 일본 조항에 한국 포함 다자협력 명시","28,500·전작권·확장억제·방산협력",https://www.congress.gov/119/bills/s4784/BILLS-119s4784rs.xml,data/raw/bills/s4784_rs.xml :: Div.A §1251(2),사실,yes
P26,S. 4784,RS,§1251,Sense of Congress on defense alliances and partnerships in the Indo-Pacific region,직접,K6,"fostering multilateral cooperation with the Republic of Korea, the Philippines, Australia, and other partners",일본 협력 항목 안에 한국 등과의 다자협력(한미일 포함 취지) 명시,한미일·다자협력,https://www.congress.gov/119/bills/s4784/BILLS-119s4784rs.xml,data/raw/bills/s4784_rs.xml :: Div.A §1251(1),사실,yes
P27,S. 4784,RS,§2511,Republic of Korea funded construction projects,직접,K3,"Pursuant to agreement with the Republic of Korea for required in-kind contributions, the Secretary of Defense may accept military construction projects for the installations or locations in the Republic of Korea, and in the amounts, set forth in the following table:",하원 §2511과 같은 7개 사업(문자 일치),한국 부담 건설사업,https://www.congress.gov/119/bills/s4784/BILLS-119s4784rs.xml,data/raw/bills/s4784_rs.xml :: Div.B §2511,사실,yes
P28,S. 4784,RS,§1236,Indo-Pacific Regional Sustainment Framework,직접,K4;K6,The term covered country means— (A) the Republic of Korea; (B) Japan; (C) Australia;,"인태 지역 공동정비(co-sustainment) 프레임워크 신설, 대상국 첫머리에 한국. 동맹 산업기반 활용·공동생산 목적",한국 방산·정비(MRO) 산업 활용 대상국,https://www.congress.gov/119/bills/s4784/BILLS-119s4784rs.xml,data/raw/bills/s4784_rs.xml :: Div.A §1236(g)(2),사실,yes
P29,S. 4784,RS,§1232,Extension and modification of Pacific Deterrence Initiative,직접,K6;K1,including United States Forces Korea and United States Forces Japan,PDI 연장 + 인태사령관 독립평가에 USFK·USFJ 소요 포함,PDI에 주한미군 소요 반영,https://www.congress.gov/119/bills/s4784/BILLS-119s4784rs.xml,data/raw/bills/s4784_rs.xml :: Div.A §1232(b)(1)(B),사실,yes
P30,S. 4784,RS,§749,Expansion of authorities to enable interoperability among military health care professionals of the United States and partner countries,직접,K8,(E) Japan. (F) The Republic of Korea. (G) France.,국방부 면허요건 인정 대상 외국 의료인 국가에 한국 추가,한미 군 의료 상호운용,https://www.congress.gov/119/bills/s4784/BILLS-119s4784rs.xml,data/raw/bills/s4784_rs.xml :: Div.A §749(a),사실,yes
P31,S. 4784,RS,§1085,Declassification of information concerning United States personnel classified as prisoner of war or missing in action during certain conflicts,직접,K5;K8,"any POW/MIA from World War II, the Korean War, or the Vietnam War",제2차대전·한국전쟁·베트남전 전쟁포로/실종자 관련 정보 비밀해제,한국전쟁 포로·실종자,https://www.congress.gov/119/bills/s4784/BILLS-119s4784rs.xml,data/raw/bills/s4784_rs.xml :: Div.A §1085,사실,yes
P32,S. 4784,RS,§2401,Authorized Defense agencies construction and land acquisition projects,직접,K3,"Korea Kunsan Air Base $65,000,000",군산 공군기지 $65M(하원과 동일),주한 미군기지 건설,https://www.congress.gov/119/bills/s4784/BILLS-119s4784rs.xml,data/raw/bills/s4784_rs.xml :: Div.B §2401(b) 표,사실,yes
P33,S. 4784,RS,§4301,Operation and maintenance (funding table),직접,K1,"190 US FORCES KOREA 77,775 77,775","USFK 운영유지 line 190 요청=승인 77,775(천달러)",USFK 예산 라인,https://www.congress.gov/119/bills/s4784/BILLS-119s4784rs.xml,data/raw/bills/s4784_rs.xml :: Div.D §4301 표 line 190,사실,yes
P34,S. 4784,RS,§4601,Military construction (funding table),직접,K3,"Korea Defense-Wide Kunsan Air Base AMBULATORY CARE CENTER REPLACEMENT 65,000 65,000","군산 외래진료센터 교체 65,000(천달러)",주한 미군기지 의료시설,https://www.congress.gov/119/bills/s4784/BILLS-119s4784rs.xml,data/raw/bills/s4784_rs.xml :: Div.D §4601 표,사실,yes
P35,S. 4784,RS,§811,Consolidation and rationalization of restrictions on procurement from certain foreign countries,직접(북한),K5;K4,(A) the Democratic People’s Republic of Korea (North Korea);,특정국 조달 제한 통합 조항의 대상국에 북한,북한 언급(일반 조항),https://www.congress.gov/119/bills/s4784/BILLS-119s4784rs.xml,data/raw/bills/s4784_rs.xml :: Div.A §811,사실,yes
P36,S. 4784,RS,§1224,United States-Ukraine Strategic Defense Innovation Working Group,직접(북한),K5,"such as the Russian Federation, the People's Republic of China, Iran, and the Democratic People’s Republic of Korea",미·우크라 방산혁신 작업반 공급망 분석에서 북한 등 우려국 의존 제거,북한 언급(일반 조항),https://www.congress.gov/119/bills/s4784/BILLS-119s4784rs.xml,data/raw/bills/s4784_rs.xml :: Div.A §1224,사실,yes
P37,S. 4784,RS,§1541,"Sense of the Senate, Inspector General review, and restoration and remediation plans for United States Army, Kwajalein Atoll, and the Ronald Reagan Space and Missile Test Range",직접(북한),K5,"rapidly expanding Chinese, Russian, and North Korean capabilities",콰절린 시험장 관련 상원 의사에 북한 능력 확대 언급,북한 언급,https://www.congress.gov/119/bills/s4784/BILLS-119s4784rs.xml,data/raw/bills/s4784_rs.xml :: Div.A §1541(a),사실,yes
P38,S. 4784,RS,§1019,Construction of vessels in foreign shipyards,간접,K4,"the Secretary of Defense may construct not more than two vessels for each class of covered vessels in a foreign shipyard, if the Secretary determines that— (A) such construction is in the national security interest of the United States, supported by evidence, for purposes of interoperability with allies and partners, forward logistics support, or accelerating achievement of fleet capacity requirements; (B) the foreign country in which construction is proposed— (i) is a treaty ally of the United States;",10 U.S.C. 8679 대통령 면제권 삭제 + 조약동맹국 조선소에서 비전투함(유류수송함·전략해상수송함) 급별 2척까지 건조 허용(국내 투자·4번함까지 국내화 조건),[추정] 한국은 조약동맹으로 요건 충족 가능 → 한국 조선소의 미군 보조함 건조 통로. 반면 대통령 면제권 삭제로 전투함 해외건조는 더 어려워짐. 한국 명시 없음,https://www.congress.gov/119/bills/s4784/BILLS-119s4784rs.xml,data/raw/bills/s4784_rs.xml :: Div.A §1019(b)(1),추정,yes
P39,S. 4784,RS,§1521,Multipolar nuclear deterrence strategy and theater-range nuclear capabilities,간접,K2,a detailed assessment of the role of the nuclear-armed sea-launched cruise missile and any additional theater nuclear capabilities in strengthening regional and extended deterrence,전구급 핵능력(지상·공중 발사) 개발 프로그램 허용 + SLCM-N 등의 지역·확장억제 역할 평가,[추정] 대한(對韓) 확장억제 수단과 직결. 한국 명시 없음,https://www.congress.gov/119/bills/s4784/BILLS-119s4784rs.xml,data/raw/bills/s4784_rs.xml :: Div.A §1521(b)(2)(G),추정,yes
P40,S. 4784,RS,§1209,Notification of intent to decrease United States Armed Forces presence in North Atlantic Treaty Organization member country,간접,K1,Not less than 120 days before decreasing the permanent or rotational United States Armed Forces presence in a North Atlantic Treaty Organization member country,NATO 회원국 주둔 감축 120일 전 평가 제출 의무(전쟁권한 보고 시 예외),[추정] 해외주둔 감축 제한의 유럽판 — 한국(§1235)과 병렬 구조. 한국 명시 없음,https://www.congress.gov/119/bills/s4784/BILLS-119s4784rs.xml,data/raw/bills/s4784_rs.xml :: Div.A §1209(a),추정,yes
P41,H.R. 8800,H.Rept. 119-698,§1247 설명,Sec. 1247--Oversight of United States Military Posture on the Korean Peninsula,직접,K1,This section would extend to fiscal year 2027 the prohibition of funds related to oversight of United States military posture on the Korean Peninsula pursuant to section 1268 of the National Defense Authorization Act for Fiscal Year 2026 (Public Law 119-60).,하원 위원회의 §1247 해설: FY2026 §1268 재원 금지를 FY2027로 연장,주한미군 조항 취지,https://www.govinfo.gov/content/pkg/CRPT-119hrpt698/html/CRPT-119hrpt698.htm,data/raw/reports/CRPT-119hrpt698.htm :: p.368(목차 기준),사실,yes
P42,H.R. 8800,H.Rept. 119-698,ISI,Assessment of Chinese Communist Party Malign Influence within the Republic of Korea,직접,K7,"The committee directs the Secretary of Defense to provide a briefing to the House Committee on Armed Services not later than December 1, 2026, detailing malign influence by the Chinese Communist Party within the Republic of Korea and its implications to the defense interests of the United States.",한국 내 중국공산당 악성 영향 브리핑(2026-12-01까지) 지시,한국 내 중국 영향력,https://www.govinfo.gov/content/pkg/CRPT-119hrpt698/html/CRPT-119hrpt698.htm,data/raw/reports/CRPT-119hrpt698.htm :: p.341(목차 기준),사실,yes
P43,H.R. 8800,H.Rept. 119-698,ISI,Countering Adversarial Gray Zone Campaigns,직접(북한),K5,"The committee notes that the People's Republic of China, the Russian Federation, the Islamic Republic of Iran, the Democratic People's Republic of Korea, and other foreign adversaries increasingly employ integrated gray zone tactics","회색지대 작전 대응 브리핑(2027-03-01까지), 북한을 행위자로 명시",북한 회색지대,https://www.govinfo.gov/content/pkg/CRPT-119hrpt698/html/CRPT-119hrpt698.htm,data/raw/reports/CRPT-119hrpt698.htm :: p.301(목차 기준),사실,yes
P44,H.R. 8800,H.Rept. 119-698,§2511 설명,Sec. 2511--Republic of Korea Funded Construction Projects,직접,K3,This section would authorize the Secretary of Defense to accept seven military construction projects totaling $416.5 million pursuant to agreement with the Republic of Korea for required in-kind contributions.,한국 현물지원 7건 총 $416.5M,방위비분담 현물,https://www.govinfo.gov/content/pkg/CRPT-119hrpt698/html/CRPT-119hrpt698.htm,data/raw/reports/CRPT-119hrpt698.htm :: p.488(목차 기준),사실,yes
P45,H.R. 8800,H.Rept. 119-698,§1025 설명,Sec. 1025--Limitation on Use of Funds for Procurement of a Battle Force Ship,간접,K4,"This section would prohibit any of the funds authorized to be appropriated by this Act from being obligated or expended for the procurement of a battle force ship to be built in a foreign shipyard, if that ship will be commissioned a United States Ship.",해외건조 전투함 조달 금지 취지,[추정] 한국 조선소 전투함 건조 차단,https://www.govinfo.gov/content/pkg/CRPT-119hrpt698/html/CRPT-119hrpt698.htm,data/raw/reports/CRPT-119hrpt698.htm :: p.326(목차 기준),추정,yes
P46,S. 4784,S.Rept. 119-127,§1235 설명,Sec. 1235--Oversight of United States military posture on the Korean Peninsula,직접,K1,until 90 days after the Secretary of Defense submits an assessment and certification to the appropriate committees of the Congress,보고서 요약은 '90일'로 기술 — 법안 문안(60일)과 불일치. 법적 효력은 문안(60일),주한미군·전작권 조항 해설(기간 불일치 주의),https://www.govinfo.gov/content/pkg/CRPT-119srpt127/html/CRPT-119srpt127.htm,data/raw/reports/CRPT-119srpt127.htm :: p.250(목차 기준),사실,yes
P47,S. 4784,S.Rept. 119-127,§1232 설명,Sec. 1232--Extension and modification of Pacific Deterrence Initiative,직접,K6;K1,"The provision would also require that the requirements of the subordinate unified commands of United States Indo-Pacific Command, including United States Forces Korea and United States Forces Japan, are included in the PDI.",PDI에 USFK 소요 포함 요구,PDI-주한미군,https://www.govinfo.gov/content/pkg/CRPT-119srpt127/html/CRPT-119srpt127.htm,data/raw/reports/CRPT-119srpt127.htm :: p.250(목차 기준),사실,yes
P48,S. 4784,S.Rept. 119-127,ISI,Assessment of Chinese Communist Party malign influence within the Republic of Korea,직접,K7,Of particular concern are China's malign influence efforts in the Republic of Korea.,한국 내 중국공산당 영향 브리핑(2027-05-01까지),한국 내 중국 영향력,https://www.govinfo.gov/content/pkg/CRPT-119srpt127/html/CRPT-119srpt127.htm,data/raw/reports/CRPT-119srpt127.htm :: p.255(목차 기준),사실,yes
P49,S. 4784,S.Rept. 119-127,ISI,Assessment of United States-Republic of Korea integration and operational use of emerging technologies,직접,K6;K7,The committee strongly supports efforts to build the combined capabilities of the United States and Republic of Korea militaries,한미 연합작전의 AI·사이버·무인체계 통합 브리핑(2027-01-15까지),한미 신흥기술 통합,https://www.govinfo.gov/content/pkg/CRPT-119srpt127/html/CRPT-119srpt127.htm,data/raw/reports/CRPT-119srpt127.htm :: p.257(목차 기준),사실,yes
P50,S. 4784,S.Rept. 119-127,ISI,"Comptroller General review of impact of delays in foreign military sales to Japan, Taiwan, South Korea, and Philippines",직접,K4;K6,"a report on the manner in which delays in United States weapons sales to Japan, Taiwan, South Korea, and the Philippines through the foreign military sales process affect the ability of the Department of Defense to build, posture, and sustain a strong denial defense in the First Island Chain",GAO에 한국 등 FMS 인도 지연 영향 검토 지시(신규 확인),대한 FMS 지연,https://www.govinfo.gov/content/pkg/CRPT-119srpt127/html/CRPT-119srpt127.htm,data/raw/reports/CRPT-119srpt127.htm :: p.258(목차 기준),사실,yes
P51,S. 4784,S.Rept. 119-127,ISI,Report on United States and South Korean cooperation on nuclear powered submarines,직접,K2;K4,The committee supports bilateral cooperation on submarine manufacturing with South Korea and acknowledges the potential positive implications for stability and security in the Indo-Pacific region.,"2025-11-13 한미 정상 공동팩트시트 인용, 한국 핵추진(재래식 무장) 잠수함 협력 범위·비용·확산위험·전작권 영향 보고(2027-02-01까지)",한국 핵추진잠수함,https://www.govinfo.gov/content/pkg/CRPT-119srpt127/html/CRPT-119srpt127.htm,data/raw/reports/CRPT-119srpt127.htm :: p.262(목차 기준),사실,yes
P52,S. 4784,S.Rept. 119-127,ISI,Feasibility and advisability of expanding Operation Olympic Defender,직접,K6,"Expanding participation to additional Indo-Pacific allies, including Japan and the Republic of Korea, would further reinforce burden sharing and enhance collective space domain awareness in a strategically contested region.","다국적 우주작전(Olympic Defender)에 한국·일본 참여 확대 타당성 보고(2027-03-31까지, 신규 확인)",한미 우주협력,https://www.govinfo.gov/content/pkg/CRPT-119srpt127/html/CRPT-119srpt127.htm,data/raw/reports/CRPT-119srpt127.htm :: p.307(목차 기준),사실,yes
P53,S. 4784,S.Rept. 119-127,ISI,Feasibility of establishing Joint Commercial Operations cells in the Indo-Pacific region,직접,K6,"An assessment of the feasibility and advisability of establishing Joint Commercial Operations cells in Japan, the Republic of Korea, India, and any other jurisdiction in the Indo-Pacific region the Commander considers appropriate","우주사령부에 한국 등 합동상업작전셀 설치 타당성 브리핑(2027-05-01까지, 신규 확인)",한미 상업우주 협력,https://www.govinfo.gov/content/pkg/CRPT-119srpt127/html/CRPT-119srpt127.htm,data/raw/reports/CRPT-119srpt127.htm :: p.308(목차 기준),사실,yes
P54,S. 4784,S.Rept. 119-127,ISI,Incorporating lessons learned from allies and enabling international cooperation related to Golden Dome for America,직접,K6;K2,"programs under the Trilateral Security Cooperation Framework among the United States, Japan, and the Republic of Korea, can support next-generation integrated air and missile defense architecture","골든돔 관련 동맹 협력 브리핑에 한미일 삼각안보협력 프레임워크 활용 평가 포함(2027-03-01까지, 신규 확인)",한미일 미사일방어,https://www.govinfo.gov/content/pkg/CRPT-119srpt127/html/CRPT-119srpt127.htm,data/raw/reports/CRPT-119srpt127.htm :: p.312(목차 기준),사실,yes
P55,S. 4784,S.Rept. 119-127,§1019 설명,Sec. 1019--Construction of vessels in foreign shipyards,간접,K4,to remove the presidential waiver on the prohibition on the construction of vessels in foreign shipyards,8679조 대통령 면제권 삭제 + 비전투함 급별 2척 해외건조 허용 취지,[추정] 한국 조선소 보조함 건조 통로/전투함 차단,https://www.govinfo.gov/content/pkg/CRPT-119srpt127/html/CRPT-119srpt127.htm,data/raw/reports/CRPT-119srpt127.htm :: p.212(목차 기준),추정,yes
P56,S. 4784,S.Rept. 119-127,§2511 설명,Sec. 2511--Republic of Korea funded construction projects,직접,K3,authorize the Secretary of Defense to accept seven military construction projects totaling $416.5 million from the Republic of Korea as in-kind contributions,한국 현물지원 7건 $416.5M,방위비분담 현물,https://www.govinfo.gov/content/pkg/CRPT-119srpt127/html/CRPT-119srpt127.htm,data/raw/reports/CRPT-119srpt127.htm :: p.385(목차 기준),사실,yes
