group,actor,issue,stance,basis,reason,conditions_concerns,evidence
행정부,Office of Management and Budget (White House),주한미군 감축 제한,반대,사실,하원 §1247을 대통령·전쟁부 장관의 태세 결정권 제약으로 보고 '강력 반대',"§1241(28,500 의회의사)은 반대 목록에 없음. 상원 §1235에 대한 SAP는 미발표(상원 본회의 미진입)",S01
행정부,Office of Management and Budget (White House),해외 조선소/한국 조선 협력,적극 찬성,사실,해외 조선소 건조 금지(§1025)에 강력 반대하고 해외 건조 4척 허용을 요구. 동맹 조선소 활용이 국내 조선 투자 유인이라는 논리,국가명 미명시 — 한국 조선소가 주 대상이라는 해석은 [추정],S02;S03
행정부,Donald J. Trump,주한미군 감축 제한,반대,사실,[배경] FY2021 거부권 메시지: 철수 제한은 위헌·정책 오류,2기(2025~) 대통령 본인 발언은 이 폴더에서 1차 원문 미수집,S04
행정부,Elbridge A. Colby,주한미군 감축 제한,조건부,사실,"[배경] 동맹 가치 인정하나 '조정(adapt)' 필요, 한국 역할 강화 지지. 28,500 유지 약속은 하지 않음",[추정] 병력 수치 고정보다 유연성 선호,S60;S61;S59
행정부,Elbridge A. Colby,확장억제,찬성,사실,[배경] 한국과 전략 협력 확대를 '지금' 해야 한다고 답변,책임 분담의 '현실적' 재조정 전제,S62
행정부,Elbridge A. Colby,한미일,조건부,사실,[배경] 3자 협력은 고무적이나 한국 국내정치로 지속성 불확실,—,S63
행정부,Xavier T. Brunson (Gen.),주한미군 감축 제한,찬성,정황,"[배경] 주한미군이 한반도·지역 평화 유지에 전적으로 책임진다고 증언(보도), 한반도는 미국 국익과 직결(속기록)",2026-04 청문회 발언은 보도로만 접함 — 원문 미확인,S47;S49
행정부,Xavier T. Brunson (Gen.),방위비,찬성,사실,[배경] 한미동맹은 '상호 호혜적',—,S48
행정부,John Noh,해외 조선소/한국 조선 협력,찬성,사실,[배경] 한국 내 미군 자산 정비·MRO 확대 진행 확인,함정 MRO는 시범 수준 언급,S53
위원회,House Armed Services Committee,주한미군 감축 제한,찬성,사실,"§1247로 재원 제한 범위를 타 법률 재원까지 확대, §1241로 28,500 유지 의회의사",§1241은 구속력 없음. 한국 조항에 기록표결 없음(음성·원안),S05;S06;S08
하원,Mike Rogers,주한미군 감축 제한,찬성,사실,위원장 마크에 §1243(→§1247) 확대 문안을 처음부터 포함,SAP의 강력 반대 이후 본회의에서 해당 조항을 수정하지 않음(규칙위 수정안 목록에 없음),S05;S06
하원,Mike Rogers,해외 조선소/한국 조선 협력,중립·불명,추정,[추정] 위원장 en bloc(EB5)으로 Golden 금지안과 EB3로 Wilson 조선협력 의회의사를 함께 채택 — 본인 발언 없음,원문상 Rogers 개인 입장 진술 없음,S12;S09
하원,Adam Smith,방위비,찬성,사실,"[배경] '한국에서 손해 본다'는 동맹 폄하를 비판, 동맹 호혜성 강조",—,S45;S46
하원,Adam Smith,주한미군 감축 제한,찬성,추정,[추정] H.R.8800(§1247 포함)의 유일 공동발의자,조항 자체에 대한 개인 발언은 미확인,S05
하원,Joe Wilson,주한미군 감축 제한,적극 찬성,사실,"§1241(2) 28,500 유지·확장억제 문안 발의(Log 5794), 청문회에서 '철통' 공약 강조",의회의사(비구속),S08;S55
하원,Joe Wilson,해외 조선소/한국 조선 협력,적극 찬성,사실,"§1241(12) 한국과 조선협력 확대 문안, KITA·한국 투자 강조",—,S09;S10
하원,Jared Golden,해외 조선소/한국 조선 협력,반대,사실,해외 조선소 전투함 건조 금지 — 미국 일자리·산업 보호,보조함·MRO는 금지 대상 아님(전투함·USS 취역함 한정),S11;S12
하원,Joe Courtney,해외 조선소/한국 조선 협력,반대,사실,Golden 금지안 공동발의,본인 발언 원문 미수집,S12
하원,Jackson (Ronny Jackson [추정]),대중국 경쟁 중 한국,찬성,사실,한국 내 중국공산당 영향력의 주한미군 위험 평가 요구,—,S13;S14
하원,Pat Fallon,주한미군 감축 제한,적극 찬성,사실,[배경] 주한미군 확대 희망,—,S54
하원,Seth Moulton,해외 조선소/한국 조선 협력,찬성,사실,[배경] 한국·일본 조선소에서 미 함정 수리 허용 요구,—,S57
하원,Seth Moulton,주한미군 감축 제한,찬성,추정,[배경] 주한 패트리엇 중동 전환 비판 — 전력 유출 반대 [추정],—,S56
하원,Brian Mast / Ami Bera,한미일,적극 찬성,사실,H.R.3429로 한미일 의회 대화 제도화 지지,NDAA 밖 법안,S20;S21
하원,Zachary Nunn,한미일,찬성,사실,대만 유사시 한국 등 동맹 대응 평가 요구,평가 요구일 뿐 역할 부과 아님,S16
위원회,Senate Armed Services Committee,주한미군 감축 제한,조건부,사실,"§1235: 28,500 미만 감축·전작권 전환 완료를 인증+평가 후 60일까지 재원 금지",하원안보다 범위 좁음(이 법 승인액만). 인증 시 해제되는 사실상 유예형,S23;S24
위원회,Senate Armed Services Committee,해외 조선소/한국 조선 협력,조건부,사실,대통령 면제권은 삭제하되 조약 동맹국 조선소에서 보조함 2개 급 각 2척까지 허용(국내 투자·4번함까지 온쇼어링 조건),전투함은 허용 대상 아님,S25;S26
위원회,Senate Armed Services Committee,확장억제,찬성,사실,한국 핵추진잠수함 협력 지지,확산위험·전작권 비용 영향 평가 요구,S27;S28
상원,Roger Wicker,주한미군 감축 제한,조건부,사실,S.4784 발의·보고자로 §1235 원안 책임,개인 발언 원문 미수집,S24
상원,Jack Reed,주한미군 감축 제한,찬성,정황,[배경] 감축·임무전환 소문 문제 제기(보도). SASC 보고 찬성,2025 발언은 보도 인용,S50;S31
상원,Jack Reed,확장억제,찬성,사실,[배경] 한국의 핵우산 신뢰 훼손 우려,—,S51
상원,Dan Sullivan,주한미군 감축 제한,적극 찬성,사실,"[배경] 28,500을 공약의 상징으로 규정",§1235 발의 여부 미확인,S59
상원,Dan Sullivan,해외 조선소/한국 조선 협력,찬성,사실,[배경] 동맹국 조선소 수리 접근 확대 재추진 시사,국가 명시 없음 — 한국 포함은 [추정],S58
상원,Tim Kaine,북한,찬성,사실,북한인권법 재승인안 제출,수정안 미처리(상원 본회의 미진입),S32
상원,Tom Cotton,한미일,찬성,사실,한미일 3자 정보공유 촉진,—,S34
상원,David McCormick,해외 조선소/한국 조선 협력,찬성,사실,무인체계 공동생산 우선 대상에 한국,조선 아닌 무인체계,S35
한국 정부,ROK Ministry of National Defense,주한미군 감축 제한,찬성,정황,"감축 논의 없음, 안정적 주둔 협의(보도)",NDAA 조항에 대한 공식 논평은 찾지 못함,S68;S69
로비·싱크탱크,Center for Maritime Strategy (Daniel Choi),해외 조선소/한국 조선 협력,적극 찬성,사실,Golden 금지안이 한미 조선협력(MASGA)과 미 국방전략에 역행,분석가 개인 견해,S70
한국 기업·산업,Hanwha,해외 조선소/한국 조선 협력,중립·불명,추정,[추정] 필리조선소 투자 주체로 이해당사자이나 NDAA 관련 공개 입장·로비 공시 원문 미확보,LDA 접근 차단,S65
