thread,fy,section,status,key_terms,change_ko,source_ref
1 주한미군 병력 하한,2017,—,없음,—,"법률 본문에 주한미군 병력 하한 조항 없음(전문 검색: Korea·22,000·28,500)",(검색 결과 해당 없음)
1 주한미군 병력 하한,2018,§1252,없음(관련 언급만),한반도 위협 대응 임무(보고 요소),병력 하한 조항 없음. 인태 전략보고서 요소에 한반도 임무만 언급,H013
1 주한미군 병력 하한,2019,§1264,신설,"22,000명; ""deployed to the Republic of Korea""; 이 법 승인 예산; 국방장관 사전(""first"") 인증 시 즉시 해제; 조건 2개(국익·동맹안보 / 한·일 협의)","최초의 구속적 감축 제한(예산 제한형). 하한 22,000",H028
1 주한미군 병력 하한,2020,§1254,변경(강화),"28,500명; ""deployed to South Korea""; 인증 후 90일 대기; 조건 2개 동일","하한 22,000→28,500, 즉시 해제→인증 후 90일 대기로 강화(28,500 최초 명시)",H037
1 주한미군 병력 하한,2021,§1258,유지,"28,500명; 인증 후 90일; 조건 2개",FY2020 문안과 사실상 동일,H072
1 주한미군 병력 하한,2021,거부권 메시지,거부권 쟁점,"거부 2020-12-23; 하원 재의결 322-87(2020-12-28, Roll 253); 상원 81-13(2021-01-01, Record Vote 292)",대통령이 한국 철군 제한을 위헌으로 거부 사유에 포함 → 의회가 재의결로 성립,H079
1 주한미군 병력 하한,2022,§1252,권고로 약화,"""approximately 28,500""; 의회 의사(sense of Congress); 예산 제한·인증·대기기간 없음",구속적 예산 제한이 사라지고 인태 동맹 의회 의사 속 한 항목으로 격하,H085
1 주한미군 병력 하한,2023,§1265,권고 유지,"""approximately 28,500""; 의회 의사","권고형 유지, 같은 항목에 확장억제 공약 문구 추가",H091
1 주한미군 병력 하한,2024,§1301,권고 유지,"""approximately 28,500""; 의회 의사","권고형 유지, 워싱턴 선언 핵억제 조율 문구 추가",H116
1 주한미군 병력 하한,2025,§1311,권고 유지,"""approximately 28,500""; 의회 의사; 상호 방위산업기반 협력","권고형 유지, ""mutual defense base cooperation"" 추가",H132
1 주한미군 병력 하한,2026,§1268,구속 조항 부활(변경),"28,500명; ""approximate total number""; ""permanently stationed in, or deployed to""; ""obligated or expended""; 이 법 승인 예산; 인증+평가 제출 후 60일; 협의 대상에 유엔사 병력공여국 추가; 평가 요소 (A)~(G)","FY2021 이후 4년 만에 예산 제한형 복귀. 대기 60일(FY2020-21의 90일보다 짧음), 인증 외에 상세 평가서 제출 요건 추가, 전작권 전환까지 결합",H159
1 주한미군 병력 하한,2026,§1255,권고 병존,"""approximately 28,500""; 의회 의사",구속 조항(§1268)과 의회 의사(§1255)가 같은 법에 병존,H158
1 주한미군 병력 하한,2027,하원 §1247 / 상원 §1235,계류(미성립),"28,500; 하원은 FY2026 §1268 재원 범위를 ""otherwise made available for fiscal years 2026 or 2027""로 확대; 상원은 독립 조문·60일 대기","하원은 개정 방식, 상원은 독립 조문. 둘 다 FY2026의 구속형 하한을 이어감. 행정부 SAP는 §1247에 강력 반대. 의회 의사 조항(하원 §1241·상원 §1251)도 병존",P02;P24;P01;P25
2 확장억제·핵 협의,2017,§1671,간접만,동맹 일반에 대한 확장억제 보장 신뢰성(한국 미명시),한국 특정 확장억제 문구 없음,H003
2 확장억제·핵 협의,2018,§1254,신설,한·일 확장억제 공약; 30일 내 아태 확장억제·안심 강화계획; 검토사항에 이중용도항공기·핵 SLCM 재배치,북한 ICBM·핵실험을 계기로 한국 명시 확장억제 조항 첫 등장,H014
2 확장억제·핵 협의,2019,§1255,변경(의회 의사),한·일·호 확장핵억제; 비핵화·종전 합의가 조약의무를 대체 불가; 주한미군 강력·지속,"계획 요구에서 의회 의사로 전환, 북미 협상 국면에서 동맹 공약 우선 원칙 명시",H026
2 확장억제·핵 협의,2020,—,없음,—,한국 명시 확장억제 조항 없음(검색: extended deterrence),(검색 결과 해당 없음)
2 확장억제·핵 협의,2021,—,없음,—,확장억제 문구 자체 없음(검색),(검색 결과 해당 없음)
2 확장억제·핵 협의,2022,—,없음,—,§1252 한국 항목에 확장억제 문구 없음(검색),(검색 결과 해당 없음)
2 확장억제·핵 협의,2023,§1265,재등장(의회 의사),"""extended deterrence using the full range of United States defense capabilities""",인태 동맹 의회 의사 한국 항목에 확장억제 문구 편입,H091
2 확장억제·핵 협의,2024,§1301,변경,워싱턴 선언(2023-04-26) 핵억제 조율 심화,핵 협의 심화를 문언에 반영,H116
2 확장억제·핵 협의,2025,§1344,신설(구속적 보고),NCG 공동언론성명(2023-12-16) 기반 강화계획; 2025-03-01 기한; 요소: 위기시 핵협의·핵/전략 기획·재래식-핵 통합·정보공유·연습·위험감소,의회 의사에서 국방부 계획 제출 의무로 격상,H134
2 확장억제·핵 협의,2025,§1314,신설,확장억제 교육 시범사업; 한국 외교부·국방부·군 인원 포함; 2027-12-31 종료,동맹 인원 대상 확장억제 교육 제도화,H133
2 확장억제·핵 협의,2026,§1271,이행 압박,OSD 여비 75% 상한 — FY2025 §1344 계획 등 제출 시까지,FY2025 계획의 제출을 예산 제한으로 강제(미제출 여부 자체는 [추정]),H160
2 확장억제·핵 협의,2026,§1268,연계,감축 평가 요소(F): 확장억제 신뢰성·역내 핵확산 가능성 영향,병력 감축 평가에 확장억제·핵확산 영향 분석 요구,H159
2 확장억제·핵 협의,2027,하원 §1241 / 상원 §1251·§1521,계류(미성립),"""extended deterrence"" 의회 의사 유지; 상원 보고서가 한국 핵추진잠수함 협력 보고 지시",법조문은 의회 의사 수준 유지. 상원 위원회 보고서(p.262)가 2025-11 한미 공동팩트시트의 핵추진잠수함 협력을 처음 다룸(법조문 아님),P01;P25;P39;P51
3 전시작전통제권 전환,2017,—,없음,—,전작권 관련 조항 없음(검색: operational control·Combined Forces Command),(검색 결과 해당 없음)
3 전시작전통제권 전환,2018,—,없음,—,전작권 관련 조항 없음(검색: operational control·Combined Forces Command),(검색 결과 해당 없음)
3 전시작전통제권 전환,2019,—,없음,—,전작권 관련 조항 없음(검색: operational control·Combined Forces Command),(검색 결과 해당 없음)
3 전시작전통제권 전환,2020,—,없음,—,전작권 관련 조항 없음(검색: operational control·Combined Forces Command),(검색 결과 해당 없음)
3 전시작전통제권 전환,2021,—,없음,—,전작권 관련 조항 없음(검색: operational control·Combined Forces Command),(검색 결과 해당 없음)
3 전시작전통제권 전환,2022,—,없음,—,전작권 관련 조항 없음(검색: operational control·Combined Forces Command),(검색 결과 해당 없음)
3 전시작전통제권 전환,2023,—,없음,—,전작권 관련 조항 없음(검색: operational control·Combined Forces Command),(검색 결과 해당 없음)
3 전시작전통제권 전환,2024,§1318,신설,한국군 전작권 인수 조건 보고(180일); 전환 45일 전 의회 통지; 통지 요소에 유엔사·연합사·주한미군 지휘관계,전작권 조항 첫 등장 — 보고·통지형(제한 없음),H117
3 전시작전통제권 전환,2025,—,없음,—,전작권 조항 없음(검색),(검색 결과 해당 없음)
3 전시작전통제권 전환,2026,§1268,변경(강화),"""in a manner which deviates from a bilaterally agreed plan""; 인증+평가 후 60일; 2018-10-31 조건기반 전환계획의 3개 조건 충족 평가",보고형에서 예산 제한형으로 강화. 단 양국 합의계획에 따른 전환은 제한 대상 아님,H159
3 전시작전통제권 전환,2027,상원 §1235 / 하원 §1247,계류(미성립),"상원: ""bilaterally agreed plan"" 이탈 단서 삭제 → 전환 완료 자체를 60일 대기 대상으로; 분기별 로드맵 보고(~2030)","상원안이 FY2026보다 엄격(합의된 전환도 제한). 하원은 FY2026 단서 유지. 상원 의회 의사 §1251에 ""조건기반 전환"" 문구 추가",P24;P02;P25
4 방위비분담·한국부담 건설,2017,§2511,유지,한국 현물기여 건설사업 수용 권한 + 사업표,매년 반복되는 §2511 한국 부담 건설사업 승인,H005
4 방위비분담·한국부담 건설,2018,§2511,유지,사업표(험프리스·군산·오산),동일 구조 유지,H023
4 방위비분담·한국부담 건설,2018,§1255,언급(의회 의사),한·일의 상당한 재정 기여·주요 분담 파트너 인정,방위비 기여를 의회 의사로 평가,H015
4 방위비분담·한국부담 건설,2019,§2511,유지,사업표,동일 구조 유지,H036
4 방위비분담·한국부담 건설,2020,§2511,유지,사업표,동일 구조 유지,H045
4 방위비분담·한국부담 건설,2020,§1255,신설,"GAO 보고: 한·일 직접·간접·분담 기여, 2016년 이후 연도별 비용, 미 달러 환산",한·일 분담 기여 실태를 GAO가 독립 검증하도록 요구,H038
4 방위비분담·한국부담 건설,2020,§2863,신설,"한국 현금기여 수용(블랙햇 정보융합센터 설계·건설, 오산 작전정보센터 설계); 비용분담 합의; 2030-09-30 만료",§2511(현물)과 별도의 현금기여 경로 신설,H046
4 방위비분담·한국부담 건설,2021,§2511,유지,사업표,동일 구조 유지,H077
4 방위비분담·한국부담 건설,2022,§2511,변경,사업표 + (b) 블랙햇 센터에 10 USC 2350k 적용,특정 사업에 현물기여 법적 근거 명시,H088
4 방위비분담·한국부담 건설,2023,§2511,유지,사업표,동일 구조 유지,H095
4 방위비분담·한국부담 건설,2023,§2867,변경,"§2863의 ""cash"" 삭제, 설계→설계·건설, 2350k(c) 형태로 기여 수용",현금 한정에서 현물 포함으로 확대,H096
4 방위비분담·한국부담 건설,2024,§2511,유지,사업표,동일 구조 유지,H124
4 방위비분담·한국부담 건설,2025,§2511,유지,사업표,동일 구조 유지,H140
4 방위비분담·한국부담 건설,2026,§2511,유지,사업표,동일 구조 유지. FY2017~2026 전 연도에 한국 특정 SMA(특별협정) 조항은 없음(검색: Special Measures),H163
4 방위비분담·한국부담 건설,2027,양원 §2511,계류(미성립),"한국 현물지원 7개 사업(보고서 기준 $416.5M), 양원 문자 일치",10년 연속 반복되는 한국 부담 건설 승인. 양원 차이 없음,P03;P27;P44
5 조선·함정 MRO(동맹),2017,—,없음,—,"한국·동맹 조선소 관련 조항 없음(검색: 8679·8680·7309·7310·foreign shipyard). 8680 LCS 관련 개정(FY2018 §1023, FY2020 §1035)은 한국과 무관해 제외",(검색 결과 해당 없음)
5 조선·함정 MRO(동맹),2018,—,없음,—,"한국·동맹 조선소 관련 조항 없음(검색: 8679·8680·7309·7310·foreign shipyard). 8680 LCS 관련 개정(FY2018 §1023, FY2020 §1035)은 한국과 무관해 제외",(검색 결과 해당 없음)
5 조선·함정 MRO(동맹),2019,—,없음,—,"한국·동맹 조선소 관련 조항 없음(검색: 8679·8680·7309·7310·foreign shipyard). 8680 LCS 관련 개정(FY2018 §1023, FY2020 §1035)은 한국과 무관해 제외",(검색 결과 해당 없음)
5 조선·함정 MRO(동맹),2020,—,없음,—,"한국·동맹 조선소 관련 조항 없음(검색: 8679·8680·7309·7310·foreign shipyard). 8680 LCS 관련 개정(FY2018 §1023, FY2020 §1035)은 한국과 무관해 제외",(검색 결과 해당 없음)
5 조선·함정 MRO(동맹),2021,§1025,간접 변경,8680 예외: 항해수리·적대행위 손상수리; 외국인 근로자 제한적 사용,해외 수리 금지에 좁은 예외 신설,H070
5 조선·함정 MRO(동맹),2022,—,없음,—,관련 조항 없음(검색),(검색 결과 해당 없음)
5 조선·함정 MRO(동맹),2023,—,없음,—,관련 조항 없음(검색),(검색 결과 해당 없음)
5 조선·함정 MRO(동맹),2024,§1352,간접 변경,AUKUS 잠수함 수리: 미·호·영 조선소 지정,"동맹 조선소 MRO 예외의 첫 선례(호주·영국 한정, 한국 미포함)",H119
5 조선·함정 MRO(동맹),2025,§1026,간접 변경,배치 함정 21일 이내 정비 예외; 모항별 연간 작업량 2% 상한,해외 정비 허용폭 소폭 확대,H130
5 조선·함정 MRO(동맹),2025,§1025,간접 신설,적대국 소유·통제·영향 조선소와 계약 금지(8679a),적국 조선소 배제 — 동맹/적국 구분 구조 [추정],H129
5 조선·함정 MRO(동맹),2025,§3533,간접,"국방예비선단 신조에 ""Notwithstanding section 8679""",8679 적용 배제 문언 — 해외 건조 허용 여부는 미확인,H142
5 조선·함정 MRO(동맹),2025,§821,신설(직접),경쟁적 물류 시범사업 참여국에 한국 추가,한국을 명시한 물류·유지 협력 첫 조항(이번 범위 내),H128
5 조선·함정 MRO(동맹),2026,§343,신설(직접),공군 창정비 협력 대상국에 한국,정비 협력 대상국으로 한국 명시,H146
5 조선·함정 MRO(동맹),2026,§1253,신설(직접),인태 산업복원력 파트너십 — 한국 초청 후보,방산 공급망 협력 틀 법제화,H156
5 조선·함정 MRO(동맹),2026,§1014,간접 변경,8680 허용지역에 북마리아나제도 추가,미국 영토 확대일 뿐 해외 조선소 개방 아님,H154
5 조선·함정 MRO(동맹),2026,§1656,간접,"미사일계측함 건조에 ""Notwithstanding section 8679""",8679 적용 배제 문언 — 효과 미확인,H162
5 조선·함정 MRO(동맹),2026,§7213,간접,해안경비대 외국 조선소 건조 선박 조달 금지(대통령 예외+30일 통지),해안경비대에 해외건조 금지 재규정,H165
5 조선·함정 MRO(동맹),2027,하원 §1025 / 상원 §1019 / 상원 §1236,계류(미성립),하원: 해외건조 전투함 조달 금지; 상원: 조약동맹국 조선소에서 비전투함 급별 2척 허용; SAP: 전투함 포함 해외건조 권한 요구,3자 구도: 하원 금지·상원 제한적 허용·행정부 확대 요구. 상원 §1236 인태 공동정비 프레임워크는 대상국 첫머리에 한국 명시,P16;P38;P28;P21
6 한미일 3자 협력,2017,—,없음,—,3자 협력 조항 없음(검색: trilateral),(검색 결과 해당 없음)
6 한미일 3자 협력,2018,§1255,신설(의회 의사),"한미일 3자 방위 조율·협력, 3자 정보공유약정(법문상 2015-12-29 서명) 및 한일 GSOMIA(2016-11-23) 환영",3자 협력 첫 명시,H015
6 한미일 3자 협력,2019,—,없음,—,3자 협력 조항 없음(검색),(검색 결과 해당 없음)
6 한미일 3자 협력,2020,§1256,유지(의회 의사),"한일 GSOMIA·3자 정보공유 ""유지되어야""; 고위급 교류 추가",GSOMIA 유지 촉구 문구 추가,H039
6 한미일 3자 협력,2021,—,없음,—,한미일 3자 조항 없음(검색: trilateral; 한·일은 인태 의회 의사에서 개별 항목으로만 등장),(검색 결과 해당 없음)
6 한미일 3자 협력,2022,—,없음,—,한미일 3자 조항 없음(검색: trilateral; 한·일은 인태 의회 의사에서 개별 항목으로만 등장),(검색 결과 해당 없음)
6 한미일 3자 협력,2023,—,없음,—,한미일 3자 조항 없음(검색: trilateral; 한·일은 인태 의회 의사에서 개별 항목으로만 등장),(검색 결과 해당 없음)
6 한미일 3자 협력,2024,—,없음,—,한미일 3자 조항 없음(검색: trilateral; 한·일은 인태 의회 의사에서 개별 항목으로만 등장),(검색 결과 해당 없음)
6 한미일 3자 협력,2025,§1345,신설(구속적 보고),3자 협력 계획(2025-03-01)+2029년까지 연례보고; 요소: 실시간 미사일 정보공유·3자 훈련계획·해양안보 프레임워크(2023-08),의회 의사에서 계획·연례보고 의무로 격상,H135
6 한미일 3자 협력,2025,§1314,관련,확장억제 교육 대상에 호·일·한,다자 확장억제 교육,H133
6 한미일 3자 협력,2026,§1271,이행 압박,OSD 여비 75% 상한 — §1345 3자 계획 제출 조건,계획 제출을 예산으로 강제,H160
6 한미일 3자 협력,2026,§1254,신설,인태 다자방위 전략 — 일·필·한·호 상호접근협정 활용,3자를 넘는 다자 틀로 확장,H157
6 한미일 3자 협력,2027,상원 §1251(1) / S.Rept. ISI,계류(미성립),일본 항에 한국 포함 다자협력; 골든돔 브리핑에 한미일 삼각안보협력 프레임워크 활용 평가,"법조문은 의회 의사, 보고서 지시사항이 우주·미사일방어 협력으로 확장",P26;P54;P52
7 북한 위협·보고,2017,§1604,부수 언급,동맹 발사체 정의에서 북한 등 제외,북한 특정 위협·보고 조항 없음,H002
7 북한 위협·보고,2018,§1256,신설,대북 전략 보고(90일)+연례 갱신; §1257 ICBM 브리핑; §1680 하와이 방어,북한 ICBM 국면에 대북 전략·위협 보고 집중,H016
7 북한 위협·보고,2019,§1265,신설,핵능력 기준선 보고(60일); 합의 시 90/180일 업데이트; 3년 일몰; §1295 무력사용 비승인,북미 협상 검증 기준선 요구,H029
7 북한 위협·보고,2020,§7101,신설(제재법),오토 웜비어 북한 핵제재·집행법(제F편 제71장); §1257 대북 의회 의사; §6729 수입원 평가,NDAA에 대북 제재법 통째 편입,H052
7 북한 위협·보고,2021,§1259,신설,북한 화생무기 대응 GAO-21-104C 권고 이행계획(1년)·18개월 내 이행,주한미군 화생방 대비 점검,H073
7 북한 위협·보고,2022,—,부수 언급만,우려국 목록(§802·§847·§1509·§1622),북한 특정 보고 조항 없음 — 우려국 정의에만 등장,(검색 결과 해당 없음)
7 북한 위협·보고,2023,§5580,신설(인권·정보),"웜비어 검열·감시 대응법; §5583 전략(180일, 한국 협의계획); §5584 USAGM 연 1,000만 달러(FY2024-27); §1642 SLCM-N 억제 보고",정보 유입·인권 축으로 확장,H099
7 북한 위협·보고,2024,—,부수 언급만,우려국 목록·본토방어 브리핑(§1072),북한 특정 보고 조항 없음,(검색 결과 해당 없음)
7 북한 위협·보고,2025,—,부수 언급만,괌 레이더(§1647)·우려국 목록,북한 특정 보고 조항 없음,(검색 결과 해당 없음)
7 북한 위협·보고,2026,§1241,신설(요소 추가),러시아 군사력 보고에 러-북 조약동맹 평가; §1273 중·러·이·북 협력 대응; §364 한반도 전구 탄약,러-북 밀착을 보고 요소로 반영,H155
7 북한 위협·보고,2027,여러 조항,계류(미성립),조달·공급망·기술 제한 대상국 목록에 북한 반복 포함; 중국 군사력 보고에 북·중·러·이란 협력 평가,"북한은 독립 조항보다 ""우려국 목록""의 일원으로 등장",P07;P09;P35;P43
8 한국전 유산·기타,2017,§586,신설,한국전·베트남전 아시아계 참전용사 명예훈장 재검토,,H001
8 한국전 유산·기타,2018,—,부수 언급만,항모·시비즈 의회 의사(§1085·§1086)의 한국전 언급,,(검색 결과 해당 없음)
8 한국전 유산·기타,2019,—,없음,—,한국전 유산 조항 없음(§1263 한국어 등 핵심언어는 별도),(검색 결과 해당 없음)
8 한국전 유산·기타,2020,—,없음,—,한국전 유산 조항 없음,(검색 결과 해당 없음)
8 한국전 유산·기타,2021,§562,유지,랠프 퍼킷 명예훈장,,H068
8 한국전 유산·기타,2022,§582,유지,한국전 참전자 3명 명예훈장; §1201 유엔사·중감위 지원; §1075 한국전 시기 오염지 보고,유엔사 지원 권한을 10 USC에 조항으로 신설,H080
8 한국전 유산·기타,2023,§5599B,신설,한국계 미국인 이산가족 상봉 협의·보고(3년),,H104
8 한국전 유산·기타,2024,—,없음,—,한국전 유산 조항 없음,(검색 결과 해당 없음)
8 한국전 유산·기타,2025,§597,신설,유엔사 소속 외국군 자녀 한·일 국방부 학교 입학,,H127
8 한국전 유산·기타,2026,§8361,변경(강화),이산가족 국가등록부 설치·북미 대화 의제화·한국 정부 협의; §591 윌리엄스 명예훈장,협의·보고에서 등록부 설치로 강화. 전 기간 한국전 전사자 유해(POW/MIA) 특정 조항은 없음(검색),H168
8 한국전 유산·기타,2027,상원 §1085 / 상원 §749,계류(미성립),한국전 등 전쟁포로·실종자 정보 비밀해제; 한국 의료인 면허 인정,상원안에만 있음,P31;P30
