fy,chamber,version,section,key_terms,quote,source_url,quote_verified
2019,House,H.R.5515 EH,§1263,"22,000; 사전 인증(조건 1개: 국익·동맹안보); 대기기간 없음","None of the funds authorized to be appropriated by this Act may be used to reduce the total number of members of the Armed Forces serving on active duty who are deployed to the Republic of Korea below 22,000 unless the Secretary of Defense first certifies",https://www.govinfo.gov/content/pkg/BILLS-115hr5515eh/html/BILLS-115hr5515eh.htm,Y
2019,Senate,H.R.5515 EAS(상원 수정안),§1249,상원 의사(Sense of Senate) — 주한미군 주둔의 역할·캠프 험프리스 한국 부담 언급; 구속적 하한 없음,SENSE OF SENATE ON UNITED STATES MILITARY FORCES ON THE KOREAN PENINSULA.,https://www.govinfo.gov/content/pkg/BILLS-115hr5515eas/html/BILLS-115hr5515eas.htm,Y
2019,Enacted,P.L.115-232,§1264,"22,000; 사전 인증; 조건 2개(하원안+한·일 협의)",(history.csv 참조),https://www.govinfo.gov/content/pkg/PLAW-115publ232/html/PLAW-115publ232.htm,history.csv H028
2020,House,H.R.2500 EH,§1243,"28,500; 사전(""first"") 인증; 대기기간 없음; 조건 2개","deployed to South Korea below 28,500 unless the Secretary of Defense first certifies to the congressional defense committees the following:",https://www.govinfo.gov/content/pkg/BILLS-116hr2500eh/html/BILLS-116hr2500eh.htm,Y
2020,Senate,S.1790 ES,§1251,"28,500; ""in the territory of the Republic of Korea""; 인증 후 90일; 조건 3개(북한 재래식 위협 감소에 상응 추가)",Such a reduction is commensurate with a reduction in the threat posed to the security of the United States and its allies in the region by the conventional military forces of the Democratic People's Republic of Korea.,https://www.govinfo.gov/content/pkg/BILLS-116s1790es/html/BILLS-116s1790es.htm,Y
2020,Enacted,P.L.116-92,§1254,"28,500; 인증 후 90일(상원안); 조건 2개(하원안) — 북한 위협 감소 조건 삭제",(history.csv 참조),https://www.govinfo.gov/content/pkg/PLAW-116publ92/html/PLAW-116publ92.htm,history.csv H037
2021,House,H.R.6395 EH,§1252,"28,500; 인증 후 180일; 조건 4개(북한 위협 감소 상응·한국 자체 억제 가능 추가)","below 28,500 until 180 days after the date on which the Secretary of Defense certifies",https://www.govinfo.gov/content/pkg/BILLS-116hr6395eh/html/BILLS-116hr6395eh.htm,Y
2021,Senate,S.4049 ES,§1260,"28,500; ""obligated or expended""; 인증 후 90일; 조건 2개","None of the funds authorized to be appropriated by this Act may be obligated or expended to reduce the total number of members of the Armed Forces serving on active duty and deployed to the Republic of Korea to fewer than 28,500",https://www.govinfo.gov/content/pkg/BILLS-116s4049es/html/BILLS-116s4049es.htm,Y
2021,Enacted,P.L.116-283,§1258,"28,500; 인증 후 90일; 조건 2개 — 하원의 180일·추가 조건 탈락",(history.csv 참조),https://www.govinfo.gov/content/pkg/PLAW-116publ283/html/PLAW-116publ283.htm,history.csv H072
2022,House,H.R.4350 EH,§1250,"의회 의사: ""approximately 28,500"" 주둔이 안정·재보장 역할","the presence of approximately 28,500 members of the United States Armed Forces deployed to South Korea serves not only as a stabilizing force to the Korean peninsula",https://www.govinfo.gov/content/pkg/BILLS-117hr4350eh/html/BILLS-117hr4350eh.htm,Y
2022,Senate,S.2792 RS(위원회 보고),—,"한국 병력 수 언급 없음(28,500 문자열 0건)",,https://www.govinfo.gov/content/pkg/BILLS-117s2792rs/html/BILLS-117s2792rs.htm,"해당 없음(부재 확인: ""28,500"" 0건)"
2022,Enacted,P.L.117-81,§1252,"의회 의사(approximately 28,500) — 구속 조항 소멸",(history.csv 참조),https://www.govinfo.gov/content/pkg/PLAW-117publ81/html/PLAW-117publ81.htm,history.csv H085
2025,House,H.R.8070 EH,§1311,"의회 의사: approximately 28,500 + 방산기반 협력 + 확장억제","maintaining the presence of approximately 28,500 members of the United States Armed Forces deployed to the country, enhancing mutual defense industrial base cooperation",https://www.govinfo.gov/content/pkg/BILLS-118hr8070eh/html/BILLS-118hr8070eh.htm,Y
2025,Senate,S.4638 RS(위원회 보고),§1263,"상원 의사: approximately 28,500 + 확장억제","reinforcing the United States alliance with the Republic of Korea, including by maintaining the presence of approximately 28,500 members of the United States Armed Forces deployed to the Republic of Korea",https://www.govinfo.gov/content/pkg/BILLS-118s4638rs/html/BILLS-118s4638rs.htm,Y
2025,Enacted,P.L.118-159,§1311,"의회 의사(approximately 28,500, mutual defense base cooperation)",(history.csv 참조),https://www.govinfo.gov/content/pkg/PLAW-118publ159/html/PLAW-118publ159.htm,history.csv H132
2026,House,H.R.3838 EH,§1316,"의회 의사만: approximately 28,500 — 구속적 제한 없음","(2) maintaining the presence of approximately 28,500 members of the United States Armed Forces deployed to South Korea;",https://www.govinfo.gov/content/pkg/BILLS-119hr3838eh/html/BILLS-119hr3838eh.htm,Y
2026,Senate,S.2296 ES,§1233,"구속: 28,500 미만 감축·전작권 전환 완료에 예산 금지; 인증+평가 후 90일; 전작권은 ""deviates"" 단서 없이 전환 완료 자체가 대상",until the date that is 90 days after the date on which the certification described in subsection (b) and the applicable assessment described in subsection (c) are submitted to the appropriate committees of Congress,https://www.govinfo.gov/content/pkg/BILLS-119s2296es/html/BILLS-119s2296es.htm,Y
2026,Enacted,P.L.119-60,§1268,"구속: 상원안 골격 채택하되 90일→60일, ""approximate"" 추가, 전작권은 합의계획 이탈 시에만 제한",(history.csv 참조),https://www.govinfo.gov/content/pkg/PLAW-119publ60/html/PLAW-119publ60.htm,history.csv H159
