name,role,function,action,connection,assessment,sources,coupac_usd,individual_usd
John Moolenaar,R · 하원 MI-02 · 중국특위 위원장,쿠팡 규제 논쟁을 대중국 경쟁·동맹 문제로 확대,2026-09-28 Rubio 국무장관에게 쿠팡을 실명 언급한 서한; 09-30 공개. 10-31까지 국무부 브리핑 요청,쿠팡 관련 LD-1/2·LD-203 수집 범위에서 본인 실명 기부·전직 참모 연결 미발견. 서한 3쪽 각주 11·15는 7월 법사위 보고서를 인용,회사 제출 자료·증언 → 법사위 보고서 → 중국특위원장 서한이라는 문헌 전달 경로가 확인된다. 직접 접촉·대필·기부에 의한 입장 변화는 입증되지 않았다.,"moolenaar,moolenaarrelease,report",0,0
Jim Jordan,R · 하원 OH-04 · 법사위원장,증언·문서 확보와 조사 보고서의 핵심 관문,2026-02-05 소환장·서한; 07-01 중간 보고서; 09-16 H.R.9834 찬성,Grimm(Miller)의 전직 상관. Grimm은 2025Q1부터 쿠팡 공시에 등장.,공개된 고용 경로와 조사 권한이 겹친다. 특정 면담·발언 지시·대가는 확인되지 않았다.,"letter,report,vote",0,0
Scott Fitzgerald,R · 하원 WI-05 · 반독점소위원장,조사 공동 주도,2026-02-05 공동서한; 07-01 공동 명의 보고서; 09-16 찬성,"COUPAC의 2026-01-15 $1,000은 2월 소환장보다 앞선다. 다만 1월 비판 발언보다 뒤다.",기부→최초 입장 형성이라는 설명은 시간 순서와 맞지 않는다.,"letter,jannews,vote",1000.00,0
Darrell Issa,R · 하원 CA-48 · 법사위원,"차별·규제 남용 프레임, 제재 입법 지지",2026-01 우려 표명; 09-16 찬성,"Grimm의 전직 상관. COUPAC 2025-11-21 $5,000, Bill Anaya 개인 2026-02-17 $7,000.",인적·금전적 연결과 입장이 함께 확인된다. 개인 기부는 초기 발언 이후여서 단독 원인으로 볼 수 없다.,"jannews,sepnews,vote",5000.00,7000.00
Adrian Smith,R · 하원 NE-03 · 무역소위원장,공개 청문회 의제화,2026-01-13 쿠팡을 차별적 집행의 사례로 지목,"COUPAC: 후보위원회 $10,000 + 관련 CAFO PAC $10,000. Ari Zimmerman 개인 CAFO PAC $2,500.",수출·농업 생산자 이해관계와 공시 의제가 겹친다. 후원 전체가 청문회 이전인 것은 아니며 날짜별 확인이 필요하다.,"jan,jannews,semafor",20000.00,2500.00
Carol Miller,R · 하원 WV-01 · 세입위원,청문회 질의 및 RSC 서명,2026-01-13 미국인 경영진 대응을 정치적 마녀사냥으로 비판; 04-21 공동서한,"Akin의 Joseph Fawkner가 전직 선임 정책보좌관. COUPAC $10,000; Anaya $250·Zimmerman $500 개인 기부.",회전문·기부·행동이 겹친 사례. 의원실 발췌록은 미국인 경영진 두 명을 언급하며 해당 문장 자체에는 쿠팡 실명이 없다.,"miller,rsc",10000.00,750.00
Suzan DelBene,D · 하원 WA-01 · 세입위원,워싱턴주 기업 이해를 대변하는 초당적 경로,2026-01-13 쿠팡이 한국의 약속 위반을 호소한다고 발언한 것으로 보도,"Akin의 Lauren Rubin은 전 입법책임자·법률고문. COUPAC 후보위원회 $10,000 + 관련 Democratic Majority Fund $5,000.",공화당 인맥만으로 설명되지 않는다. 지역 기업·디지털 통상 관심과 정치자금 관계가 중첩된다.,"delbene,rubin",15000.00,0
Bill Hagerty,R · 상원 TN · 외교위원,대사 인준 절차를 통한 외교적 대응 요구,2026-05-20 Steel 지명 청문회에서 쿠팡을 실명 언급하고 동등 대우를 요구,"COUPAC Team Hagerty $10,000(2025년 $5,000, 2026-03-13 $5,000). 2024년 방한단의 Rogers 면담도 의원실이 공개.",면담 이력·청문회 이전 기부·공식 질의가 모두 확인되는 강한 관계 사례. 지시·대가성의 증거는 없다.,"maytranscript,hagerty2024",10000.00,0
Mike Lee,R · 상원 UT,미국인 경영진 보호 주장,2026-01-22 쿠팡과 미국인 경영진 박해라고 비판한 것으로 보도,"COUPAC의 Lead Encourage Elect PAC $5,000은 2026-03-13.",확인된 기부는 1월 발언 이후다. 발언의 원인으로 이 거래를 역추정하면 안 된다.,lee,5000.00,0
Maria Cantwell,D · 상원 WA,지역구 기업·수출·일자리 논리,2026-02-03 강경화 대사에게 조사·제재의 비례성과 경쟁상 영향 우려 서한,이번 Coupang 등록자 LD-203 범위에서 실명 기부 항목은 확인되지 않음.,기부가 확인되지 않는 옹호 사례. 워싱턴주 기반과 통상정책도 중요한 대안 설명이다.,cantwell,0,0
Michael Baumgartner,R · 하원 WA-05 · 법사위원,집단 동원과 제재 법안 발의,2026-04-21 54명 서한 주도; 07-22 H.R.9834 발의; 09-16 찬성,Williams & Jensen의 Daniel Ziegler가 전 RSC 사무총장. 개인적 접촉·기부는 이번 범위에서 미확인.,RSC 접근 경로는 확인되나 54명 서한의 조직·대필을 Ziegler에게 귀속할 증거는 없다.,"rsc,baum,vote",0,0
August Pfluger,R · 하원 TX-11 · RSC 의장,RSC 차원의 연합 형성,2026-04-21 공동서한 발표에서 한국의 통상 약속 이행 촉구,RSC 전직 인사 Ziegler는 쿠팡 로비스트. 본인과의 면담·지시 관계 미확인.,단체 경로와 개인 접촉을 구별해야 한다.,rsc,0,0
Bernie Moreno,R · 상원 OH,301조 조사·통상 대응 요구,2026-08-27 USTR에 조사 및 필요시 301조 대응 요구,이번 공시에서 본인 실명 기부나 로비스트의 전직 의원실 연결을 확인하지 못함.,동일한 차별 프레임을 사용하지만 쿠팡의 요청이 서한을 직접 야기했다는 근거는 부족하다.,moreno,0,0
Young Kim,R · 하원 CA-40 · 외교위 동아태소위원장,서명·기업 방문·외교 논의,2026-04 공동서한; 08-02 발표된 초당적 방문단의 쿠팡 방문,"COUPAC 후보위원회 $5,000 + 관련 PAC $5,000. Jason Park 개인 $250.",방문이라는 접촉은 확인된다. 현장에서 전달한 요청 전문이나 개별 약속은 미공개.,"visit,rsc",10000.00,250.00
Jamie Raskin,D · 하원 MD-08 · 법사위 간사,입국 제한 법안에 반대,2026-09-16 반대표; 쿠팡 유출 과징금 보도를 심의 기록에 제출,이번 범위에서 금전·전직 참모 연결 미확인.,해외 법 집행과 주권을 중시한 반대 사례. 의회 전체가 쿠팡 편이라는 설명을 반박한다.,"markup,vote,sepnews",0,0
Jerrold Nadler,D · 하원 NY-12 · 법사위원,해외 규제 무력화에 대한 비판 보도,2026-09-16 비판 발언 보도. 공식 표결표에는 본인 표기 없음.,이번 범위에서 직접 연결 미확인.,비판 발언 보도와 표결을 분리한다. 반대 8명에 포함시키지 않는다.,"sepnews,vote",0,0
