member,korean,party,coupac_net,coupang_employee_reported_sum,external_lobbyist_reported_sum,external_lobbyist_since2025,external_lobbyist_samequarter,external_registrant_reported_sum,ld203_items,first_contribution,last_contribution,rsc_signer
John Moolenaar,존 물레나르,R,0,0,7250.00,4000.00,2500.00,0,7,2019-05-14,2025-09-17,False
Rob Wittman,롭 위트먼,R,1000.0,0,9000.00,0,0,6000.00,18,2008-03-11,2025-11-21,False
Andy Barr,앤디 바,R,0,0,25250.00,18000.00,6500.00,10000.00,26,2013-07-22,2026-04-27,False
Dan Newhouse,댄 뉴하우스,R,0,0,16150.00,4750.00,0,0,14,2016-06-01,2025-10-29,True
Darin LaHood,대린 라후드,R,5000.0,0,33000.00,9000.00,9500.00,15800.00,42,2016-04-18,2026-04-20,False
Neal Dunn,닐 던,R,0,0,7650.00,0,0,1750.00,8,2016-11-01,2024-04-24,False
Dusty Johnson,더스티 존슨,R,0,0,5500.00,0,0,0,4,2018-09-18,2024-06-28,True
Ashley Hinson,애슐리 힌슨,R,0,0,42650.00,25750.00,16750.00,5000.00,40,2019-09-26,2026-05-26,False
Carlos Gimenez,카를로스 히메네스,R,0,0,26500.00,17000.00,17000.00,2250.00,11,2020-06-29,2026-05-29,False
Gus Bilirakis,거스 빌리라키스,R,0,0,8750.00,250.00,250.00,13625.00,21,2011-07-25,2026-06-10,True
Young Kim,영 김,R,10000.0,250.00,13950.00,0,0,0,12,2018-09-21,2026-05-22,True
Nathaniel Moran,너새니얼 모런,R,0,0,1000.00,1000.00,500.00,5000.00,7,2023-10-30,2026-05-01,False
Zach Nunn,잭 넌(Zach Nunn),R,0,0,9500.00,6000.00,6000.00,0,7,2023-05-23,2026-06-26,True
Ro Khanna,로 칸나,D,0,0,0,0,0,0,0,,,False
Raja Krishnamoorthi,라자 크리슈나무르티,D,0,0,1000.00,0,1000.00,3000.00,4,2018-06-11,2023-09-22,False
Kathy Castor,캐시 캐스터,D,0,0,0,0,0,10035.90,19,2008-07-31,2024-09-26,False
Andre Carson,앙드레 카슨,D,0,0,0,0,0,750.00,1,2008-04-09,2008-04-09,False
Seth Moulton,세스 몰턴,D,0,0,0,0,0,750.00,1,2017-06-20,2017-06-20,False
Haley Stevens,헤일리 스티븐스,D,0,0,11776.25,10000.00,5000.00,2500.00,20,2019-12-09,2026-03-28,False
Ritchie Torres,리치 토레스,D,0,0,3750.00,0,0,2000.00,7,2021-06-15,2023-11-14,False
Shontel Brown,숀텔 브라운,D,0,0,1250.00,0,0,750.00,3,2021-07-24,2023-11-28,False
Greg Stanton,그레그 스탠턴,D,0,0,2000.00,0,1500.00,1375.00,6,2022-06-15,2024-09-22,False
Jill Tokuda,질 도쿠다,D,0,0,0,0,0,0,0,,,False
Tom Suozzi,톰 수오지,D,0,0,500.00,500.00,250.00,2750.00,6,2021-11-05,2026-05-19,False
