filing_uuid,filing_year,filing_period,filing_type,filing_type_display,dt_posted,registrant_id,registrant,lobbyist_id,filer_lobbyist,source_url,filer_type,no_contributions,pacs,contribution_items,selected_latest_report
38af8b41-b699-42f2-8380-624a1baa9540,2021,year_end,YY,Year-End Report,2022-01-31T09:10:10.533000-05:00,401106168,"COUPANG, INC.",,,https://lda.gov/filings/public/contribution/38af8b41-b699-42f2-8380-624a1baa9540/print/,Registrant,True,[],0,True
39b26611-8f84-4898-83a3-a412170d95f3,2021,year_end,YY,Year-End Report,2022-06-09T22:15:33-04:00,401106168,"COUPANG, INC.",137906,ALEX NELSON WONG,https://lda.gov/filings/public/contribution/39b26611-8f84-4898-83a3-a412170d95f3/print/,Lobbyist,True,[],0,False
1493f611-d357-4ae2-876d-606fce98d2e8,2021,year_end,YY,Year-End Report,2022-06-09T22:15:40-04:00,401106168,"COUPANG, INC.",137906,ALEX NELSON WONG,https://lda.gov/filings/public/contribution/1493f611-d357-4ae2-876d-606fce98d2e8/print/,Lobbyist,True,[],0,True
55d6b3d3-70a1-4488-9b5c-76ff7db858bd,2022,mid_year,MM,Mid-Year Report,2022-08-01T10:48:07-04:00,401106168,"COUPANG, INC.",,,https://lda.gov/filings/public/contribution/55d6b3d3-70a1-4488-9b5c-76ff7db858bd/print/,Registrant,True,[],0,True
12283126-3fde-4bff-8786-833c0e568583,2022,mid_year,MM,Mid-Year Report,2022-08-01T10:48:48-04:00,401106168,"COUPANG, INC.",137906,ALEX NELSON WONG,https://lda.gov/filings/public/contribution/12283126-3fde-4bff-8786-833c0e568583/print/,Lobbyist,True,[],0,True
2f6e70c1-546c-4a8d-a29e-b2e19c516880,2022,year_end,YY,Year-End Report,2023-01-19T10:05:53-05:00,401106168,"COUPANG, INC.",137906,ALEX NELSON WONG,https://lda.gov/filings/public/contribution/2f6e70c1-546c-4a8d-a29e-b2e19c516880/print/,Lobbyist,True,[],0,True
8991ba8e-a0c0-4d13-af40-0847383c5e61,2022,year_end,YY,Year-End Report,2023-01-19T10:08:46-05:00,401106168,"COUPANG, INC.",,,https://lda.gov/filings/public/contribution/8991ba8e-a0c0-4d13-af40-0847383c5e61/print/,Registrant,True,[],0,True
9b9172a7-4038-4678-9296-5beb5c5d8bda,2023,mid_year,MM,Mid-Year Report,2023-07-25T11:53:38-04:00,401106168,"COUPANG, INC.",,,https://lda.gov/filings/public/contribution/9b9172a7-4038-4678-9296-5beb5c5d8bda/print/,Registrant,True,[],0,True
78a5e59a-592c-4d14-a8f3-1a446d3e15a1,2023,mid_year,MM,Mid-Year Report,2023-10-18T11:42:03-04:00,401106168,"COUPANG, INC.",137906,ALEX NELSON WONG,https://lda.gov/filings/public/contribution/78a5e59a-592c-4d14-a8f3-1a446d3e15a1/print/,Lobbyist,True,[],0,True
486122b0-2b87-44bd-9041-e992089992a4,2023,year_end,YY,Year-End Report,2024-01-23T16:38:55-05:00,401106168,"COUPANG, INC.",145063,BILL ANAYA,https://lda.gov/filings/public/contribution/486122b0-2b87-44bd-9041-e992089992a4/print/,Lobbyist,False,[],3,True
8a9de861-efe9-4958-b00e-a93545684fea,2023,year_end,YY,Year-End Report,2024-01-24T11:05:16-05:00,401106168,"COUPANG, INC.",137906,ALEX NELSON WONG,https://lda.gov/filings/public/contribution/8a9de861-efe9-4958-b00e-a93545684fea/print/,Lobbyist,True,[],0,True
fe3cf725-2772-4963-8e95-e5800a960b99,2023,year_end,YY,Year-End Report,2024-01-25T16:03:59-05:00,401106168,"COUPANG, INC.",,,https://lda.gov/filings/public/contribution/fe3cf725-2772-4963-8e95-e5800a960b99/print/,Registrant,True,[],0,True
2dee617b-677e-4ab5-b664-76826f4e39e1,2024,mid_year,MM,Mid-Year Report,2024-07-19T19:14:22-04:00,401106168,"COUPANG, INC.",137906,ALEX NELSON WONG,https://lda.gov/filings/public/contribution/2dee617b-677e-4ab5-b664-76826f4e39e1/print/,Lobbyist,True,[],0,True
201156cf-c238-45ad-ac01-6184a89d0f6f,2024,mid_year,MM,Mid-Year Report,2024-07-24T16:04:51-04:00,401106168,"COUPANG, INC.",145063,BILL ANAYA,https://lda.gov/filings/public/contribution/201156cf-c238-45ad-ac01-6184a89d0f6f/print/,Lobbyist,False,[],4,True
f41d4f69-2c93-48c1-a661-fa2db0add8f5,2024,mid_year,MM,Mid-Year Report,2024-07-25T09:31:05-04:00,401106168,"COUPANG, INC.",,,https://lda.gov/filings/public/contribution/f41d4f69-2c93-48c1-a661-fa2db0add8f5/print/,Registrant,True,[],0,True
9debf47c-8f3c-4329-acea-6f8c7d2e21d6,2024,year_end,YY,Year-End Report,2025-01-25T13:39:25-05:00,401106168,"COUPANG, INC.",137906,ALEX NELSON WONG,https://lda.gov/filings/public/contribution/9debf47c-8f3c-4329-acea-6f8c7d2e21d6/print/,Lobbyist,False,[],1,True
8bec316e-02c0-4399-8035-b04dce9ccd88,2024,year_end,YY,Year-End Report,2025-01-28T16:00:24-05:00,401106168,"COUPANG, INC.",145063,BILL ANAYA,https://lda.gov/filings/public/contribution/8bec316e-02c0-4399-8035-b04dce9ccd88/print/,Lobbyist,False,"[""Coupang, Inc. Company PAC""]",2,True
ff18d915-1b55-4cb8-812c-c4e7ab4eee7b,2024,year_end,YY,Year-End Report,2025-01-30T09:27:31-05:00,401106168,"COUPANG, INC.",,,https://lda.gov/filings/public/contribution/ff18d915-1b55-4cb8-812c-c4e7ab4eee7b/print/,Registrant,False,[],1,True
bc9c94ef-8c20-401c-b67a-8f94ba4d1ce7,2024,year_end,YY,Year-End Report,2025-01-30T12:30:20-05:00,401106168,"COUPANG, INC.",147684,ARI ZIMMERMAN,https://lda.gov/filings/public/contribution/bc9c94ef-8c20-401c-b67a-8f94ba4d1ce7/print/,Lobbyist,False,"[""coupac""]",1,True
95a99b2c-c8a6-42ca-832f-4b63efb312f4,2025,mid_year,MM,Mid-Year Report,2025-07-15T12:02:39-04:00,401106168,"COUPANG, INC.",147684,ARI ZIMMERMAN,https://lda.gov/filings/public/contribution/95a99b2c-c8a6-42ca-832f-4b63efb312f4/print/,Lobbyist,False,"[""Coupang, Inc Company PAC""]",3,True
72244891-4140-4f1a-b1df-acac1cd0be1a,2025,mid_year,MM,Mid-Year Report,2025-07-21T14:20:13-04:00,401106168,"COUPANG, INC.",150796,JASON ALEXANDER PARK,https://lda.gov/filings/public/contribution/72244891-4140-4f1a-b1df-acac1cd0be1a/print/,Lobbyist,False,"[""Asian American Action Fund""]",3,True
a8a7fc75-34ea-41ac-947e-a8da2ebb1d89,2025,mid_year,MM,Mid-Year Report,2025-07-29T17:31:29-04:00,401106168,"COUPANG, INC.",145063,BILL ANAYA,https://lda.gov/filings/public/contribution/a8a7fc75-34ea-41ac-947e-a8da2ebb1d89/print/,Lobbyist,True,[],0,True
09739cb6-f777-443c-b143-a2e0639b260a,2025,mid_year,MM,Mid-Year Report,2025-07-30T21:41:34-04:00,401106168,"COUPANG, INC.",,,https://lda.gov/filings/public/contribution/09739cb6-f777-443c-b143-a2e0639b260a/print/,Registrant,False,"[""Coupang, Inc. Company PAC (CouPAC)""]",22,True
c6bdd599-3792-4820-99d0-0456fb97c74b,2025,year_end,YY,Year-End Report,2026-01-21T15:01:38-05:00,401106168,"COUPANG, INC.",145063,BILL ANAYA,https://lda.gov/filings/public/contribution/c6bdd599-3792-4820-99d0-0456fb97c74b/print/,Lobbyist,False,"[""Coupang, Inc. Company PAC""]",1,True
10d0a622-bb33-497a-888d-add64b2557d4,2025,year_end,YY,Year-End Report,2026-01-27T13:28:20-05:00,401106168,"COUPANG, INC.",150796,JASON ALEXANDER PARK,https://lda.gov/filings/public/contribution/10d0a622-bb33-497a-888d-add64b2557d4/print/,Lobbyist,False,"[""Coupang PAC""]",1,True
b714a882-e2ea-4a80-8de5-0c117111608d,2025,year_end,YY,Year-End Report,2026-01-30T19:08:31-05:00,401106168,"COUPANG, INC.",,,https://lda.gov/filings/public/contribution/b714a882-e2ea-4a80-8de5-0c117111608d/print/,Registrant,False,"[""Coupang Inc. Company PAC (CouPAC)""]",19,True
e2b102cf-74c5-4893-8c1e-90cc074cbd8f,2025,year_end,YY,Year-End Report,2026-01-30T21:05:22-05:00,401106168,"COUPANG, INC.",147684,ARI ZIMMERMAN,https://lda.gov/filings/public/contribution/e2b102cf-74c5-4893-8c1e-90cc074cbd8f/print/,Lobbyist,False,"[""Carol for Congress""]",1,True
e3d5d09a-9f6f-40d2-a081-fbc03394f08f,2026,mid_year,MM,Mid-Year Report,2026-07-28T13:45:01-04:00,401106168,"COUPANG, INC.",145063,BILL ANAYA,https://lda.gov/filings/public/contribution/e3d5d09a-9f6f-40d2-a081-fbc03394f08f/print/,Lobbyist,False,"[""Coupang, Inc. Company PAC""]",1,True
cf170988-110f-4fb4-81fe-10fc9b69c351,2026,mid_year,MM,Mid-Year Report,2026-07-29T14:13:23-04:00,401106168,"COUPANG, INC.",150796,JASON ALEXANDER PARK,https://lda.gov/filings/public/contribution/cf170988-110f-4fb4-81fe-10fc9b69c351/print/,Lobbyist,False,[],4,False
71c35b35-c6c3-4216-b37f-236b06d25d0b,2026,mid_year,MA,Mid-Year Amendment,2026-07-29T14:14:44-04:00,401106168,"COUPANG, INC.",150796,JASON ALEXANDER PARK,https://lda.gov/filings/public/contribution/71c35b35-c6c3-4216-b37f-236b06d25d0b/print/,Lobbyist,False,"[""Coupang PAC""]",4,True
32f7b0a4-08f8-457c-af44-588c104ad0e8,2026,mid_year,MM,Mid-Year Report,2026-07-30T12:26:32-04:00,401106168,"COUPANG, INC.",147684,ARI ZIMMERMAN,https://lda.gov/filings/public/contribution/32f7b0a4-08f8-457c-af44-588c104ad0e8/print/,Lobbyist,True,"[""coupac""]",0,True
0522b121-471b-4878-882c-a7be667edd4f,2026,mid_year,MM,Mid-Year Report,2026-07-30T19:22:12-04:00,401106168,"COUPANG, INC.",,,https://lda.gov/filings/public/contribution/0522b121-471b-4878-882c-a7be667edd4f/print/,Registrant,False,"[""Coupang Inc. Company PAC (CouPAC)""]",26,True
