year,quarter,amount_usd,source_url,filing_uuid
2021,3,450000,https://lda.gov/filings/public/filing/094e2925-30c9-497c-b32f-ede83018b465/print/,094e2925-30c9-497c-b32f-ede83018b465
2021,4,490000,https://lda.gov/filings/public/filing/0a5e4e20-20c2-47d6-8cf2-f31273c7cbfa/print/,0a5e4e20-20c2-47d6-8cf2-f31273c7cbfa
2022,1,360000,https://lda.gov/filings/public/filing/e1ad86d7-99d0-40ae-8890-248ad619ae29/print/,e1ad86d7-99d0-40ae-8890-248ad619ae29
2022,2,440000,https://lda.gov/filings/public/filing/b63db9f3-96c7-4d20-b8c9-14931c589afd/print/,b63db9f3-96c7-4d20-b8c9-14931c589afd
2022,3,270000,https://lda.gov/filings/public/filing/40550f86-bcb7-4157-8ac0-08c0e318a0e9/print/,40550f86-bcb7-4157-8ac0-08c0e318a0e9
2022,4,140000,https://lda.gov/filings/public/filing/a5d037e5-8ce6-4ecb-9cdb-42ef9f217338/print/,a5d037e5-8ce6-4ecb-9cdb-42ef9f217338
2023,1,120000,https://lda.gov/filings/public/filing/2a3fd9cc-e9e9-4897-8288-69ffb47eb132/print/,2a3fd9cc-e9e9-4897-8288-69ffb47eb132
2023,2,690000,https://lda.gov/filings/public/filing/bbaa803f-6dea-43a1-bf5b-a316680000e5/print/,bbaa803f-6dea-43a1-bf5b-a316680000e5
2023,3,110000,https://lda.gov/filings/public/filing/1e73332b-0b6f-4f59-8b5f-c754edc0011c/print/,1e73332b-0b6f-4f59-8b5f-c754edc0011c
2023,4,510000,https://lda.gov/filings/public/filing/f16b4ef3-377c-408c-8510-96aefaced84e/print/,f16b4ef3-377c-408c-8510-96aefaced84e
2024,1,830000,https://lda.gov/filings/public/filing/47f0d26e-ea57-4fbe-b16d-ea2e2bc3e5a8/print/,47f0d26e-ea57-4fbe-b16d-ea2e2bc3e5a8
2024,2,740000,https://lda.gov/filings/public/filing/59409478-4672-4412-b819-46c740ff9cdb/print/,59409478-4672-4412-b819-46c740ff9cdb
2024,3,730000,https://lda.gov/filings/public/filing/7f1a20a0-72fb-4b41-8f22-673c74a4a792/print/,7f1a20a0-72fb-4b41-8f22-673c74a4a792
2024,4,1010000,https://lda.gov/filings/public/filing/afd21958-3eb1-43d6-8b65-1a5c5f4872a6/print/,afd21958-3eb1-43d6-8b65-1a5c5f4872a6
2025,1,580000,https://lda.gov/filings/public/filing/d6a62628-5116-407c-930b-e2ff2075e220/print/,d6a62628-5116-407c-930b-e2ff2075e220
2025,2,520000,https://lda.gov/filings/public/filing/b0183012-158e-42d0-9501-319b47a90178/print/,b0183012-158e-42d0-9501-319b47a90178
2025,3,590000,https://lda.gov/filings/public/filing/f852f554-8c83-404b-8e79-309613e03c66/print/,f852f554-8c83-404b-8e79-309613e03c66
2025,4,580000,https://lda.gov/filings/public/filing/77d080b1-32cb-4c3a-909b-508b7f2737fc/print/,77d080b1-32cb-4c3a-909b-508b7f2737fc
2026,1,1090000,https://lda.gov/filings/public/filing/79280409-68e5-40e2-a8db-6989b1c7fc9a/print/,79280409-68e5-40e2-a8db-6989b1c7fc9a
2026,2,1280000,https://lda.gov/filings/public/filing/334c6b03-9566-461f-b8b8-c0a8ca1d9c6a/print/,334c6b03-9566-461f-b8b8-c0a8ca1d9c6a
