recipient,recipient_id,candidate,committee_type,party,net_amount,transactions,first_date,last_date,source_url
NRCC,C00075820,,Y,REP,35478.19,3,2025-05-13,2026-01-02,https://www.fec.gov/data/committee/C00075820/
DCCC,C00000935,,Y,DEM,30000.0,2,2025-05-13,2026-01-02,https://www.fec.gov/data/committee/C00000935/
NRSC,C00027466,,Y,REP,30000.0,2,2025-04-29,2026-01-02,https://www.fec.gov/data/committee/C00027466/
DSCC,C00042366,,Y,DEM,30000.0,2,2025-04-29,2026-01-02,https://www.fec.gov/data/committee/C00042366/
ADRIAN SMITH FOR CONGRESS,C00412890,"SMITH, ADRIAN REP.",H,REP,10000.0,3,2025-04-29,2025-11-21,https://www.fec.gov/data/committee/C00412890/
DELBENE FOR CONGRESS,C00459099,"DELBENE, SUZAN REP.",H,DEM,10000.0,2,2025-08-29,2025-11-21,https://www.fec.gov/data/committee/C00459099/
BERA FOR CONGRESS,C00461061,"BERA, AMI REP.",H,DEM,10000.0,3,2025-04-29,2026-03-13,https://www.fec.gov/data/committee/C00461061/
CONCERNED AMERICANS FOR FREEDOM & OPPORTUNITY PAC (CAFO PAC),C00481176,,Q,,10000.0,2,2025-11-21,2026-01-02,https://www.fec.gov/data/committee/C00481176/
TED CRUZ FOR SENATE,C00492785,"CRUZ, TED SEN.",S,REP,10000.0,2,2025-08-29,2025-08-29,https://www.fec.gov/data/committee/C00492785/
BLUE HEN FEDERAL PAC,C00493700,,Q,,10000.0,2,2025-08-29,2026-03-13,https://www.fec.gov/data/committee/C00493700/
JASON SMITH FOR CONGRESS,C00541862,"SMITH, JASON REP.",H,REP,10000.0,2,2025-06-12,2025-06-12,https://www.fec.gov/data/committee/C00541862/
MR SOUTHERN MISSOURIAN IN THE HOUSE,C00563726,,Q,,10000.0,2,2025-06-12,2026-01-02,https://www.fec.gov/data/committee/C00563726/
CAROL FOR CONGRESS,C00653220,"MILLER, CAROL REP.",H,REP,10000.0,2,2025-08-29,2025-11-21,https://www.fec.gov/data/committee/C00653220/
TEAM HAGERTY,C00718627,"HAGERTY, BILL SEN.",S,REP,10000.0,3,2025-04-29,2026-03-13,https://www.fec.gov/data/committee/C00718627/
STRICKLAND FOR WASHINGTON,C00732826,"STRICKLAND, MARILYN REP.",H,DEM,10000.0,3,2025-04-29,2026-03-13,https://www.fec.gov/data/committee/C00732826/
FRIENDS OF MARK WARNER,C00438713,"WARNER, MARK R. SEN.",S,DEM,7500.0,2,2025-06-12,2026-05-06,https://www.fec.gov/data/committee/C00438713/
CHRIS COONS FOR DELAWARE,C00475392,"COONS, CHRIS SEN.",S,DEM,6000.0,2,2025-06-12,2026-03-13,https://www.fec.gov/data/committee/C00475392/
FRIENDS OF DON BEYER,C00555888,"BEYER, DON REP. JR.",H,DEM,6000.0,2,2025-08-29,2026-05-06,https://www.fec.gov/data/committee/C00555888/
NEW DEMOCRAT COALITION ACTION FUND,C00409730,,Q,,5000.0,1,2026-01-02,2026-01-02,https://www.fec.gov/data/committee/C00409730/
LEAD ENCOURAGE ELECT PAC,C00494302,,Q,,5000.0,1,2026-03-13,2026-03-13,https://www.fec.gov/data/committee/C00494302/
ASPIRE PAC,C00506907,,Q,,5000.0,1,2026-01-02,2026-01-02,https://www.fec.gov/data/committee/C00506907/
THOM TILLIS COMMITTEE,C00545772,"TILLIS, THOM SEN.",S,REP,5000.0,2,2025-04-29,2025-05-13,https://www.fec.gov/data/committee/C00545772/
LAHOOD FOR CONGRESS,C00575050,"LAHOOD, DARIN REP.",H,REP,5000.0,1,2026-03-13,2026-03-13,https://www.fec.gov/data/committee/C00575050/
VICENTE GONZALEZ FOR CONGRESS,C00592659,"GONZALEZ, VICENTE REP.",H,DEM,5000.0,2,2025-09-19,2026-05-06,https://www.fec.gov/data/committee/C00592659/
MIKE JOHNSON FOR LOUISIANA,C00608695,"JOHNSON, MIKE REP.",H,REP,5000.0,1,2026-03-13,2026-03-13,https://www.fec.gov/data/committee/C00608695/
YOUNG KIM FOR CONGRESS,C00665638,"KIM, YOUNG REP.",H,REP,5000.0,1,2025-06-12,2025-06-12,https://www.fec.gov/data/committee/C00665638/
FOREVER YOUTH ORGANIZATION UTILIZING A NEW GENERATION PAC,C00683508,,Q,OTH,5000.0,1,2025-11-21,2025-11-21,https://www.fec.gov/data/committee/C00683508/
DARRELL ISSA FOR CONGRESS,C00721332,"ISSA, DARRELL REP.",H,REP,5000.0,1,2025-11-21,2025-11-21,https://www.fec.gov/data/committee/C00721332/
DEMOCRATIC MAJORITY FUND,C00844720,,Q,,5000.0,1,2025-11-21,2025-11-21,https://www.fec.gov/data/committee/C00844720/
JIM COSTA FOR CONGRESS,C00391029,"COSTA, JIM REP.",H,DEM,2500.0,1,2026-03-13,2026-03-13,https://www.fec.gov/data/committee/C00391029/
MOORE FOR CONGRESS,C00397505,"MOORE, GWEN REP.",H,DEM,2500.0,1,2025-09-19,2025-09-19,https://www.fec.gov/data/committee/C00397505/
"COTTON FOR SENATE, INC.",C00499988,"COTTON, TOM SEN.",S,REP,2500.0,1,2026-03-13,2026-03-13,https://www.fec.gov/data/committee/C00499988/
SCHATZ FOR SENATE,C00540732,"SCHATZ, BRIAN SEN.",S,DEM,2500.0,1,2026-05-06,2026-05-06,https://www.fec.gov/data/committee/C00540732/
RUDY FOR INDIANA,C00822767,"YAKYM, RUDY REP. III",H,REP,2500.0,1,2026-03-13,2026-03-13,https://www.fec.gov/data/committee/C00822767/
DEREK TRAN FOR CONGRESS,C00851790,"TRAN, DEREK REP.",H,DEM,2500.0,1,2026-05-20,2026-05-20,https://www.fec.gov/data/committee/C00851790/
BRITT FOR ALABAMA INC,C00781443,"BRITT, KATIE SEN.",S,REP,2000.0,1,2026-03-13,2026-03-13,https://www.fec.gov/data/committee/C00781443/
MAX MILLER FOR CONGRESS,C00770818,"MILLER, MAX REP.",H,REP,1500.0,1,2025-11-21,2025-11-21,https://www.fec.gov/data/committee/C00770818/
ROB WITTMAN FOR CONGRESS,C00441014,"WITTMAN, ROB REP.",H,REP,1000.0,1,2025-11-21,2025-11-21,https://www.fec.gov/data/committee/C00441014/
FRIENDS OF MCCORMICK,C00706747,"MCCORMICK, RICH REP.",H,REP,1000.0,1,2025-09-19,2025-09-19,https://www.fec.gov/data/committee/C00706747/
SCOTT FITZGERALD FOR CONGRESS,C00720011,"FITZGERALD, SCOTT REP.",H,REP,1000.0,1,2026-01-15,2026-01-15,https://www.fec.gov/data/committee/C00720011/
MIKE ROGERS FOR CONGRESS,C00367862,"ROGERS, MIKE REP.",H,REP,0.0,2,2025-05-13,2025-09-22,https://www.fec.gov/data/committee/C00367862/
