name,party,state,vote,date,source_url
Jim Jordan,R,OH,찬성,2026-09-16,https://docs.house.gov/meetings/JU/JU00/20260916/119570/CRPT-119-JU00-Vote002-20260916.pdf
Darrell Issa,R,CA,찬성,2026-09-16,https://docs.house.gov/meetings/JU/JU00/20260916/119570/CRPT-119-JU00-Vote002-20260916.pdf
Andy Biggs,R,AZ,찬성,2026-09-16,https://docs.house.gov/meetings/JU/JU00/20260916/119570/CRPT-119-JU00-Vote002-20260916.pdf
Tom McClintock,R,CA,찬성,2026-09-16,https://docs.house.gov/meetings/JU/JU00/20260916/119570/CRPT-119-JU00-Vote002-20260916.pdf
Tom Tiffany,R,WI,표기 없음,2026-09-16,https://docs.house.gov/meetings/JU/JU00/20260916/119570/CRPT-119-JU00-Vote002-20260916.pdf
Thomas Massie,R,KY,표기 없음,2026-09-16,https://docs.house.gov/meetings/JU/JU00/20260916/119570/CRPT-119-JU00-Vote002-20260916.pdf
Chip Roy,R,TX,찬성,2026-09-16,https://docs.house.gov/meetings/JU/JU00/20260916/119570/CRPT-119-JU00-Vote002-20260916.pdf
Scott Fitzgerald,R,WI,찬성,2026-09-16,https://docs.house.gov/meetings/JU/JU00/20260916/119570/CRPT-119-JU00-Vote002-20260916.pdf
Ben Cline,R,VA,찬성,2026-09-16,https://docs.house.gov/meetings/JU/JU00/20260916/119570/CRPT-119-JU00-Vote002-20260916.pdf
Lance Gooden,R,TX,표기 없음,2026-09-16,https://docs.house.gov/meetings/JU/JU00/20260916/119570/CRPT-119-JU00-Vote002-20260916.pdf
Jeff Van Drew,R,NJ,찬성,2026-09-16,https://docs.house.gov/meetings/JU/JU00/20260916/119570/CRPT-119-JU00-Vote002-20260916.pdf
Troy Nehls,R,TX,표기 없음,2026-09-16,https://docs.house.gov/meetings/JU/JU00/20260916/119570/CRPT-119-JU00-Vote002-20260916.pdf
Barry Moore,R,AL,찬성,2026-09-16,https://docs.house.gov/meetings/JU/JU00/20260916/119570/CRPT-119-JU00-Vote002-20260916.pdf
Harriet Hageman,R,WY,표기 없음,2026-09-16,https://docs.house.gov/meetings/JU/JU00/20260916/119570/CRPT-119-JU00-Vote002-20260916.pdf
Laurel Lee,R,FL,찬성,2026-09-16,https://docs.house.gov/meetings/JU/JU00/20260916/119570/CRPT-119-JU00-Vote002-20260916.pdf
Wesley Hunt,R,TX,표기 없음,2026-09-16,https://docs.house.gov/meetings/JU/JU00/20260916/119570/CRPT-119-JU00-Vote002-20260916.pdf
Russell Fry,R,SC,찬성,2026-09-16,https://docs.house.gov/meetings/JU/JU00/20260916/119570/CRPT-119-JU00-Vote002-20260916.pdf
Kevin Kiley,R,CA,표기 없음,2026-09-16,https://docs.house.gov/meetings/JU/JU00/20260916/119570/CRPT-119-JU00-Vote002-20260916.pdf
Glenn Grothman,R,WI,찬성,2026-09-16,https://docs.house.gov/meetings/JU/JU00/20260916/119570/CRPT-119-JU00-Vote002-20260916.pdf
Brad Knott,R,NC,표기 없음,2026-09-16,https://docs.house.gov/meetings/JU/JU00/20260916/119570/CRPT-119-JU00-Vote002-20260916.pdf
Mark Harris,R,NC,표기 없음,2026-09-16,https://docs.house.gov/meetings/JU/JU00/20260916/119570/CRPT-119-JU00-Vote002-20260916.pdf
Bob Onder,R,MO,찬성,2026-09-16,https://docs.house.gov/meetings/JU/JU00/20260916/119570/CRPT-119-JU00-Vote002-20260916.pdf
Derek Schmidt,R,KS,찬성,2026-09-16,https://docs.house.gov/meetings/JU/JU00/20260916/119570/CRPT-119-JU00-Vote002-20260916.pdf
Brandon Gill,R,TX,표기 없음,2026-09-16,https://docs.house.gov/meetings/JU/JU00/20260916/119570/CRPT-119-JU00-Vote002-20260916.pdf
Michael Baumgartner,R,WA,찬성,2026-09-16,https://docs.house.gov/meetings/JU/JU00/20260916/119570/CRPT-119-JU00-Vote002-20260916.pdf
Jamie Raskin,D,MD,반대,2026-09-16,https://docs.house.gov/meetings/JU/JU00/20260916/119570/CRPT-119-JU00-Vote002-20260916.pdf
Jerrold Nadler,D,NY,표기 없음,2026-09-16,https://docs.house.gov/meetings/JU/JU00/20260916/119570/CRPT-119-JU00-Vote002-20260916.pdf
Zoe Lofgren,D,CA,표기 없음,2026-09-16,https://docs.house.gov/meetings/JU/JU00/20260916/119570/CRPT-119-JU00-Vote002-20260916.pdf
Steve Cohen,D,TN,표기 없음,2026-09-16,https://docs.house.gov/meetings/JU/JU00/20260916/119570/CRPT-119-JU00-Vote002-20260916.pdf
Hank Johnson,D,GA,반대,2026-09-16,https://docs.house.gov/meetings/JU/JU00/20260916/119570/CRPT-119-JU00-Vote002-20260916.pdf
Ted Lieu,D,CA,표기 없음,2026-09-16,https://docs.house.gov/meetings/JU/JU00/20260916/119570/CRPT-119-JU00-Vote002-20260916.pdf
Pramila Jayapal,D,WA,반대,2026-09-16,https://docs.house.gov/meetings/JU/JU00/20260916/119570/CRPT-119-JU00-Vote002-20260916.pdf
Lou Correa,D,CA,표기 없음,2026-09-16,https://docs.house.gov/meetings/JU/JU00/20260916/119570/CRPT-119-JU00-Vote002-20260916.pdf
Mary Gay Scanlon,D,PA,반대,2026-09-16,https://docs.house.gov/meetings/JU/JU00/20260916/119570/CRPT-119-JU00-Vote002-20260916.pdf
Joe Neguse,D,CO,표기 없음,2026-09-16,https://docs.house.gov/meetings/JU/JU00/20260916/119570/CRPT-119-JU00-Vote002-20260916.pdf
Lucy McBath,D,GA,표기 없음,2026-09-16,https://docs.house.gov/meetings/JU/JU00/20260916/119570/CRPT-119-JU00-Vote002-20260916.pdf
Deborah Ross,D,NC,반대,2026-09-16,https://docs.house.gov/meetings/JU/JU00/20260916/119570/CRPT-119-JU00-Vote002-20260916.pdf
Becca Balint,D,VT,반대,2026-09-16,https://docs.house.gov/meetings/JU/JU00/20260916/119570/CRPT-119-JU00-Vote002-20260916.pdf
Chuy Garcia,D,IL,반대,2026-09-16,https://docs.house.gov/meetings/JU/JU00/20260916/119570/CRPT-119-JU00-Vote002-20260916.pdf
Sydney Kamlager-Dove,D,CA,표기 없음,2026-09-16,https://docs.house.gov/meetings/JU/JU00/20260916/119570/CRPT-119-JU00-Vote002-20260916.pdf
Jared Moskowitz,D,FL,표기 없음,2026-09-16,https://docs.house.gov/meetings/JU/JU00/20260916/119570/CRPT-119-JU00-Vote002-20260916.pdf
Dan Goldman,D,NY,표기 없음,2026-09-16,https://docs.house.gov/meetings/JU/JU00/20260916/119570/CRPT-119-JU00-Vote002-20260916.pdf
Jasmine Crockett,D,TX,표기 없음,2026-09-16,https://docs.house.gov/meetings/JU/JU00/20260916/119570/CRPT-119-JU00-Vote002-20260916.pdf
Summer Lee,D,PA,반대,2026-09-16,https://docs.house.gov/meetings/JU/JU00/20260916/119570/CRPT-119-JU00-Vote002-20260916.pdf
