filing_uuid,filing_year,filing_period,dt_posted,registrant,lobbyist,covered_position,source_url
9ac941da-ab58-432e-8b1b-907d4812c36f,2025,first_quarter,2025-01-03T17:38:23-05:00,"MILLER STRATEGIES, LLC",JAMES TYLER GRIMM,"Chief Counsel, Policy and Strategy, Counsel, Chief Adviser, Policy,Strategy and Communications, Rep. Jim Jordan. Deputy Chief of Staff,Legislative Director, Senior Staff Member, Rep. Darrell Issa. Senior StaffMember, Rep. Jason Chaffetz",https://lda.gov/filings/public/filing/9ac941da-ab58-432e-8b1b-907d4812c36f/print/
2469e4d4-70a9-4ec2-bf59-899b701396c0,2025,first_quarter,2025-04-21T21:43:01-04:00,"MILLER STRATEGIES, LLC",JAMES TYLER GRIMM,"Chief Counsel, Policy and Strategy, Counsel, Chief Adviser, Policy, Strategy and Communications, Rep. Jim Jordan. Deputy Chief of Staff, Legislative Director, Senior Staff Member, Rep. Darrell Issa. Senior Staff Member, Rep. Jason Chaffetz",https://lda.gov/filings/public/filing/2469e4d4-70a9-4ec2-bf59-899b701396c0/print/
491655eb-09d0-4d07-88b2-c3e65d6fab2f,2025,first_quarter,2025-02-10T18:55:09-05:00,"CONTINENTAL STRATEGY, LLC",ALBERTO ENRIQUE MARTINEZ,Chief of Staff for Marco Rubio,https://lda.gov/filings/public/filing/491655eb-09d0-4d07-88b2-c3e65d6fab2f/print/
18975d8f-9f25-4f5f-af99-88c77919252f,2025,first_quarter,2025-04-16T09:36:25-04:00,"CONTINENTAL STRATEGY, LLC",ALBERTO ENRIQUE MARTINEZ,Chief of Staff to Marco Rubio,https://lda.gov/filings/public/filing/18975d8f-9f25-4f5f-af99-88c77919252f/print/
8f3f0c3d-76df-4cfd-907a-78175ca57d5b,2025,second_quarter,2025-07-18T16:16:13-04:00,"CONTINENTAL STRATEGY, LLC",ALBERTO ENRIQUE MARTINEZ,Chief of Staff to Marco Rubio,https://lda.gov/filings/public/filing/8f3f0c3d-76df-4cfd-907a-78175ca57d5b/print/
8efbef6e-e53b-4fb6-b888-58e074ffe1b5,2025,third_quarter,2025-10-20T12:52:24-04:00,"CONTINENTAL STRATEGY, LLC",ALBERTO ENRIQUE MARTINEZ,Chief of Staff to Marco Rubio,https://lda.gov/filings/public/filing/8efbef6e-e53b-4fb6-b888-58e074ffe1b5/print/
8c060cf7-8e46-4be5-83ef-e47b655f0a9d,2025,fourth_quarter,2026-01-19T12:26:37-05:00,"CONTINENTAL STRATEGY, LLC",ALBERTO ENRIQUE MARTINEZ,Chief of Staff to Marco Rubio,https://lda.gov/filings/public/filing/8c060cf7-8e46-4be5-83ef-e47b655f0a9d/print/
c0e6d02a-03c9-4305-900c-4c7f79423822,2026,first_quarter,2026-04-17T15:03:33-04:00,"CONTINENTAL STRATEGY, LLC",ALBERTO ENRIQUE MARTINEZ,Chief of Staff to Marco Rubio,https://lda.gov/filings/public/filing/c0e6d02a-03c9-4305-900c-4c7f79423822/print/
ca541b9e-c379-483a-bf96-39f11cd72089,2026,second_quarter,2026-07-19T10:42:05-04:00,"CONTINENTAL STRATEGY, LLC",ALBERTO ENRIQUE MARTINEZ,Chief of Staff to Marco Rubio,https://lda.gov/filings/public/filing/ca541b9e-c379-483a-bf96-39f11cd72089/print/
