filing_uuid,registrant,filer,lobbyist_id,coupang_named_lobbyist,year,period,posted,selected_latest,contributor,payee,honoree,amount,date,source
0885670b-aa95-486e-8e9f-7493ca950ad1,AKIN GUMP STRAUSS HAUER & FELD,DAVID LEE PORTEOUS,56965,False,2014,year_end,2015-01-29T09:18:37.850000-05:00,True,"PORTEOUS, DAVID LEE",JOHN MOOLENAAR FOR CONGRESS,John Moolenaar for Congress,1000.00,2014-07-25,https://lda.gov/filings/public/contribution/0885670b-aa95-486e-8e9f-7493ca950ad1/print/
6abc4895-820e-43be-b49a-de3b1fe82390,AKIN GUMP STRAUSS HAUER & FELD,DAVID LEE PORTEOUS,56965,False,2016,year_end,2017-01-04T15:04:37.143000-05:00,True,"PORTEOUS, DAVID LEE",COMMITTEE TO RE-ELECT JOHN MOOLENAAR,Committee to Re-Elect John Moolenaar,1000.00,2016-09-30,https://lda.gov/filings/public/contribution/6abc4895-820e-43be-b49a-de3b1fe82390/print/
da4730c9-2efe-4ddc-a06f-16e17d212e34,AKIN GUMP STRAUSS HAUER & FELD,LAMAR  SMITH,70608,True,2019,mid_year,2019-07-25T11:00:04.750000-04:00,True,TEXANS FOR LAMAR SMITH,MOOLENAAR FOR CONGRESS,JOHN MOOLENAAR,1000.00,2019-05-14,https://lda.gov/filings/public/contribution/da4730c9-2efe-4ddc-a06f-16e17d212e34/print/
b7383b86-7ddd-4cc7-8182-7a296ea5b0ee,AKIN GUMP STRAUSS HAUER & FELD,RYAN  ELLIS,59407,False,2021,mid_year,2021-07-28T22:15:01.167000-04:00,True,"ELLIS, RYAN",JOHN MOOLENAAR,John Moolenaar,500.00,2021-06-24,https://lda.gov/filings/public/contribution/b7383b86-7ddd-4cc7-8182-7a296ea5b0ee/print/
a70e9cd9-e21c-4735-905c-5ed91e6132c9,AKIN GUMP STRAUSS HAUER & FELD,LAMAR  SMITH,70608,True,2021,year_end,2022-08-08T15:36:00-04:00,True,TEXANS FOR LAMAR SMITH,MOOLENAAR FOR CONGRESS,Rep. John Robert Moolenaar,1000.00,2021-07-12,https://lda.gov/filings/public/contribution/a70e9cd9-e21c-4735-905c-5ed91e6132c9/print/
0daab805-9c79-4a3c-ad4d-02efdba6efb4,AKIN GUMP STRAUSS HAUER & FELD,LAMAR  SMITH,70608,True,2023,mid_year,2023-07-25T17:44:41-04:00,True,TEXANS FOR LAMAR SMITH,MOOLENAAR FOR CONGRESS,John Moolenaar,1000.00,2023-05-18,https://lda.gov/filings/public/contribution/0daab805-9c79-4a3c-ad4d-02efdba6efb4/print/
a0bd94d2-26a2-41d9-b6b2-b3c25fdee956,AKIN GUMP STRAUSS HAUER & FELD,LAMAR  SMITH,70608,True,2025,year_end,2026-01-26T15:55:55-05:00,True,SELF,MOOLENAAR FOR CONGRESS,John Moolenaar,1500.00,2025-07-09,https://lda.gov/filings/public/contribution/a0bd94d2-26a2-41d9-b6b2-b3c25fdee956/print/
a0bd94d2-26a2-41d9-b6b2-b3c25fdee956,AKIN GUMP STRAUSS HAUER & FELD,LAMAR  SMITH,70608,True,2025,year_end,2026-01-26T15:55:55-05:00,True,SELF,MOOLENAAR FOR CONGRESS,John Moolenaar,1000.00,2025-09-17,https://lda.gov/filings/public/contribution/a0bd94d2-26a2-41d9-b6b2-b3c25fdee956/print/
40ddeab6-393f-4ee9-b1bf-39280141d9bb,"WILLIAMS AND JENSEN, PLLC",SUSAN  HIRSCHMANN,14682,True,2025,mid_year,2025-07-31T12:42:20-04:00,True,SELF,MOOLENAAR FOR CONGRESS,John Moolenaar,1500.00,2025-05-15,https://lda.gov/filings/public/contribution/40ddeab6-393f-4ee9-b1bf-39280141d9bb/print/
5742d175-1c47-43c8-97b3-33ff22ea2f3d,"CROSSROADS STRATEGIES, LLC",SALIM  ALAMEDDIN,67957,True,2024,mid_year,2024-07-29T15:43:45-04:00,True,SELF,MOOLENAAR FOR CONGRESS,Rep. John Moolenaar,250.00,2024-06-28,https://lda.gov/filings/public/contribution/5742d175-1c47-43c8-97b3-33ff22ea2f3d/print/
